setting,dataset,sample_id,candidate,psnr,ssim,vccrp
structure_only,compound_proxy,000004_jung_005_v00,docres_classical040_blend_0.95,15.5238391712668,0.4730163812637329,0.09048449557804006
structure_only,compound_proxy,000004_jung_005_v01,docres_classical040_blend_0.90,16.81975232327141,0.48715129494667053,0.6081337240034235
structure_only,compound_proxy,000005_jung_006_v00,classical_shadow_0.40,21.963546739754037,0.9600828289985657,0.08721647275759514
structure_only,compound_proxy,000005_jung_006_v01,docres_classical040_blend_0.70,20.248213077392823,0.747131884098053,0.2718286656774257
structure_only,compound_proxy,000013_jung_014_v00,docres_classical040_blend_0.95,16.494341073961177,0.5168617963790894,0.7068062842575586
structure_only,compound_proxy,000013_jung_014_v01,docres_classical040_blend_0.70,16.942845655058253,0.9326483607292175,0.06842460164196995
structure_only,compound_proxy,000016_jung_017_v00,classical_shadow_0.40,17.312870775055874,0.4676584005355835,0.1749014742674463
structure_only,compound_proxy,000016_jung_017_v01,docres_classical040_blend_0.70,29.08083805031829,0.9949883818626404,0.09536455108744613
structure_only,compound_proxy,000023_jung_024_v00,docres_classical040_blend_0.70,20.80795269629536,0.9872657060623169,0.04416467843433258
structure_only,compound_proxy,000023_jung_024_v01,docres_input_blend_0.80,19.177435414437596,0.6348728537559509,0.10986705826074761
structure_only,compound_proxy,000025_jung_026_v00,docres_input_blend_0.70,18.81233912724546,0.7591919898986816,0.11974399053957407
structure_only,compound_proxy,000025_jung_026_v01,docres_input_blend_0.70,25.393143681495545,0.9169530272483826,0.46030866644556323
structure_only,compound_proxy,000030_jung_031_v00,docres_classical040_blend_0.90,24.767116168264995,0.8610636591911316,0.3924651440544452
structure_only,compound_proxy,000030_jung_031_v01,docres_classical040_blend_0.70,25.480382615020886,0.9891568422317505,0.11494880549095743
structure_only,compound_proxy,000031_jung_032_v00,classical_shadow_0.40,22.49922346094474,0.9907900094985962,0.2187193943932153
structure_only,compound_proxy,000031_jung_032_v01,docres_input_blend_0.70,30.676644413623514,0.994358241558075,0.13877264577395132
structure_only,compound_proxy,000037_jung_038_v00,docres_input_blend_0.80,18.85890248452347,0.5322329998016357,0.9484045290853829
structure_only,compound_proxy,000037_jung_038_v01,docres_classical040_blend_0.90,22.748854297056052,0.7169021964073181,0.8981185658682785
structure_only,compound_proxy,000038_jung_039_v00,binary_docres_blend_0.75,15.71264227053593,0.7264304161071777,0.8319472972317025
structure_only,compound_proxy,000038_jung_039_v01,docres_classical040_blend_0.70,22.984874424480893,0.7478330731391907,0.7847533632384494
structure_only,compound_proxy,000043_jung_044_v00,docres_classical040_blend_0.90,20.290490767594925,0.5112611651420593,0.555730478729304
structure_only,compound_proxy,000043_jung_044_v01,docres_input_blend_0.70,20.262526527914044,0.6922286152839661,1.0
structure_only,compound_proxy,000046_jung_047_v00,classical_shadow_0.40,18.59560916153212,0.5597224235534668,0.030112524485564784
structure_only,compound_proxy,000046_jung_047_v01,docres_input_blend_0.70,21.106890407568855,0.5992380976676941,0.35064935908247585
structure_only,compound_proxy,000050_jung_051_v00,docres_input_blend_0.80,22.373383297955574,0.9042742848396301,0.6395447497106543
structure_only,compound_proxy,000050_jung_051_v01,docres_classical040_blend_0.70,19.577453586184493,0.7033208012580872,0.7410440123203621
structure_only,compound_proxy,000051_jung_052_v00,classical_shadow_0.40,18.447216706825113,0.5622367858886719,0.04489415003082431
structure_only,compound_proxy,000051_jung_052_v01,docres_classical040_blend_0.95,14.051581855673373,0.5252028107643127,0.15086196145121722
structure_only,compound_proxy,000057_jung_058_v00,docres_classical040_blend_0.70,18.907606048304128,0.5994526147842407,0.03956343795481454
structure_only,compound_proxy,000057_jung_058_v01,docres_classical040_blend_0.95,17.725537549314833,0.7293848395347595,1.0
structure_only,dibco18,dibco18_001,docres_classical040_blend_0.70,10.368727483428817,0.7136350870132446,0.06272448081501614
structure_only,dibco18,dibco18_007,docres_classical040_blend_0.70,14.415651848721048,0.7647356986999512,0.1168331348742937
structure_only,dibco18,dibco18_008,docres_binarization,19.496589516540503,0.9460956454277039,0.41837246412498874
structure_only,dibco19,dibco19_a_008,docres_binarization,19.782312627097905,0.951031506061554,0.7225976594845009
structure_only,jung,jung_003,docres_classical040_blend_0.95,24.39860262736977,0.9437568783760071,0.10775371906733144
structure_only,jung,jung_020,docres_classical040_blend_0.95,22.559780117497027,0.9337794780731201,0.07686408182622784
structure_only,jung,jung_029,docres_classical040_blend_0.95,24.518328973766348,0.9081172943115234,0.06488118683123423
structure_only,jung,jung_046,docres_classical040_blend_0.70,24.387999045730126,0.9432292580604553,0.053041091386435535
structure_only,jung,jung_048,docres_input_blend_0.70,23.040040614866175,0.9493050575256348,0.04365947694478334
structure_only,jung,jung_052,docres_classical040_blend_0.70,24.357165871484035,0.9454631805419922,0.05434806259264302
structure_only,jung,jung_053,docres_classical040_blend_0.95,24.12718322819551,0.9473910927772522,0.06347356153304073
structure_only,jung,jung_058,docres_classical040_blend_0.85,23.284402484313755,0.9407913088798523,0.06557642489568283
structure_only,jung,jung_061,docres_classical040_blend_0.70,23.741402632496545,0.9334319233894348,0.06123659596027298
structure_only,jung,jung_063,classical_shadow_0.70,18.09766990167966,0.882344663143158,0.08533684040776468
structure_only,jung,jung_067,docres_classical040_blend_0.70,23.34266182157026,0.8950330018997192,0.056846567268838855
structure_only,jung,jung_069,docres_classical040_blend_0.95,23.570743779022223,0.879854679107666,0.10347224468812077
structure_only,jung,jung_074,docres_classical040_blend_0.95,22.62766617927592,0.9479604363441467,0.062323352331497106
structure_only,jung,jung_075,docres_classical040_blend_0.95,22.937576388465253,0.9664886593818665,0.0696061564028646
structure_only,jung,jung_082,docres_classical040_blend_0.70,24.447564738891018,0.9721799492835999,0.05602694830560773
structure_only,kligler,natiCHW01_06,docres_classical040_blend_0.85,29.93145963791012,0.9592540860176086,0.4721348253270188
structure_only,kligler,natiCHW02_04,docres_input_blend_0.70,15.848758707702462,0.902313232421875,0.14932178275866637
structure_only,kligler,natiCHW02_05,classical_shadow_0.40,18.072012064642976,0.8967666625976562,0.19521551810518745
structure_only,kligler,natiCHW03_05,docres_classical040_blend_0.95,34.2856115172184,0.9569035768508911,0.3526254121542106
structure_only,kligler,natiCHW04_03,docres_classical040_blend_0.95,33.19073453275495,0.969333291053772,0.5408180906766427
structure_only,kligler,natiCHW04_05,docres_classical040_blend_0.95,29.98067291178124,0.9596495032310486,0.368858014253851
structure_only,kligler,natiCHW04_12,docres_classical040_blend_0.95,32.27306224777869,0.9637583494186401,0.3872786930279828
structure_only,kligler,natiCPO01_02,classical_shadow_0.40,21.247716496659482,0.9464111924171448,0.27283128348494945
structure_only,kligler,natiCPO02_02,docres_classical040_blend_0.95,28.980734308447488,0.9796654582023621,0.17868414665082655
structure_only,kligler,natiCPO03_01,docres_classical040_blend_0.95,33.18407289816069,0.9673749804496765,0.20438422248857147
structure_only,kligler,natiCPO03_09,docres_classical040_blend_0.85,32.65403924837258,0.963334858417511,0.22481258164597495
structure_only,kligler,natiCPO04_04,docres_classical040_blend_0.95,31.39565433080682,0.9597483277320862,0.19839782347039903
structure_only,kligler,natiCPO04_08,docres_classical040_blend_0.95,31.552190811018313,0.9613658785820007,0.20417661459693282
structure_only,kligler,natiCPO05_01,docres_classical040_blend_0.85,28.083885190437357,0.9665718674659729,0.19983886284349772
structure_only,kligler,natiCPO06_04,docres_classical040_blend_0.85,30.805167950709098,0.965350866317749,0.10251115904708008
structure_only,kligler,natiCPO06_05,docres_classical040_blend_0.95,25.7033714222945,0.9565160274505615,0.15740481307688414
structure_only,kligler,natiCPO06_06,docres_classical040_blend_0.80,26.635119706299363,0.961273729801178,0.1273140226151236
structure_only,kligler,natiCPO06_10,docres_classical040_blend_0.95,27.359290669049976,0.9248967170715332,0.19191080538512895
structure_only,kligler,natiCPO07_03,docres_classical040_blend_0.95,27.35785296288693,0.9483636617660522,0.44253617671582113
structure_only,kligler,natiCPO07_09,docres_classical040_blend_0.95,29.43834179771857,0.9141252636909485,0.3158452764216202
structure_only,kligler,natiCPO07_12,docres_classical040_blend_0.90,30.00378372970205,0.9297209978103638,0.24059930571019184
structure_only,kligler,natiCPO08_01,docres_classical040_blend_0.95,26.340600435017624,0.9715269804000854,0.09662294877093636
structure_only,kligler,natiCPO08_02,docres_classical040_blend_0.70,28.631450980806523,0.9765697717666626,0.06170951610240183
structure_only,kligler,natiCPO08_05,docres_classical040_blend_0.95,27.257918696677017,0.9725526571273804,0.10588235296922721
structure_only,kligler,natiCPO08_06,docres_classical040_blend_0.90,27.154784808039523,0.961370050907135,0.10440216028936189
structure_only,kligler,natiCPR01_01,docres_classical040_blend_0.70,26.27770017030255,0.9685094356536865,0.058924080021027
structure_only,kligler,natiCPR01_10,docres_classical040_blend_0.70,26.694305538810355,0.9474167227745056,0.05319974773050318
structure_only,kligler,natiCPR01_11,docres_classical040_blend_0.70,25.857590942291793,0.9345479011535645,0.043712779482482866
structure_only,kligler,natiCPR01_14,docres_classical040_blend_0.70,25.595896498472,0.9334339499473572,0.043893269559263426
structure_only,kligler,natiCPR02_10,docres_classical040_blend_0.95,27.67294936610936,0.9402205944061279,0.15304539173546294
structure_only,kligler,natiCPR02_12,docres_classical040_blend_0.95,26.815077003880706,0.9393082857131958,0.1569728920244009
structure_only,kligler,natiCPR03_07,docres_classical040_blend_0.85,29.891901034756224,0.9646561741828918,0.10402014178309238
structure_only,kligler,natiCPR03_09,docres_classical040_blend_0.95,27.176822890621636,0.9673387408256531,0.1409923810278546
structure_only,kligler,natiCPR03_11,docres_classical040_blend_0.95,28.71553764773747,0.9630534648895264,0.14835678173366795
structure_only,kligler,natiCPR04_06,docres_classical040_blend_0.95,30.812931533139466,0.9552860856056213,0.23251488100948547
structure_only,kligler,natiCPR04_09,docres_classical040_blend_0.95,30.709823554219863,0.9525705575942993,0.2171939074972764
structure_only,kligler,natiCPR04_11,docres_classical040_blend_0.90,29.79238786669058,0.9523207545280457,0.18878884699471477
structure_only,kligler,natiCPR05_03,docres_classical040_blend_0.85,28.6106493417886,0.9665518999099731,0.15423491223423957
structure_only,kligler,natiCPR05_07,docres_classical040_blend_0.80,31.87808246288703,0.9613686203956604,0.14222954423788292
structure_only,kligler,natiCPR05_12,docres_classical040_blend_0.95,30.163961857503004,0.9433093070983887,0.17316795716952893
structure_only,kligler,natiCSY01_02,docres_classical040_blend_0.85,27.380715425854195,0.9355969429016113,0.23421802786277868
structure_only,kligler,natiCSY01_04,docres_classical040_blend_0.95,26.71146035501532,0.9341444373130798,0.2935055713542303
structure_only,kligler,natiCSY01_07,docres_classical040_blend_0.80,25.53231251957278,0.9392399787902832,0.3223935532631851
structure_only,kligler,natiCSY01_08,docres_classical040_blend_0.95,25.1722552903869,0.9302104711532593,0.42136547971164473
structure_only,kligler,natiCSY01_11,docres_classical040_blend_0.70,19.130982603294324,0.8769203424453735,0.24622303613372953
structure_only,kligler,natiCSY01_12,docres_classical040_blend_0.80,28.02030908572178,0.9698378443717957,0.2214177471173201
structure_only,kligler,natiCSY01_15,docres_classical040_blend_0.85,27.622706770113574,0.9708419442176819,0.20840055477602104
structure_only,kligler,natiCSY02_01,docres_classical040_blend_0.95,30.34570377493576,0.9734639525413513,0.19077284450709087
structure_only,kligler,natiCSY02_02,docres_classical040_blend_0.95,28.16517852385123,0.9752157926559448,0.1578210156583859
structure_only,kligler,natiCSY02_10,docres_classical040_blend_0.70,29.66661706210187,0.9756647348403931,0.1527052650938283
structure_only,kligler,natiCSY03_02,docres_classical040_blend_0.80,33.61877618859018,0.9764516353607178,0.11220865706743155
structure_only,kligler,natiCSY03_03,docres_classical040_blend_0.80,30.459489419473677,0.9717348217964172,0.14666193970559793
structure_only,kligler,natiCSY03_05,docres_classical040_blend_0.95,29.474328435282402,0.9675540924072266,0.14811159364942517
structure_only,kligler,natiCSY03_06,docres_classical040_blend_0.90,29.281269727240073,0.9674035906791687,0.1279855194223658
structure_only,kligler,natiCSY04_06,docres_classical040_blend_0.85,28.472210905733427,0.9610791206359863,0.18674842087938404
structure_only,kligler,natiCSY04_14,docres_classical040_blend_0.95,27.545763075257106,0.9460063576698303,0.2019076648395326
structure_only,kligler,natiCSY04_15,docres_classical040_blend_0.80,29.413465687754794,0.9500588774681091,0.19538336864571715
structure_only,kligler,natiCSY06_02,docres_classical040_blend_0.95,23.867873666428913,0.9278667569160461,0.2630072841270157
structure_only,kligler,natiCSY06_04,docres_classical040_blend_0.80,23.72299074003007,0.9225780963897705,0.3025550546100402
structure_only,kligler,natiCSY06_11,docres_deshadow,26.003244631967096,0.941313624382019,0.19476040663148841
structure_only,kligler,natiCSY06_12,docres_classical040_blend_0.95,23.48762615165453,0.9286542534828186,0.3387138430179033
structure_only,kligler,natiCSY06_14,docres_classical040_blend_0.95,26.126793950200184,0.9367345571517944,0.19478121735523535
structure_only,kligler,natiCSY07_08,docres_classical040_blend_0.95,28.759260833287005,0.9695141911506653,0.1908691141266432
structure_only,kligler,natiCSY07_13,docres_classical040_blend_0.90,24.871719170604095,0.9659446477890015,0.18840579714186934
structure_foreground,compound_proxy,000004_jung_005_v00,docres_deshadow,15.514459453136686,0.47388091683387756,0.0995117147309208
structure_foreground,compound_proxy,000004_jung_005_v01,docres_classical040_blend_0.80,17.176390132057236,0.48723867535591125,0.7450176290111494
structure_foreground,compound_proxy,000005_jung_006_v00,classical_shadow_0.40,21.963546739754037,0.9600828289985657,0.089342090226083
structure_foreground,compound_proxy,000005_jung_006_v01,docres_classical040_blend_0.70,20.248213077392823,0.747131884098053,0.18047386746738964
structure_foreground,compound_proxy,000013_jung_014_v00,docres_classical040_blend_0.95,16.494341073961177,0.5168617963790894,0.4812828312220281
structure_foreground,compound_proxy,000013_jung_014_v01,docres_classical040_blend_0.70,16.942845655058253,0.9326483607292175,0.25677471286714687
structure_foreground,compound_proxy,000016_jung_017_v00,classical_shadow_0.40,17.312870775055874,0.4676584005355835,0.15017623219342155
structure_foreground,compound_proxy,000016_jung_017_v01,docres_classical040_blend_0.70,29.08083805031829,0.9949883818626404,0.3939328372034973
structure_foreground,compound_proxy,000023_jung_024_v00,docres_classical040_blend_0.70,20.80795269629536,0.9872657060623169,0.2925148897063352
structure_foreground,compound_proxy,000023_jung_024_v01,docres_input_blend_0.80,19.177435414437596,0.6348728537559509,0.42777168031048063
structure_foreground,compound_proxy,000025_jung_026_v00,docres_input_blend_0.70,18.81233912724546,0.7591919898986816,0.2617160931653593
structure_foreground,compound_proxy,000025_jung_026_v01,docres_input_blend_0.70,25.393143681495545,0.9169530272483826,0.40475822003625117
structure_foreground,compound_proxy,000030_jung_031_v00,docres_classical040_blend_0.90,24.767116168264995,0.8610636591911316,0.4697170005075072
structure_foreground,compound_proxy,000030_jung_031_v01,docres_classical040_blend_0.70,25.480382615020886,0.9891568422317505,0.43103851781561553
structure_foreground,compound_proxy,000031_jung_032_v00,classical_shadow_0.40,22.49922346094474,0.9907900094985962,0.23720829736621774
structure_foreground,compound_proxy,000031_jung_032_v01,docres_input_blend_0.70,30.676644413623514,0.994358241558075,0.44635384371182585
structure_foreground,compound_proxy,000037_jung_038_v00,docres_input_blend_0.80,18.85890248452347,0.5322329998016357,0.9668314829834606
structure_foreground,compound_proxy,000037_jung_038_v01,docres_classical040_blend_0.95,22.55957686117886,0.7125717401504517,0.9329844567801586
structure_foreground,compound_proxy,000038_jung_039_v00,docres_binarization,13.252111616471534,0.4991285800933838,0.9476951322429982
structure_foreground,compound_proxy,000038_jung_039_v01,docres_input_blend_0.95,22.26212289409019,0.70958411693573,0.3781625649219209
structure_foreground,compound_proxy,000043_jung_044_v00,docres_classical040_blend_0.80,20.19171801398159,0.509560227394104,0.5263593130638592
structure_foreground,compound_proxy,000043_jung_044_v01,docres_input_blend_0.70,20.262526527914044,0.6922286152839661,0.8511968038806211
structure_foreground,compound_proxy,000046_jung_047_v00,classical_shadow_0.40,18.59560916153212,0.5597224235534668,0.09495432770135354
structure_foreground,compound_proxy,000046_jung_047_v01,docres_input_blend_0.85,20.914363436733694,0.5993505716323853,0.43802035098558223
structure_foreground,compound_proxy,000050_jung_051_v00,docres_input_blend_0.80,22.373383297955574,0.9042742848396301,0.7682787676711349
structure_foreground,compound_proxy,000050_jung_051_v01,docres_classical040_blend_0.70,19.577453586184493,0.7033208012580872,0.7461014312853554
structure_foreground,compound_proxy,000051_jung_052_v00,classical_shadow_0.40,18.447216706825113,0.5622367858886719,0.09321256408151847
structure_foreground,compound_proxy,000051_jung_052_v01,docres_classical040_blend_0.95,14.051581855673373,0.5252028107643127,0.39804804302863717
structure_foreground,compound_proxy,000057_jung_058_v00,docres_classical040_blend_0.70,18.907606048304128,0.5994526147842407,0.14858881209762084
structure_foreground,compound_proxy,000057_jung_058_v01,docres_classical040_blend_0.95,17.725537549314833,0.7293848395347595,0.9417151010823184
structure_foreground,dibco18,dibco18_001,docres_binarization,24.626949580766507,0.9783604145050049,0.46400856873826
structure_foreground,dibco18,dibco18_007,docres_classical040_blend_0.95,14.190705113525826,0.7646551728248596,0.10948225285190669
structure_foreground,dibco18,dibco18_008,docres_binarization,19.496589516540503,0.9460956454277039,0.3411684618880768
structure_foreground,dibco19,dibco19_a_008,binary_docres_blend_0.90,20.04625135336162,0.9343979358673096,0.5138866653072094
structure_foreground,jung,jung_003,docres_classical040_blend_0.95,24.39860262736977,0.9437568783760071,0.4264131051147131
structure_foreground,jung,jung_020,docres_deshadow,22.691605108532066,0.9341093301773071,0.17944715550558782
structure_foreground,jung,jung_029,docres_input_blend_0.95,24.645469281739896,0.9088647365570068,0.2309041072814696
structure_foreground,jung,jung_046,docres_classical040_blend_0.80,23.55929863874641,0.9420727491378784,0.20081389669206612
structure_foreground,jung,jung_048,docres_input_blend_0.70,23.040040614866175,0.9493050575256348,0.2939972126265453
structure_foreground,jung,jung_052,docres_classical040_blend_0.70,24.357165871484035,0.9454631805419922,0.3766863688915646
structure_foreground,jung,jung_053,docres_classical040_blend_0.70,23.834148082908936,0.9467381834983826,0.3908411243544298
structure_foreground,jung,jung_058,docres_classical040_blend_0.85,23.284402484313755,0.9407913088798523,0.2536592807570756
structure_foreground,jung,jung_061,docres_classical040_blend_0.80,23.466196232616788,0.9320807456970215,0.30798289356899394
structure_foreground,jung,jung_063,classical_shadow_0.70,18.09766990167966,0.882344663143158,0.30924348465939244
structure_foreground,jung,jung_067,docres_classical040_blend_0.85,23.466999966368114,0.8950761556625366,0.39717158776364925
structure_foreground,jung,jung_069,docres_classical040_blend_0.95,23.570743779022223,0.879854679107666,0.3669646448144293
structure_foreground,jung,jung_074,docres_classical040_blend_0.70,23.759254696745806,0.9513347148895264,0.05482722395105534
structure_foreground,jung,jung_075,docres_classical040_blend_0.95,22.937576388465253,0.9664886593818665,0.40188967197327014
structure_foreground,jung,jung_082,docres_classical040_blend_0.70,24.447564738891018,0.9721799492835999,0.051542092376692765
structure_foreground,kligler,natiCHW01_06,docres_classical040_blend_0.85,29.93145963791012,0.9592540860176086,0.6606581019959407
structure_foreground,kligler,natiCHW02_04,docres_input_blend_0.70,15.848758707702462,0.902313232421875,0.40887598219023785
structure_foreground,kligler,natiCHW02_05,classical_shadow_0.40,18.072012064642976,0.8967666625976562,0.17146348740129644
structure_foreground,kligler,natiCHW03_05,docres_classical040_blend_0.95,34.2856115172184,0.9569035768508911,0.5838306220991354
structure_foreground,kligler,natiCHW04_03,docres_classical040_blend_0.85,32.136034629929014,0.969523012638092,0.7026269287445908
structure_foreground,kligler,natiCHW04_05,docres_classical040_blend_0.95,29.98067291178124,0.9596495032310486,0.5942658663060472
structure_foreground,kligler,natiCHW04_12,docres_classical040_blend_0.85,30.28001272240683,0.964353621006012,0.6036297960578075
structure_foreground,kligler,natiCPO01_02,classical_shadow_0.40,21.247716496659482,0.9464111924171448,0.20925483497286176
structure_foreground,kligler,natiCPO02_02,docres_classical040_blend_0.95,28.980734308447488,0.9796654582023621,0.47201123713267423
structure_foreground,kligler,natiCPO03_01,docres_classical040_blend_0.95,33.18407289816069,0.9673749804496765,0.4885327144569388
structure_foreground,kligler,natiCPO03_09,docres_classical040_blend_0.85,32.65403924837258,0.963334858417511,0.5016652310581268
structure_foreground,kligler,natiCPO04_04,docres_classical040_blend_0.80,30.008299558760434,0.9590634107589722,0.47747581491911895
structure_foreground,kligler,natiCPO04_08,docres_classical040_blend_0.95,31.552190811018313,0.9613658785820007,0.48839925224088543
structure_foreground,kligler,natiCPO05_01,docres_classical040_blend_0.85,28.083885190437357,0.9665718674659729,0.30774220479308817
structure_foreground,kligler,natiCPO06_04,docres_classical040_blend_0.85,30.805167950709098,0.965350866317749,0.29505262769650753
structure_foreground,kligler,natiCPO06_05,docres_classical040_blend_0.95,25.7033714222945,0.9565160274505615,0.4583316655494255
structure_foreground,kligler,natiCPO06_06,docres_classical040_blend_0.80,26.635119706299363,0.961273729801178,0.43898758596686516
structure_foreground,kligler,natiCPO06_10,docres_classical040_blend_0.70,26.128965219619488,0.922709047794342,0.4632802625187027
structure_foreground,kligler,natiCPO07_03,docres_classical040_blend_0.80,27.189795671805676,0.9486889839172363,0.6337842296412819
structure_foreground,kligler,natiCPO07_09,docres_classical040_blend_0.85,28.832771578992983,0.9135774970054626,0.5520560969977847
structure_foreground,kligler,natiCPO07_12,docres_classical040_blend_0.85,29.425931856697098,0.9293012022972107,0.4788004394473656
structure_foreground,kligler,natiCPO08_01,docres_classical040_blend_0.95,26.340600435017624,0.9715269804000854,0.4192576099241734
structure_foreground,kligler,natiCPO08_02,docres_classical040_blend_0.70,28.631450980806523,0.9765697717666626,0.3968132603515441
structure_foreground,kligler,natiCPO08_05,docres_classical040_blend_0.95,27.257918696677017,0.9725526571273804,0.42521008405164606
structure_foreground,kligler,natiCPO08_06,docres_classical040_blend_0.90,27.154784808039523,0.961370050907135,0.4242585316145898
structure_foreground,kligler,natiCPR01_01,docres_classical040_blend_0.80,26.189124308533863,0.9691545963287354,0.3971978263594749
structure_foreground,kligler,natiCPR01_10,docres_classical040_blend_0.80,26.950243768217423,0.9485692977905273,0.3448394526256918
structure_foreground,kligler,natiCPR01_11,docres_classical040_blend_0.70,25.857590942291793,0.9345479011535645,0.3570352702016988
structure_foreground,kligler,natiCPR01_14,docres_classical040_blend_0.80,25.310346803577666,0.9343934655189514,0.3817645973642609
structure_foreground,kligler,natiCPR02_10,docres_classical040_blend_0.95,27.67294936610936,0.9402205944061279,0.455529180401369
structure_foreground,kligler,natiCPR02_12,docres_classical040_blend_0.95,26.815077003880706,0.9393082857131958,0.4580540020156863
structure_foreground,kligler,natiCPR03_07,docres_classical040_blend_0.85,29.891901034756224,0.9646561741828918,0.3898715922161852
structure_foreground,kligler,natiCPR03_09,docres_classical040_blend_0.95,27.176822890621636,0.9673387408256531,0.44123359654815153
structure_foreground,kligler,natiCPR03_11,docres_classical040_blend_0.95,28.71553764773747,0.9630534648895264,0.4525150739716437
structure_foreground,kligler,natiCPR04_06,docres_classical040_blend_0.95,30.812931533139466,0.9552860856056213,0.5066167092203835
structure_foreground,kligler,natiCPR04_09,docres_classical040_blend_0.95,30.709823554219863,0.9525705575942993,0.4967675119625349
structure_foreground,kligler,natiCPR04_11,docres_classical040_blend_0.90,29.79238786669058,0.9523207545280457,0.4785071159251738
structure_foreground,kligler,natiCPR05_03,docres_classical040_blend_0.80,29.088628882794293,0.9648350477218628,0.4552266668269456
structure_foreground,kligler,natiCPR05_07,docres_classical040_blend_0.95,32.36811297767639,0.9603868126869202,0.45509127727363485
structure_foreground,kligler,natiCPR05_12,docres_classical040_blend_0.95,30.163961857503004,0.9433093070983887,0.4684651153232686
structure_foreground,kligler,natiCSY01_02,docres_classical040_blend_0.85,27.380715425854195,0.9355969429016113,0.5077115893403578
structure_foreground,kligler,natiCSY01_04,docres_classical040_blend_0.95,26.71146035501532,0.9341444373130798,0.5458250101562909
structure_foreground,kligler,natiCSY01_07,docres_classical040_blend_0.80,25.53231251957278,0.9392399787902832,0.5643958556691904
structure_foreground,kligler,natiCSY01_08,docres_classical040_blend_0.95,25.1722552903869,0.9302104711532593,0.6280206655289144
structure_foreground,kligler,natiCSY01_11,docres_input_blend_0.85,20.352371582557083,0.8801373839378357,0.5262634990971407
structure_foreground,kligler,natiCSY01_12,docres_classical040_blend_0.80,28.02030908572178,0.9698378443717957,0.49948283743256294
structure_foreground,kligler,natiCSY01_15,docres_classical040_blend_0.85,27.622706770113574,0.9708419442176819,0.41723648370318983
structure_foreground,kligler,natiCSY02_01,docres_classical040_blend_0.95,30.34570377493576,0.9734639525413513,0.47978254289741556
structure_foreground,kligler,natiCSY02_02,docres_classical040_blend_0.95,28.16517852385123,0.9752157926559448,0.45859922435181955
structure_foreground,kligler,natiCSY02_10,docres_classical040_blend_0.95,28.910716672829775,0.9735665321350098,0.4655424491091129
structure_foreground,kligler,natiCSY03_02,docres_classical040_blend_0.80,33.61877618859018,0.9764516353607178,0.3339843521446689
structure_foreground,kligler,natiCSY03_03,docres_classical040_blend_0.80,30.459489419473677,0.9717348217964172,0.45142553266788443
structure_foreground,kligler,natiCSY03_05,docres_classical040_blend_0.95,29.474328435282402,0.9675540924072266,0.45235745306034475
structure_foreground,kligler,natiCSY03_06,docres_classical040_blend_0.90,29.281269727240073,0.9674035906791687,0.4394192624858066
structure_foreground,kligler,natiCSY04_06,docres_classical040_blend_0.95,27.365196324200305,0.960216760635376,0.39591288126494384
structure_foreground,kligler,natiCSY04_14,docres_classical040_blend_0.95,27.545763075257106,0.9460063576698303,0.41752982650902964
structure_foreground,kligler,natiCSY04_15,docres_classical040_blend_0.95,28.070946599338388,0.9482516050338745,0.3453654377926337
structure_foreground,kligler,natiCSY06_02,docres_classical040_blend_0.95,23.867873666428913,0.9278667569160461,0.41700108426796656
structure_foreground,kligler,natiCSY06_04,docres_classical040_blend_0.80,23.72299074003007,0.9225780963897705,0.5516425351064544
structure_foreground,kligler,natiCSY06_11,docres_deshadow,26.003244631967096,0.941313624382019,0.23648725305569732
structure_foreground,kligler,natiCSY06_12,docres_classical040_blend_0.95,23.48762615165453,0.9286542534828186,0.5748874705115092
structure_foreground,kligler,natiCSY06_14,docres_classical040_blend_0.95,26.126793950200184,0.9367345571517944,0.3003537871743898
structure_foreground,kligler,natiCSY07_08,docres_classical040_blend_0.95,28.759260833287005,0.9695141911506653,0.47984443050998493
structure_foreground,kligler,natiCSY07_13,docres_classical040_blend_0.95,24.750238113673152,0.9663045406341553,0.4833795309425469
structure_foreground_appearance,compound_proxy,000004_jung_005_v00,classical_shadow_0.40,15.655339566709385,0.4562458395957947,0.1467031774232193
structure_foreground_appearance,compound_proxy,000004_jung_005_v01,docres_classical040_blend_0.90,16.81975232327141,0.48715129494667053,0.6228364278017446
structure_foreground_appearance,compound_proxy,000005_jung_006_v00,classical_shadow_0.40,21.963546739754037,0.9600828289985657,0.08335911022300228
structure_foreground_appearance,compound_proxy,000005_jung_006_v01,docres_classical040_blend_0.70,20.248213077392823,0.747131884098053,0.14636236441618128
structure_foreground_appearance,compound_proxy,000013_jung_014_v00,docres_classical040_blend_0.95,16.494341073961177,0.5168617963790894,0.3744159458962065
structure_foreground_appearance,compound_proxy,000013_jung_014_v01,docres_classical040_blend_0.70,16.942845655058253,0.9326483607292175,0.20749578397025237
structure_foreground_appearance,compound_proxy,000016_jung_017_v00,classical_shadow_0.40,17.312870775055874,0.4676584005355835,0.1384156912314999
structure_foreground_appearance,compound_proxy,000016_jung_017_v01,docres_classical040_blend_0.70,29.08083805031829,0.9949883818626404,0.3303847332732422
structure_foreground_appearance,compound_proxy,000023_jung_024_v00,docres_classical040_blend_0.70,20.80795269629536,0.9872657060623169,0.23580021231869933
structure_foreground_appearance,compound_proxy,000023_jung_024_v01,docres_input_blend_0.80,19.177435414437596,0.6348728537559509,0.3484936675467636
structure_foreground_appearance,compound_proxy,000025_jung_026_v00,docres_input_blend_0.70,18.81233912724546,0.7591919898986816,0.2090370774705212
structure_foreground_appearance,compound_proxy,000025_jung_026_v01,docres_input_blend_0.70,25.393143681495545,0.9169530272483826,0.35157596412887165
structure_foreground_appearance,compound_proxy,000030_jung_031_v00,docres_classical040_blend_0.90,24.767116168264995,0.8610636591911316,0.3779762871669382
structure_foreground_appearance,compound_proxy,000030_jung_031_v01,docres_classical040_blend_0.70,25.480382615020886,0.9891568422317505,0.36129434269049016
structure_foreground_appearance,compound_proxy,000031_jung_032_v00,classical_shadow_0.40,22.49922346094474,0.9907900094985962,0.200471124709457
structure_foreground_appearance,compound_proxy,000031_jung_032_v01,docres_input_blend_0.70,30.676644413623514,0.994358241558075,0.3988211474152957
structure_foreground_appearance,compound_proxy,000037_jung_038_v00,docres_input_blend_0.80,18.85890248452347,0.5322329998016357,0.8278174412831404
structure_foreground_appearance,compound_proxy,000037_jung_038_v01,docres_classical040_blend_0.95,22.55957686117886,0.7125717401504517,0.7883190201061844
structure_foreground_appearance,compound_proxy,000038_jung_039_v00,docres_binarization,13.252111616471534,0.4991285800933838,0.7474276667420302
structure_foreground_appearance,compound_proxy,000038_jung_039_v01,docres_classical040_blend_0.95,22.272086570756287,0.7164282202720642,0.37883017821849174
structure_foreground_appearance,compound_proxy,000043_jung_044_v00,docres_classical040_blend_0.80,20.19171801398159,0.509560227394104,0.4106895777100287
structure_foreground_appearance,compound_proxy,000043_jung_044_v01,docres_input_blend_0.70,20.262526527914044,0.6922286152839661,0.7108649030979151
structure_foreground_appearance,compound_proxy,000046_jung_047_v00,classical_shadow_0.40,18.59560916153212,0.5597224235534668,0.07978528310239288
structure_foreground_appearance,compound_proxy,000046_jung_047_v01,docres_input_blend_0.85,20.914363436733694,0.5993505716323853,0.34669479466104
structure_foreground_appearance,compound_proxy,000050_jung_051_v00,docres_input_blend_0.80,22.373383297955574,0.9042742848396301,0.6625568087978149
structure_foreground_appearance,compound_proxy,000050_jung_051_v01,docres_classical040_blend_0.70,19.577453586184493,0.7033208012580872,0.611373709730573
structure_foreground_appearance,compound_proxy,000051_jung_052_v00,classical_shadow_0.40,18.447216706825113,0.5622367858886719,0.07583105126536417
structure_foreground_appearance,compound_proxy,000051_jung_052_v01,docres_classical040_blend_0.95,14.051581855673373,0.5252028107643127,0.34857353850627293
structure_foreground_appearance,compound_proxy,000057_jung_058_v00,docres_classical040_blend_0.70,18.907606048304128,0.5994526147842407,0.11878688869842886
structure_foreground_appearance,compound_proxy,000057_jung_058_v01,docres_classical040_blend_0.95,17.725537549314833,0.7293848395347595,0.7338218990432419
structure_foreground_appearance,dibco18,dibco18_001,docres_binarization,24.626949580766507,0.9783604145050049,0.3784780815587262
structure_foreground_appearance,dibco18,dibco18_007,docres_classical040_blend_0.70,14.415651848721048,0.7647356986999512,0.09115416399133233
structure_foreground_appearance,dibco18,dibco18_008,docres_binarization,19.496589516540503,0.9460956454277039,0.3555636569528169
structure_foreground_appearance,dibco19,dibco19_a_008,binary_input_blend_0.90,20.045874490650448,0.934148907661438,0.44141317556678183
structure_foreground_appearance,jung,jung_003,docres_classical040_blend_0.95,24.39860262736977,0.9437568783760071,0.3550036158450878
structure_foreground_appearance,jung,jung_020,docres_classical040_blend_0.95,22.559780117497027,0.9337794780731201,0.1464091207257188
structure_foreground_appearance,jung,jung_029,docres_input_blend_0.95,24.645469281739896,0.9088647365570068,0.1858830405682651
structure_foreground_appearance,jung,jung_046,docres_classical040_blend_0.80,23.55929863874641,0.9420727491378784,0.15878431109406801
structure_foreground_appearance,jung,jung_048,docres_input_blend_0.70,23.040040614866175,0.9493050575256348,0.24008857433911268
structure_foreground_appearance,jung,jung_052,docres_classical040_blend_0.70,24.357165871484035,0.9454631805419922,0.3053528484209056
structure_foreground_appearance,jung,jung_053,docres_deshadow,24.11245518069913,0.9475502967834473,0.3200975600789313
structure_foreground_appearance,jung,jung_058,docres_classical040_blend_0.85,23.284402484313755,0.9407913088798523,0.20105055848489903
structure_foreground_appearance,jung,jung_061,docres_classical040_blend_0.90,23.00493658011963,0.9304565191268921,0.254119719524841
structure_foreground_appearance,jung,jung_063,classical_shadow_0.70,18.09766990167966,0.882344663143158,0.281494809253694
structure_foreground_appearance,jung,jung_067,docres_input_blend_0.70,21.468260805881716,0.8958922028541565,0.306365513177391
structure_foreground_appearance,jung,jung_069,docres_classical040_blend_0.80,23.38757781565622,0.879448413848877,0.2877609099982302
structure_foreground_appearance,jung,jung_074,docres_classical040_blend_0.70,23.759254696745806,0.9513347148895264,0.04450984737714124
structure_foreground_appearance,jung,jung_075,docres_classical040_blend_0.95,22.937576388465253,0.9664886593818665,0.33087805796032493
structure_foreground_appearance,jung,jung_082,docres_classical040_blend_0.70,24.447564738891018,0.9721799492835999,0.04503691597819745
structure_foreground_appearance,kligler,natiCHW01_06,docres_classical040_blend_0.85,29.93145963791012,0.9592540860176086,0.5911557335809726
structure_foreground_appearance,kligler,natiCHW02_04,docres_input_blend_0.70,15.848758707702462,0.902313232421875,0.34337946648596
structure_foreground_appearance,kligler,natiCHW02_05,classical_shadow_0.40,18.072012064642976,0.8967666625976562,0.16759763632170446
structure_foreground_appearance,kligler,natiCHW03_05,docres_classical040_blend_0.95,34.2856115172184,0.9569035768508911,0.5302904181975168
structure_foreground_appearance,kligler,natiCHW04_03,docres_classical040_blend_0.95,33.19073453275495,0.969333291053772,0.6303445950777767
structure_foreground_appearance,kligler,natiCHW04_05,docres_classical040_blend_0.90,29.56933161019762,0.9608635902404785,0.5566535597157699
structure_foreground_appearance,kligler,natiCHW04_12,docres_classical040_blend_0.95,32.27306224777869,0.9637583494186401,0.5548858421818749
structure_foreground_appearance,kligler,natiCPO01_02,classical_shadow_0.40,21.247716496659482,0.9464111924171448,0.18358176938657128
structure_foreground_appearance,kligler,natiCPO02_02,docres_classical040_blend_0.95,28.980734308447488,0.9796654582023621,0.3809427207125919
structure_foreground_appearance,kligler,natiCPO03_01,docres_classical040_blend_0.95,33.18407289816069,0.9673749804496765,0.4063034630762644
structure_foreground_appearance,kligler,natiCPO03_09,docres_classical040_blend_0.95,32.419701168983316,0.9625040888786316,0.42031992295929127
structure_foreground_appearance,kligler,natiCPO04_04,docres_classical040_blend_0.95,31.39565433080682,0.9597483277320862,0.4055285351029105
structure_foreground_appearance,kligler,natiCPO04_08,docres_classical040_blend_0.90,31.096783741957182,0.9610557556152344,0.4029493784752633
structure_foreground_appearance,kligler,natiCPO05_01,docres_classical040_blend_0.85,28.083885190437357,0.9665718674659729,0.25257736450483537
structure_foreground_appearance,kligler,natiCPO06_04,docres_classical040_blend_0.85,30.805167950709098,0.965350866317749,0.23344754188729383
structure_foreground_appearance,kligler,natiCPO06_05,docres_classical040_blend_0.95,25.7033714222945,0.9565160274505615,0.3566723261803941
structure_foreground_appearance,kligler,natiCPO06_06,docres_classical040_blend_0.80,26.635119706299363,0.961273729801178,0.3508296368859637
structure_foreground_appearance,kligler,natiCPO06_10,docres_classical040_blend_0.80,26.952934042726824,0.9245197176933289,0.38308459867154754
structure_foreground_appearance,kligler,natiCPO07_03,docres_classical040_blend_0.95,27.35785296288693,0.9483636617660522,0.5431714595957529
structure_foreground_appearance,kligler,natiCPO07_09,docres_classical040_blend_0.85,28.832771578992983,0.9135774970054626,0.4666149541729977
structure_foreground_appearance,kligler,natiCPO07_12,docres_classical040_blend_0.85,29.425931856697098,0.9293012022972107,0.3900578874901461
structure_foreground_appearance,kligler,natiCPO08_01,docres_classical040_blend_0.95,26.340600435017624,0.9715269804000854,0.334693157662367
structure_foreground_appearance,kligler,natiCPO08_02,docres_classical040_blend_0.70,28.631450980806523,0.9765697717666626,0.326657102950368
structure_foreground_appearance,kligler,natiCPO08_05,docres_classical040_blend_0.95,27.257918696677017,0.9725526571273804,0.34438712816709083
structure_foreground_appearance,kligler,natiCPO08_06,docres_classical040_blend_0.90,27.154784808039523,0.961370050907135,0.3420704068009118
structure_foreground_appearance,kligler,natiCPR01_01,docres_classical040_blend_0.80,26.189124308533863,0.9691545963287354,0.34583773131619944
structure_foreground_appearance,kligler,natiCPR01_10,docres_classical040_blend_0.80,26.950243768217423,0.9485692977905273,0.28987862823165395
structure_foreground_appearance,kligler,natiCPR01_11,docres_classical040_blend_0.70,25.857590942291793,0.9345479011535645,0.2996044243185956
structure_foreground_appearance,kligler,natiCPR01_14,docres_classical040_blend_0.80,25.310346803577666,0.9343934655189514,0.32440814660052547
structure_foreground_appearance,kligler,natiCPR02_10,docres_classical040_blend_0.95,27.67294936610936,0.9402205944061279,0.38577761698078195
structure_foreground_appearance,kligler,natiCPR02_12,docres_classical040_blend_0.95,26.815077003880706,0.9393082857131958,0.3998294698847665
structure_foreground_appearance,kligler,natiCPR03_07,docres_classical040_blend_0.85,29.891901034756224,0.9646561741828918,0.3184079907715697
structure_foreground_appearance,kligler,natiCPR03_09,docres_classical040_blend_0.95,27.176822890621636,0.9673387408256531,0.3713213392156496
structure_foreground_appearance,kligler,natiCPR03_11,docres_classical040_blend_0.95,28.71553764773747,0.9630534648895264,0.39055196046355095
structure_foreground_appearance,kligler,natiCPR04_06,docres_classical040_blend_0.90,31.062526738912304,0.9557791948318481,0.4443354282375658
structure_foreground_appearance,kligler,natiCPR04_09,docres_classical040_blend_0.90,30.918692264787136,0.9527003765106201,0.43232704820690915
structure_foreground_appearance,kligler,natiCPR04_11,docres_classical040_blend_0.85,30.363505674144818,0.9521551132202148,0.4007088393309451
structure_foreground_appearance,kligler,natiCPR05_03,docres_classical040_blend_0.90,27.988106753151282,0.9660173058509827,0.3982173635596836
structure_foreground_appearance,kligler,natiCPR05_07,docres_classical040_blend_0.95,32.36811297767639,0.9603868126869202,0.3999548741350551
structure_foreground_appearance,kligler,natiCPR05_12,docres_classical040_blend_0.95,30.163961857503004,0.9433093070983887,0.39794573500632135
structure_foreground_appearance,kligler,natiCSY01_02,docres_classical040_blend_0.85,27.380715425854195,0.9355969429016113,0.418330878322712
structure_foreground_appearance,kligler,natiCSY01_04,docres_classical040_blend_0.95,26.71146035501532,0.9341444373130798,0.45177808045572676
structure_foreground_appearance,kligler,natiCSY01_07,docres_classical040_blend_0.95,25.05506496803241,0.9371445775032043,0.4940415162207376
structure_foreground_appearance,kligler,natiCSY01_08,docres_classical040_blend_0.95,25.1722552903869,0.9302104711532593,0.5319172508695591
structure_foreground_appearance,kligler,natiCSY01_11,docres_input_blend_0.85,20.352371582557083,0.8801373839378357,0.43625961915347433
structure_foreground_appearance,kligler,natiCSY01_12,docres_classical040_blend_0.80,28.02030908572178,0.9698378443717957,0.413264911809805
structure_foreground_appearance,kligler,natiCSY01_15,docres_classical040_blend_0.85,27.622706770113574,0.9708419442176819,0.3449117087845953
structure_foreground_appearance,kligler,natiCSY02_01,docres_classical040_blend_0.85,30.946237337425252,0.9752375483512878,0.3975905235625233
structure_foreground_appearance,kligler,natiCSY02_02,docres_classical040_blend_0.95,28.16517852385123,0.9752157926559448,0.38416505855265154
structure_foreground_appearance,kligler,natiCSY02_10,docres_classical040_blend_0.95,28.910716672829775,0.9735665321350098,0.390191700414253
structure_foreground_appearance,kligler,natiCSY03_02,docres_classical040_blend_0.80,33.61877618859018,0.9764516353607178,0.27382300393639325
structure_foreground_appearance,kligler,natiCSY03_03,docres_classical040_blend_0.80,30.459489419473677,0.9717348217964172,0.3690583617751715
structure_foreground_appearance,kligler,natiCSY03_05,docres_classical040_blend_0.95,29.474328435282402,0.9675540924072266,0.364894275298993
structure_foreground_appearance,kligler,natiCSY03_06,docres_classical040_blend_0.90,29.281269727240073,0.9674035906791687,0.3593534834770613
structure_foreground_appearance,kligler,natiCSY04_06,docres_classical040_blend_0.90,27.90960592391286,0.9621776938438416,0.32832133189841156
structure_foreground_appearance,kligler,natiCSY04_14,docres_classical040_blend_0.85,28.490119617010066,0.9467955827713013,0.3427731748570623
structure_foreground_appearance,kligler,natiCSY04_15,docres_classical040_blend_0.95,28.070946599338388,0.9482516050338745,0.29137695026282584
structure_foreground_appearance,kligler,natiCSY06_02,docres_classical040_blend_0.95,23.867873666428913,0.9278667569160461,0.3552190841918484
structure_foreground_appearance,kligler,natiCSY06_04,docres_input_blend_0.95,25.25369191864413,0.9262987971305847,0.4542947968543581
structure_foreground_appearance,kligler,natiCSY06_11,docres_deshadow,26.003244631967096,0.941313624382019,0.1994152270426776
structure_foreground_appearance,kligler,natiCSY06_12,docres_classical040_blend_0.95,23.48762615165453,0.9286542534828186,0.47782344972113616
structure_foreground_appearance,kligler,natiCSY06_14,docres_classical040_blend_0.95,26.126793950200184,0.9367345571517944,0.2531694172089069
structure_foreground_appearance,kligler,natiCSY07_08,docres_classical040_blend_0.95,28.759260833287005,0.9695141911506653,0.4002550796578459
structure_foreground_appearance,kligler,natiCSY07_13,docres_classical040_blend_0.95,24.750238113673152,0.9663045406341553,0.39885077438575434
base,compound_proxy,000004_jung_005_v00,classical_shadow_0.40,15.655339566709385,0.4562458395957947,0.1430765635445174
base,compound_proxy,000004_jung_005_v01,docres_classical040_blend_0.95,16.63027911407235,0.4871595501899719,0.6391984399499381
base,compound_proxy,000005_jung_006_v00,classical_shadow_0.40,21.963546739754037,0.9600828289985657,0.08329079270691557
base,compound_proxy,000005_jung_006_v01,docres_classical040_blend_0.70,20.248213077392823,0.747131884098053,0.15634433236207607
base,compound_proxy,000013_jung_014_v00,docres_classical040_blend_0.70,16.664234035603474,0.5440705418586731,0.4513399735360499
base,compound_proxy,000013_jung_014_v01,docres_classical040_blend_0.70,16.942845655058253,0.9326483607292175,0.21898359264218026
base,compound_proxy,000016_jung_017_v00,docres_classical040_blend_0.70,17.678699861718133,0.492526650428772,0.06922015268962105
base,compound_proxy,000016_jung_017_v01,docres_classical040_blend_0.70,29.08083805031829,0.9949883818626404,0.3381110727170441
base,compound_proxy,000023_jung_024_v00,docres_classical040_blend_0.70,20.80795269629536,0.9872657060623169,0.2559618287623354
base,compound_proxy,000023_jung_024_v01,docres_input_blend_0.80,19.177435414437596,0.6348728537559509,0.3907278729542042
base,compound_proxy,000025_jung_026_v00,docres_input_blend_0.70,18.81233912724546,0.7591919898986816,0.1955321346284865
base,compound_proxy,000025_jung_026_v01,docres_input_blend_0.70,25.393143681495545,0.9169530272483826,0.39003316876866106
base,compound_proxy,000030_jung_031_v00,docres_classical040_blend_0.90,24.767116168264995,0.8610636591911316,0.3570463766354116
base,compound_proxy,000030_jung_031_v01,docres_classical040_blend_0.70,25.480382615020886,0.9891568422317505,0.37802982697619
base,compound_proxy,000031_jung_032_v00,classical_shadow_0.40,22.49922346094474,0.9907900094985962,0.18796733035367902
base,compound_proxy,000031_jung_032_v01,docres_input_blend_0.70,30.676644413623514,0.994358241558075,0.4511061605109826
base,compound_proxy,000037_jung_038_v00,docres_input_blend_0.80,18.85890248452347,0.5322329998016357,0.8382231249451777
base,compound_proxy,000037_jung_038_v01,docres_classical040_blend_0.85,22.894440269962317,0.7207280397415161,0.7839457089773088
base,compound_proxy,000038_jung_039_v00,binary_docres_blend_0.75,15.71264227053593,0.7264304161071777,0.7058479680184304
base,compound_proxy,000038_jung_039_v01,docres_classical040_blend_0.95,22.272086570756287,0.7164282202720642,0.3489848818002469
base,compound_proxy,000043_jung_044_v00,docres_classical040_blend_0.90,20.290490767594925,0.5112611651420593,0.28204881141129745
base,compound_proxy,000043_jung_044_v01,binary_input_blend_0.75,14.281918712490889,0.6228016018867493,0.8557792326373247
base,compound_proxy,000046_jung_047_v00,classical_shadow_0.40,18.59560916153212,0.5597224235534668,0.08735306654660008
base,compound_proxy,000046_jung_047_v01,docres_deshadow,20.664049607629362,0.5993578433990479,0.34609405655013803
base,compound_proxy,000050_jung_051_v00,docres_input_blend_0.80,22.373383297955574,0.9042742848396301,0.6710847679578368
base,compound_proxy,000050_jung_051_v01,docres_classical040_blend_0.70,19.577453586184493,0.7033208012580872,0.6020511327950218
base,compound_proxy,000051_jung_052_v00,classical_shadow_0.40,18.447216706825113,0.5622367858886719,0.0824678957096193
base,compound_proxy,000051_jung_052_v01,docres_classical040_blend_0.95,14.051581855673373,0.5252028107643127,0.3601218747219423
base,compound_proxy,000057_jung_058_v00,docres_classical040_blend_0.70,18.907606048304128,0.5994526147842407,0.11881920235768106
base,compound_proxy,000057_jung_058_v01,docres_classical040_blend_0.70,17.65180350939517,0.7375544309616089,0.6077262633837517
base,dibco18,dibco18_001,docres_binarization,24.626949580766507,0.9783604145050049,0.4351234962315039
base,dibco18,dibco18_007,docres_classical040_blend_0.70,14.415651848721048,0.7647356986999512,0.10139816661906909
base,dibco18,dibco18_008,docres_binarization,19.496589516540503,0.9460956454277039,0.39426824410827715
base,dibco19,dibco19_a_008,binary_docres_blend_0.90,20.04625135336162,0.9343979358673096,0.420772682008986
base,jung,jung_003,docres_classical040_blend_0.95,24.39860262736977,0.9437568783760071,0.40698028191579194
base,jung,jung_020,docres_classical040_blend_0.95,22.559780117497027,0.9337794780731201,0.18862983217291424
base,jung,jung_029,docres_classical040_blend_0.95,24.518328973766348,0.9081172943115234,0.23331561643954368
base,jung,jung_046,docres_classical040_blend_0.80,23.55929863874641,0.9420727491378784,0.20866647985135323
base,jung,jung_048,docres_input_blend_0.70,23.040040614866175,0.9493050575256348,0.23930345017472776
base,jung,jung_052,docres_classical040_blend_0.70,24.357165871484035,0.9454631805419922,0.3219256481766392
base,jung,jung_053,docres_classical040_blend_0.95,24.12718322819551,0.9473910927772522,0.3463703157042157
base,jung,jung_058,docres_classical040_blend_0.85,23.284402484313755,0.9407913088798523,0.25004590689724837
base,jung,jung_061,docres_classical040_blend_0.85,23.252767643244464,0.9312625527381897,0.3026190916693638
base,jung,jung_063,docres_classical040_blend_0.70,22.716879740373173,0.9187496900558472,0.14195548276670467
base,jung,jung_067,docres_classical040_blend_0.85,23.466999966368114,0.8950761556625366,0.328287318896391
base,jung,jung_069,docres_classical040_blend_0.95,23.570743779022223,0.879854679107666,0.32431234557715416
base,jung,jung_074,docres_classical040_blend_0.70,23.759254696745806,0.9513347148895264,0.07881007053350275
base,jung,jung_075,docres_classical040_blend_0.95,22.937576388465253,0.9664886593818665,0.3749057426361493
base,jung,jung_082,docres_classical040_blend_0.70,24.447564738891018,0.9721799492835999,0.08206164276415942
base,kligler,natiCHW01_06,docres_classical040_blend_0.85,29.93145963791012,0.9592540860176086,0.5951938026520692
base,kligler,natiCHW02_04,docres_input_blend_0.70,15.848758707702462,0.902313232421875,0.3995974973298799
base,kligler,natiCHW02_05,classical_shadow_0.40,18.072012064642976,0.8967666625976562,0.2353575259865043
base,kligler,natiCHW03_05,docres_classical040_blend_0.95,34.2856115172184,0.9569035768508911,0.5301610006750365
base,kligler,natiCHW04_03,docres_classical040_blend_0.95,33.19073453275495,0.969333291053772,0.6293826508388648
base,kligler,natiCHW04_05,docres_classical040_blend_0.90,29.56933161019762,0.9608635902404785,0.5858628596065346
base,kligler,natiCHW04_12,docres_classical040_blend_0.90,31.420442431920904,0.9651937484741211,0.5603124850285093
base,kligler,natiCPO01_02,classical_shadow_0.40,21.247716496659482,0.9464111924171448,0.2403563765061629
base,kligler,natiCPO02_02,docres_classical040_blend_0.95,28.980734308447488,0.9796654582023621,0.3989752870905551
base,kligler,natiCPO03_01,docres_classical040_blend_0.95,33.18407289816069,0.9673749804496765,0.4100861663709078
base,kligler,natiCPO03_09,docres_classical040_blend_0.85,32.65403924837258,0.963334858417511,0.4300614553267347
base,kligler,natiCPO04_04,docres_classical040_blend_0.95,31.39565433080682,0.9597483277320862,0.4032601048111159
base,kligler,natiCPO04_08,docres_classical040_blend_0.95,31.552190811018313,0.9613658785820007,0.40555415935398575
base,kligler,natiCPO05_01,docres_classical040_blend_0.85,28.083885190437357,0.9665718674659729,0.25302869759858787
base,kligler,natiCPO06_04,docres_classical040_blend_0.85,30.805167950709098,0.965350866317749,0.23631032500517385
base,kligler,natiCPO06_05,docres_classical040_blend_0.95,25.7033714222945,0.9565160274505615,0.3761126734330229
base,kligler,natiCPO06_06,docres_classical040_blend_0.80,26.635119706299363,0.961273729801178,0.3593825594283672
base,kligler,natiCPO06_10,docres_classical040_blend_0.80,26.952934042726824,0.9245197176933289,0.395252337928519
base,kligler,natiCPO07_03,docres_classical040_blend_0.95,27.35785296288693,0.9483636617660522,0.5533722699853839
base,kligler,natiCPO07_09,docres_classical040_blend_0.95,29.43834179771857,0.9141252636909485,0.4762762634515796
base,kligler,natiCPO07_12,docres_classical040_blend_0.95,30.48017538566024,0.930047869682312,0.391021371759983
base,kligler,natiCPO08_01,docres_classical040_blend_0.95,26.340600435017624,0.9715269804000854,0.3577126724520173
base,kligler,natiCPO08_02,docres_classical040_blend_0.70,28.631450980806523,0.9765697717666626,0.342218111308506
base,kligler,natiCPO08_05,docres_classical040_blend_0.90,27.44191815309092,0.9733261466026306,0.35667946003982276
base,kligler,natiCPO08_06,docres_classical040_blend_0.90,27.154784808039523,0.961370050907135,0.3666439241247371
base,kligler,natiCPR01_01,docres_classical040_blend_0.80,26.189124308533863,0.9691545963287354,0.36243970522899305
base,kligler,natiCPR01_10,docres_classical040_blend_0.80,26.950243768217423,0.9485692977905273,0.29670165485178
base,kligler,natiCPR01_11,docres_classical040_blend_0.70,25.857590942291793,0.9345479011535645,0.30717746685122277
base,kligler,natiCPR01_14,docres_classical040_blend_0.80,25.310346803577666,0.9343934655189514,0.32960908162305225
base,kligler,natiCPR02_10,docres_classical040_blend_0.95,27.67294936610936,0.9402205944061279,0.4111155881474721
base,kligler,natiCPR02_12,docres_classical040_blend_0.95,26.815077003880706,0.9393082857131958,0.4222270952021526
base,kligler,natiCPR03_07,docres_classical040_blend_0.85,29.891901034756224,0.9646561741828918,0.32065114114273663
base,kligler,natiCPR03_09,docres_classical040_blend_0.95,27.176822890621636,0.9673387408256531,0.37349615110840406
base,kligler,natiCPR03_11,docres_classical040_blend_0.95,28.71553764773747,0.9630534648895264,0.4183614435595884
base,kligler,natiCPR04_06,docres_classical040_blend_0.90,31.062526738912304,0.9557791948318481,0.45130617253856337
base,kligler,natiCPR04_09,docres_classical040_blend_0.95,30.709823554219863,0.9525705575942993,0.43341440657854413
base,kligler,natiCPR04_11,docres_classical040_blend_0.85,30.363505674144818,0.9521551132202148,0.40203445160765366
base,kligler,natiCPR05_03,docres_classical040_blend_0.85,28.6106493417886,0.9665518999099731,0.3923841232088426
base,kligler,natiCPR05_07,docres_classical040_blend_0.80,31.87808246288703,0.9613686203956604,0.39353395814433667
base,kligler,natiCPR05_12,docres_classical040_blend_0.95,30.163961857503004,0.9433093070983887,0.3930260194627838
base,kligler,natiCSY01_02,docres_classical040_blend_0.85,27.380715425854195,0.9355969429016113,0.4152620139386508
base,kligler,natiCSY01_04,docres_classical040_blend_0.95,26.71146035501532,0.9341444373130798,0.4593067406897111
base,kligler,natiCSY01_07,docres_classical040_blend_0.80,25.53231251957278,0.9392399787902832,0.49156530232612305
base,kligler,natiCSY01_08,docres_classical040_blend_0.95,25.1722552903869,0.9302104711532593,0.5581558289094026
base,kligler,natiCSY01_11,docres_classical040_blend_0.70,19.130982603294324,0.8769203424453735,0.4405291200782441
base,kligler,natiCSY01_12,docres_classical040_blend_0.80,28.02030908572178,0.9698378443717957,0.41361157653890807
base,kligler,natiCSY01_15,docres_classical040_blend_0.85,27.622706770113574,0.9708419442176819,0.3385980991458163
base,kligler,natiCSY02_01,docres_classical040_blend_0.95,30.34570377493576,0.9734639525413513,0.42424654756411273
base,kligler,natiCSY02_02,docres_classical040_blend_0.95,28.16517852385123,0.9752157926559448,0.39349488258896015
base,kligler,natiCSY02_10,docres_classical040_blend_0.95,28.910716672829775,0.9735665321350098,0.4054503266398731
base,kligler,natiCSY03_02,docres_classical040_blend_0.80,33.61877618859018,0.9764516353607178,0.27811310457393135
base,kligler,natiCSY03_03,docres_classical040_blend_0.80,30.459489419473677,0.9717348217964172,0.39073586155135615
base,kligler,natiCSY03_05,docres_classical040_blend_0.95,29.474328435282402,0.9675540924072266,0.3823399175332855
base,kligler,natiCSY03_06,docres_classical040_blend_0.90,29.281269727240073,0.9674035906791687,0.3674014586051118
base,kligler,natiCSY04_06,docres_classical040_blend_0.90,27.90960592391286,0.9621776938438416,0.32306070372214923
base,kligler,natiCSY04_14,docres_classical040_blend_0.85,28.490119617010066,0.9467955827713013,0.3395948512986652
base,kligler,natiCSY04_15,docres_classical040_blend_0.80,29.413465687754794,0.9500588774681091,0.27453996966825
base,kligler,natiCSY06_02,docres_classical040_blend_0.95,23.867873666428913,0.9278667569160461,0.36002518879637396
base,kligler,natiCSY06_04,docres_classical040_blend_0.80,23.72299074003007,0.9225780963897705,0.4857111617999713
base,kligler,natiCSY06_11,docres_deshadow,26.003244631967096,0.941313624382019,0.20106848934737567
base,kligler,natiCSY06_12,docres_classical040_blend_0.95,23.48762615165453,0.9286542534828186,0.4907811984343815
base,kligler,natiCSY06_14,docres_classical040_blend_0.95,26.126793950200184,0.9367345571517944,0.2621016868032251
base,kligler,natiCSY07_08,docres_classical040_blend_0.95,28.759260833287005,0.9695141911506653,0.4126913123254283
base,kligler,natiCSY07_13,docres_classical040_blend_0.95,24.750238113673152,0.9663045406341553,0.42306615449815543
minus10,compound_proxy,000004_jung_005_v00,docres_deshadow,15.514459453136686,0.47388091683387756,0.08869678872272496
minus10,compound_proxy,000004_jung_005_v01,docres_classical040_blend_0.90,16.81975232327141,0.48715129494667053,0.639902401928749
minus10,compound_proxy,000005_jung_006_v00,classical_shadow_0.40,21.963546739754037,0.9600828289985657,0.08294363007880222
minus10,compound_proxy,000005_jung_006_v01,docres_classical040_blend_0.70,20.248213077392823,0.747131884098053,0.14505236524856407
minus10,compound_proxy,000013_jung_014_v00,docres_classical040_blend_0.95,16.494341073961177,0.5168617963790894,0.30787212260501706
minus10,compound_proxy,000013_jung_014_v01,docres_classical040_blend_0.70,16.942845655058253,0.9326483607292175,0.2314999990517257
minus10,compound_proxy,000016_jung_017_v00,classical_shadow_0.40,17.312870775055874,0.4676584005355835,0.12243230689279305
minus10,compound_proxy,000016_jung_017_v01,docres_classical040_blend_0.70,29.08083805031829,0.9949883818626404,0.3592628891137658
minus10,compound_proxy,000023_jung_024_v00,docres_classical040_blend_0.70,20.80795269629536,0.9872657060623169,0.27320902681192843
minus10,compound_proxy,000023_jung_024_v01,docres_input_blend_0.80,19.177435414437596,0.6348728537559509,0.4122042677899457
minus10,compound_proxy,000025_jung_026_v00,docres_input_blend_0.70,18.81233912724546,0.7591919898986816,0.2035685124522718
minus10,compound_proxy,000025_jung_026_v01,docres_input_blend_0.70,25.393143681495545,0.9169530272483826,0.38024722556015883
minus10,compound_proxy,000030_jung_031_v00,docres_classical040_blend_0.90,24.767116168264995,0.8610636591911316,0.35574237951553606
minus10,compound_proxy,000030_jung_031_v01,docres_classical040_blend_0.70,25.480382615020886,0.9891568422317505,0.4002009253241479
minus10,compound_proxy,000031_jung_032_v00,classical_shadow_0.40,22.49922346094474,0.9907900094985962,0.1863249860821408
minus10,compound_proxy,000031_jung_032_v01,docres_input_blend_0.70,30.676644413623514,0.994358241558075,0.4745105256587036
minus10,compound_proxy,000037_jung_038_v00,docres_input_blend_0.80,18.85890248452347,0.5322329998016357,0.8273702870429758
minus10,compound_proxy,000037_jung_038_v01,docres_classical040_blend_0.95,22.55957686117886,0.7125717401504517,0.7771170593211062
minus10,compound_proxy,000038_jung_039_v00,docres_binarization,13.252111616471534,0.4991285800933838,0.7388669244713293
minus10,compound_proxy,000038_jung_039_v01,docres_classical040_blend_0.95,22.272086570756287,0.7164282202720642,0.34089981741358216
minus10,compound_proxy,000043_jung_044_v00,docres_input_blend_0.95,20.389491144270657,0.5131186246871948,0.15030283108225226
minus10,compound_proxy,000043_jung_044_v01,docres_input_blend_0.70,20.262526527914044,0.6922286152839661,0.7080028501908787
minus10,compound_proxy,000046_jung_047_v00,classical_shadow_0.40,18.59560916153212,0.5597224235534668,0.0918236148221146
minus10,compound_proxy,000046_jung_047_v01,docres_input_blend_0.90,20.836315839703992,0.5992826223373413,0.3209605037656328
minus10,compound_proxy,000050_jung_051_v00,docres_input_blend_0.80,22.373383297955574,0.9042742848396301,0.6731558532756813
minus10,compound_proxy,000050_jung_051_v01,docres_classical040_blend_0.70,19.577453586184493,0.7033208012580872,0.5903808055619407
minus10,compound_proxy,000051_jung_052_v00,classical_shadow_0.40,18.447216706825113,0.5622367858886719,0.08525221682072788
minus10,compound_proxy,000051_jung_052_v01,docres_classical040_blend_0.95,14.051581855673373,0.5252028107643127,0.3779159166568973
minus10,compound_proxy,000057_jung_058_v00,docres_classical040_blend_0.70,18.907606048304128,0.5994526147842407,0.12594931292460637
minus10,compound_proxy,000057_jung_058_v01,docres_classical040_blend_0.95,17.725537549314833,0.7293848395347595,0.6376590211843496
minus10,dibco18,dibco18_001,binary_docres_blend_0.75,20.21276699641456,0.9421337842941284,0.36592314483178734
minus10,dibco18,dibco18_007,docres_classical040_blend_0.70,14.415651848721048,0.7647356986999512,0.09908705923960257
minus10,dibco18,dibco18_008,docres_binarization,19.496589516540503,0.9460956454277039,0.3886154514627817
minus10,dibco19,dibco19_a_008,binary_input_blend_0.90,20.045874490650448,0.934148907661438,0.40351879551538106
minus10,jung,jung_003,docres_classical040_blend_0.95,24.39860262736977,0.9437568783760071,0.42923277262579007
minus10,jung,jung_020,docres_classical040_blend_0.95,22.559780117497027,0.9337794780731201,0.19488888567386844
minus10,jung,jung_029,docres_classical040_blend_0.95,24.518328973766348,0.9081172943115234,0.24428488776754276
minus10,jung,jung_046,docres_classical040_blend_0.90,22.664960894962086,0.9405773282051086,0.22489432280874916
minus10,jung,jung_048,docres_input_blend_0.70,23.040040614866175,0.9493050575256348,0.2569820689402174
minus10,jung,jung_052,docres_classical040_blend_0.70,24.357165871484035,0.9454631805419922,0.3445160789011829
minus10,jung,jung_053,docres_classical040_blend_0.80,24.059219113178226,0.9471439719200134,0.3619860870983972
minus10,jung,jung_058,docres_classical040_blend_0.85,23.284402484313755,0.9407913088798523,0.2622385789202778
minus10,jung,jung_061,docres_classical040_blend_0.90,23.00493658011963,0.9304565191268921,0.3207293222632645
minus10,jung,jung_063,classical_shadow_0.70,18.09766990167966,0.882344663143158,0.3350053244625125
minus10,jung,jung_067,docres_classical040_blend_0.85,23.466999966368114,0.8950761556625366,0.35118607536596996
minus10,jung,jung_069,docres_classical040_blend_0.95,23.570743779022223,0.879854679107666,0.34181857749215155
minus10,jung,jung_074,classical_shadow_0.70,14.41799400658101,0.8078306317329407,0.34261315708626355
minus10,jung,jung_075,docres_classical040_blend_0.95,22.937576388465253,0.9664886593818665,0.3984202137763207
minus10,jung,jung_082,docres_classical040_blend_0.70,24.447564738891018,0.9721799492835999,0.08107253985469251
minus10,kligler,natiCHW01_06,docres_classical040_blend_0.85,29.93145963791012,0.9592540860176086,0.6059056843949251
minus10,kligler,natiCHW02_04,docres_input_blend_0.70,15.848758707702462,0.902313232421875,0.4170626888653363
minus10,kligler,natiCHW02_05,classical_shadow_0.40,18.072012064642976,0.8967666625976562,0.23287191662599085
minus10,kligler,natiCHW03_05,docres_classical040_blend_0.95,34.2856115172184,0.9569035768508911,0.5461508512189339
minus10,kligler,natiCHW04_03,docres_classical040_blend_0.95,33.19073453275495,0.969333291053772,0.6374400362349668
minus10,kligler,natiCHW04_05,docres_classical040_blend_0.95,29.98067291178124,0.9596495032310486,0.6040353799909377
minus10,kligler,natiCHW04_12,docres_classical040_blend_0.90,31.420442431920904,0.9651937484741211,0.5754983678637908
minus10,kligler,natiCPO01_02,classical_shadow_0.40,21.247716496659482,0.9464111924171448,0.23232392023730886
minus10,kligler,natiCPO02_02,docres_classical040_blend_0.70,28.588274067127916,0.9811182022094727,0.4093118887231316
minus10,kligler,natiCPO03_01,docres_classical040_blend_0.95,33.18407289816069,0.9673749804496765,0.4282588980238001
minus10,kligler,natiCPO03_09,docres_classical040_blend_0.95,32.419701168983316,0.9625040888786316,0.4489435293863979
minus10,kligler,natiCPO04_04,docres_classical040_blend_0.95,31.39565433080682,0.9597483277320862,0.421901868858042
minus10,kligler,natiCPO04_08,docres_classical040_blend_0.95,31.552190811018313,0.9613658785820007,0.42367048524627254
minus10,kligler,natiCPO05_01,docres_classical040_blend_0.85,28.083885190437357,0.9665718674659729,0.2577751627481083
minus10,kligler,natiCPO06_04,docres_classical040_blend_0.85,30.805167950709098,0.965350866317749,0.24809459946079307
minus10,kligler,natiCPO06_05,docres_classical040_blend_0.95,25.7033714222945,0.9565160274505615,0.3940467496123389
minus10,kligler,natiCPO06_06,docres_classical040_blend_0.80,26.635119706299363,0.961273729801178,0.3794989647127429
minus10,kligler,natiCPO06_10,docres_classical040_blend_0.80,26.952934042726824,0.9245197176933289,0.4139151270810368
minus10,kligler,natiCPO07_03,docres_classical040_blend_0.95,27.35785296288693,0.9483636617660522,0.5624294454445777
minus10,kligler,natiCPO07_09,docres_classical040_blend_0.95,29.43834179771857,0.9141252636909485,0.49039286724527786
minus10,kligler,natiCPO07_12,docres_classical040_blend_0.90,30.00378372970205,0.9297209978103638,0.40490412071588233
minus10,kligler,natiCPO08_01,docres_classical040_blend_0.95,26.340600435017624,0.9715269804000854,0.37913899125224615
minus10,kligler,natiCPO08_02,docres_classical040_blend_0.70,28.631450980806523,0.9765697717666626,0.36606339412482297
minus10,kligler,natiCPO08_05,docres_classical040_blend_0.95,27.257918696677017,0.9725526571273804,0.37994551707288815
minus10,kligler,natiCPO08_06,docres_classical040_blend_0.90,27.154784808039523,0.961370050907135,0.38803406631077664
minus10,kligler,natiCPR01_01,docres_classical040_blend_0.80,26.189124308533863,0.9691545963287354,0.38795740535712453
minus10,kligler,natiCPR01_10,docres_classical040_blend_0.80,26.950243768217423,0.9485692977905273,0.3177319791192202
minus10,kligler,natiCPR01_11,docres_classical040_blend_0.70,25.857590942291793,0.9345479011535645,0.33020771488647294
minus10,kligler,natiCPR01_14,docres_classical040_blend_0.80,25.310346803577666,0.9343934655189514,0.3545887798376912
minus10,kligler,natiCPR02_10,docres_classical040_blend_0.95,27.67294936610936,0.9402205944061279,0.4320614884195509
minus10,kligler,natiCPR02_12,docres_classical040_blend_0.95,26.815077003880706,0.9393082857131958,0.44408418720958553
minus10,kligler,natiCPR03_07,docres_classical040_blend_0.85,29.891901034756224,0.9646561741828918,0.33994604755169966
minus10,kligler,natiCPR03_09,docres_classical040_blend_0.95,27.176822890621636,0.9673387408256531,0.3942257573453057
minus10,kligler,natiCPR03_11,docres_classical040_blend_0.95,28.71553764773747,0.9630534648895264,0.4401590096452779
minus10,kligler,natiCPR04_06,docres_classical040_blend_0.95,30.812931533139466,0.9552860856056213,0.47282793590139927
minus10,kligler,natiCPR04_09,docres_classical040_blend_0.95,30.709823554219863,0.9525705575942993,0.4530202092259359
minus10,kligler,natiCPR04_11,docres_classical040_blend_0.85,30.363505674144818,0.9521551132202148,0.4218199063970034
minus10,kligler,natiCPR05_03,docres_classical040_blend_0.95,27.484439688995415,0.9662429094314575,0.41511892461451494
minus10,kligler,natiCPR05_07,docres_classical040_blend_0.95,32.36811297767639,0.9603868126869202,0.4183619954166199
minus10,kligler,natiCPR05_12,docres_classical040_blend_0.95,30.163961857503004,0.9433093070983887,0.41325601946809515
minus10,kligler,natiCSY01_02,docres_classical040_blend_0.85,27.380715425854195,0.9355969429016113,0.4318321704800448
minus10,kligler,natiCSY01_04,docres_classical040_blend_0.95,26.71146035501532,0.9341444373130798,0.4735512665088458
minus10,kligler,natiCSY01_07,docres_classical040_blend_0.95,25.05506496803241,0.9371445775032043,0.5115121933226587
minus10,kligler,natiCSY01_08,docres_classical040_blend_0.95,25.1722552903869,0.9302104711532593,0.568105488313615
minus10,kligler,natiCSY01_11,docres_classical040_blend_0.70,19.130982603294324,0.8769203424453735,0.4570014519332078
minus10,kligler,natiCSY01_12,docres_classical040_blend_0.80,28.02030908572178,0.9698378443717957,0.43087782136123176
minus10,kligler,natiCSY01_15,docres_classical040_blend_0.85,27.622706770113574,0.9708419442176819,0.350884103006588
minus10,kligler,natiCSY02_01,docres_classical040_blend_0.95,30.34570377493576,0.9734639525413513,0.442873233847767
minus10,kligler,natiCSY02_02,docres_classical040_blend_0.95,28.16517852385123,0.9752157926559448,0.4138658464494441
minus10,kligler,natiCSY02_10,docres_classical040_blend_0.95,28.910716672829775,0.9735665321350098,0.4253916368018801
minus10,kligler,natiCSY03_02,docres_classical040_blend_0.80,33.61877618859018,0.9764516353607178,0.29265839579213787
minus10,kligler,natiCSY03_03,docres_classical040_blend_0.80,30.459489419473677,0.9717348217964172,0.4107515395376178
minus10,kligler,natiCSY03_05,docres_classical040_blend_0.95,29.474328435282402,0.9675540924072266,0.4018503588817466
minus10,kligler,natiCSY03_06,docres_classical040_blend_0.95,28.75705977930583,0.965415894985199,0.3893092395183523
minus10,kligler,natiCSY04_06,docres_classical040_blend_0.95,27.365196324200305,0.960216760635376,0.33742640141760244
minus10,kligler,natiCSY04_14,docres_classical040_blend_0.95,27.545763075257106,0.9460063576698303,0.35835251390771616
minus10,kligler,natiCSY04_15,docres_classical040_blend_0.95,28.070946599338388,0.9482516050338745,0.2889687113464592
minus10,kligler,natiCSY06_02,docres_classical040_blend_0.95,23.867873666428913,0.9278667569160461,0.36832425080220893
minus10,kligler,natiCSY06_04,docres_classical040_blend_0.80,23.72299074003007,0.9225780963897705,0.4998576099205478
minus10,kligler,natiCSY06_11,docres_deshadow,26.003244631967096,0.941313624382019,0.20148742318438273
minus10,kligler,natiCSY06_12,docres_classical040_blend_0.95,23.48762615165453,0.9286542534828186,0.5033010630376725
minus10,kligler,natiCSY06_14,docres_classical040_blend_0.95,26.126793950200184,0.9367345571517944,0.2673566247900555
minus10,kligler,natiCSY07_08,docres_classical040_blend_0.95,28.759260833287005,0.9695141911506653,0.4315360492232365
minus10,kligler,natiCSY07_13,docres_classical040_blend_0.95,24.750238113673152,0.9663045406341553,0.4412895898609168
plus10,compound_proxy,000004_jung_005_v00,docres_deshadow,15.514459453136686,0.47388091683387756,0.08836670421089317
plus10,compound_proxy,000004_jung_005_v01,docres_classical040_blend_0.70,17.50562443814883,0.4869964122772217,0.6291991129216261
plus10,compound_proxy,000005_jung_006_v00,classical_shadow_0.40,21.963546739754037,0.9600828289985657,0.08363795533502894
plus10,compound_proxy,000005_jung_006_v01,docres_classical040_blend_0.70,20.248213077392823,0.747131884098053,0.16763629947558806
plus10,compound_proxy,000013_jung_014_v00,docres_classical040_blend_0.70,16.664234035603474,0.5440705418586731,0.4916755806850363
plus10,compound_proxy,000013_jung_014_v01,docres_classical040_blend_0.70,16.942845655058253,0.9326483607292175,0.20646718623263483
plus10,compound_proxy,000016_jung_017_v00,classical_shadow_0.40,17.312870775055874,0.4676584005355835,0.1289997478392634
plus10,compound_proxy,000016_jung_017_v01,docres_classical040_blend_0.70,29.08083805031829,0.9949883818626404,0.31695925632032246
plus10,compound_proxy,000023_jung_024_v00,docres_classical040_blend_0.70,20.80795269629536,0.9872657060623169,0.2387146307127424
plus10,compound_proxy,000023_jung_024_v01,docres_input_blend_0.80,19.177435414437596,0.6348728537559509,0.36925147811846276
plus10,compound_proxy,000025_jung_026_v00,docres_input_blend_0.70,18.81233912724546,0.7591919898986816,0.18749575680470132
plus10,compound_proxy,000025_jung_026_v01,docres_input_blend_0.70,25.393143681495545,0.9169530272483826,0.3998191119771633
plus10,compound_proxy,000030_jung_031_v00,docres_classical040_blend_0.90,24.767116168264995,0.8610636591911316,0.3583503737552873
plus10,compound_proxy,000030_jung_031_v01,docres_classical040_blend_0.70,25.480382615020886,0.9891568422317505,0.35585872862823203
plus10,compound_proxy,000031_jung_032_v00,classical_shadow_0.40,22.49922346094474,0.9907900094985962,0.18960967462521727
plus10,compound_proxy,000031_jung_032_v01,docres_input_blend_0.70,30.676644413623514,0.994358241558075,0.4277017953632616
plus10,compound_proxy,000037_jung_038_v00,docres_input_blend_0.80,18.85890248452347,0.5322329998016357,0.8490759628473794
plus10,compound_proxy,000037_jung_038_v01,docres_classical040_blend_0.95,22.55957686117886,0.7125717401504517,0.7964552836004374
plus10,compound_proxy,000038_jung_039_v00,binary_docres_blend_0.75,15.71264227053593,0.7264304161071777,0.7166209864237831
plus10,compound_proxy,000038_jung_039_v01,docres_classical040_blend_0.95,22.272086570756287,0.7164282202720642,0.35706994618691157
plus10,compound_proxy,000043_jung_044_v00,docres_input_blend_0.95,20.389491144270657,0.5131186246871948,0.17273756261063777
plus10,compound_proxy,000043_jung_044_v01,docres_input_blend_0.70,20.262526527914044,0.6922286152839661,0.760047167633254
plus10,compound_proxy,000046_jung_047_v00,classical_shadow_0.40,18.59560916153212,0.5597224235534668,0.08288251827108553
plus10,compound_proxy,000046_jung_047_v01,docres_input_blend_0.90,20.836315839703992,0.5992826223373413,0.3297267248656442
plus10,compound_proxy,000050_jung_051_v00,docres_input_blend_0.80,22.373383297955574,0.9042742848396301,0.6690136826399924
plus10,compound_proxy,000050_jung_051_v01,docres_classical040_blend_0.70,19.577453586184493,0.7033208012580872,0.6137214600281029
plus10,compound_proxy,000051_jung_052_v00,classical_shadow_0.40,18.447216706825113,0.5622367858886719,0.0796835745985107
plus10,compound_proxy,000051_jung_052_v01,docres_classical040_blend_0.95,14.051581855673373,0.5252028107643127,0.34232783278698725
plus10,compound_proxy,000057_jung_058_v00,docres_classical040_blend_0.70,18.907606048304128,0.5994526147842407,0.11168909179075578
plus10,compound_proxy,000057_jung_058_v01,docres_classical040_blend_0.95,17.725537549314833,0.7293848395347595,0.6855710793565659
plus10,dibco18,dibco18_001,binary_docres_blend_0.90,23.731060170970594,0.9683055281639099,0.4232938568691044
plus10,dibco18,dibco18_007,docres_classical040_blend_0.70,14.415651848721048,0.7647356986999512,0.1037092739985356
plus10,dibco18,dibco18_008,docres_binarization,19.496589516540503,0.9460956454277039,0.3999210367537726
plus10,dibco19,dibco19_a_008,binary_input_blend_0.90,20.045874490650448,0.934148907661438,0.43853784748910185
plus10,jung,jung_003,docres_classical040_blend_0.95,24.39860262736977,0.9437568783760071,0.38472779120579387
plus10,jung,jung_020,docres_classical040_blend_0.95,22.559780117497027,0.9337794780731201,0.18237077867196005
plus10,jung,jung_029,docres_classical040_blend_0.95,24.518328973766348,0.9081172943115234,0.2223463451115446
plus10,jung,jung_046,docres_classical040_blend_0.80,23.55929863874641,0.9420727491378784,0.19956673940293568
plus10,jung,jung_048,docres_input_blend_0.70,23.040040614866175,0.9493050575256348,0.2216248314092381
plus10,jung,jung_052,docres_classical040_blend_0.95,24.53167930856306,0.9452921748161316,0.3143849885531576
plus10,jung,jung_053,docres_classical040_blend_0.95,24.12718322819551,0.9473910927772522,0.32327678618106453
plus10,jung,jung_058,docres_classical040_blend_0.85,23.284402484313755,0.9407913088798523,0.23785323487421892
plus10,jung,jung_061,docres_classical040_blend_0.70,23.741402632496545,0.9334319233894348,0.2755690761583671
plus10,jung,jung_063,classical_shadow_0.70,18.09766990167966,0.882344663143158,0.29969689007024525
plus10,jung,jung_067,docres_classical040_blend_0.70,23.34266182157026,0.8950330018997192,0.3007205128974531
plus10,jung,jung_069,docres_classical040_blend_0.95,23.570743779022223,0.879854679107666,0.3068061136621567
plus10,jung,jung_074,classical_shadow_0.70,14.41799400658101,0.8078306317329407,0.34419506591479754
plus10,jung,jung_075,docres_classical040_blend_0.95,22.937576388465253,0.9664886593818665,0.3513912714959779
plus10,jung,jung_082,docres_classical040_blend_0.70,24.447564738891018,0.9721799492835999,0.08305074567362636
plus10,kligler,natiCHW01_06,docres_classical040_blend_0.85,29.93145963791012,0.9592540860176086,0.5844819209092134
plus10,kligler,natiCHW02_04,docres_input_blend_0.70,15.848758707702462,0.902313232421875,0.3821323057944235
plus10,kligler,natiCHW02_05,classical_shadow_0.40,18.072012064642976,0.8967666625976562,0.2378431353470178
plus10,kligler,natiCHW03_05,docres_classical040_blend_0.95,34.2856115172184,0.9569035768508911,0.5141711501311389
plus10,kligler,natiCHW04_03,docres_classical040_blend_0.95,33.19073453275495,0.969333291053772,0.6213252654427627
plus10,kligler,natiCHW04_05,docres_classical040_blend_0.95,29.98067291178124,0.9596495032310486,0.5700540167020183
plus10,kligler,natiCHW04_12,docres_classical040_blend_0.95,32.27306224777869,0.9637583494186401,0.5459421581045599
plus10,kligler,natiCPO01_02,classical_shadow_0.40,21.247716496659482,0.9464111924171448,0.24838883277501694
plus10,kligler,natiCPO02_02,docres_classical040_blend_0.70,28.588274067127916,0.9811182022094727,0.3711424705583457
plus10,kligler,natiCPO03_01,docres_classical040_blend_0.95,33.18407289816069,0.9673749804496765,0.39191343471801543
plus10,kligler,natiCPO03_09,docres_classical040_blend_0.85,32.65403924837258,0.963334858417511,0.41282242866497343
plus10,kligler,natiCPO04_04,docres_classical040_blend_0.95,31.39565433080682,0.9597483277320862,0.3846183407641899
plus10,kligler,natiCPO04_08,docres_classical040_blend_0.95,31.552190811018313,0.9613658785820007,0.38743783346169897
plus10,kligler,natiCPO05_01,docres_classical040_blend_0.85,28.083885190437357,0.9665718674659729,0.24828223244906747
plus10,kligler,natiCPO06_04,docres_classical040_blend_0.85,30.805167950709098,0.965350866317749,0.2245260505495546
plus10,kligler,natiCPO06_05,docres_classical040_blend_0.95,25.7033714222945,0.9565160274505615,0.35817859725370704
plus10,kligler,natiCPO06_06,docres_classical040_blend_0.80,26.635119706299363,0.961273729801178,0.3392661541439916
plus10,kligler,natiCPO06_10,docres_classical040_blend_0.80,26.952934042726824,0.9245197176933289,0.3765895487760013
plus10,kligler,natiCPO07_03,docres_classical040_blend_0.90,27.44517465318671,0.9488134980201721,0.5440353199540077
plus10,kligler,natiCPO07_09,docres_classical040_blend_0.95,29.43834179771857,0.9141252636909485,0.4621596596578813
plus10,kligler,natiCPO07_12,docres_classical040_blend_0.90,30.00378372970205,0.9297209978103638,0.37780880714386134
plus10,kligler,natiCPO08_01,docres_classical040_blend_0.95,26.340600435017624,0.9715269804000854,0.33628635365178855
plus10,kligler,natiCPO08_02,docres_classical040_blend_0.70,28.631450980806523,0.9765697717666626,0.31837282849218906
plus10,kligler,natiCPO08_05,docres_classical040_blend_0.95,27.257918696677017,0.9725526571273804,0.33701465753727267
plus10,kligler,natiCPO08_06,docres_classical040_blend_0.90,27.154784808039523,0.961370050907135,0.34525378193869766
plus10,kligler,natiCPR01_01,docres_classical040_blend_0.70,26.27770017030255,0.9685094356536865,0.3361485500817294
plus10,kligler,natiCPR01_10,docres_classical040_blend_0.70,26.694305538810355,0.9474167227745056,0.27529742763815734
plus10,kligler,natiCPR01_11,docres_classical040_blend_0.70,25.857590942291793,0.9345479011535645,0.28414721881597266
plus10,kligler,natiCPR01_14,docres_classical040_blend_0.70,25.595896498472,0.9334339499473572,0.30498823178065204
plus10,kligler,natiCPR02_10,docres_classical040_blend_0.95,27.67294936610936,0.9402205944061279,0.39016968787539347
plus10,kligler,natiCPR02_12,docres_classical040_blend_0.95,26.815077003880706,0.9393082857131958,0.4003700031947197
plus10,kligler,natiCPR03_07,docres_classical040_blend_0.85,29.891901034756224,0.9646561741828918,0.3013562347337737
plus10,kligler,natiCPR03_09,docres_classical040_blend_0.95,27.176822890621636,0.9673387408256531,0.3527665448715025
plus10,kligler,natiCPR03_11,docres_classical040_blend_0.95,28.71553764773747,0.9630534648895264,0.3965638774738989
plus10,kligler,natiCPR04_06,docres_classical040_blend_0.95,30.812931533139466,0.9552860856056213,0.4341209224053396
plus10,kligler,natiCPR04_09,docres_classical040_blend_0.95,30.709823554219863,0.9525705575942993,0.4138086039311524
plus10,kligler,natiCPR04_11,docres_classical040_blend_0.90,29.79238786669058,0.9523207545280457,0.3852652085496222
plus10,kligler,natiCPR05_03,docres_classical040_blend_0.90,27.988106753151282,0.9660173058509827,0.37339624110340736
plus10,kligler,natiCPR05_07,docres_classical040_blend_0.95,32.36811297767639,0.9603868126869202,0.3737956757089277
plus10,kligler,natiCPR05_12,docres_classical040_blend_0.95,30.163961857503004,0.9433093070983887,0.37279601945747254
plus10,kligler,natiCSY01_02,docres_classical040_blend_0.85,27.380715425854195,0.9355969429016113,0.3986918573972568
plus10,kligler,natiCSY01_04,docres_classical040_blend_0.80,27.193074242465272,0.9351697564125061,0.4389207500723297
plus10,kligler,natiCSY01_07,docres_classical040_blend_0.95,25.05506496803241,0.9371445775032043,0.4844941512329519
plus10,kligler,natiCSY01_08,docres_classical040_blend_0.95,25.1722552903869,0.9302104711532593,0.5482061695051904
plus10,kligler,natiCSY01_11,docres_input_blend_0.85,20.352371582557083,0.8801373839378357,0.4235739559521177
plus10,kligler,natiCSY01_12,docres_classical040_blend_0.80,28.02030908572178,0.9698378443717957,0.3963453317165844
plus10,kligler,natiCSY01_15,docres_classical040_blend_0.85,27.622706770113574,0.9708419442176819,0.3263120952850446
plus10,kligler,natiCSY02_01,docres_classical040_blend_0.95,30.34570377493576,0.9734639525413513,0.40561986128045846
plus10,kligler,natiCSY02_02,docres_classical040_blend_0.95,28.16517852385123,0.9752157926559448,0.3731239187284763
plus10,kligler,natiCSY02_10,docres_classical040_blend_0.70,29.66661706210187,0.9756647348403931,0.3827172819871068
plus10,kligler,natiCSY03_02,docres_classical040_blend_0.80,33.61877618859018,0.9764516353607178,0.26356781335572477
plus10,kligler,natiCSY03_03,docres_classical040_blend_0.80,30.459489419473677,0.9717348217964172,0.37072018356509456
plus10,kligler,natiCSY03_05,docres_classical040_blend_0.95,29.474328435282402,0.9675540924072266,0.36282947618482436
plus10,kligler,natiCSY03_06,docres_classical040_blend_0.90,29.281269727240073,0.9674035906791687,0.3465783418401892
plus10,kligler,natiCSY04_06,docres_classical040_blend_0.95,27.365196324200305,0.960216760635376,0.3133732676529109
plus10,kligler,natiCSY04_14,docres_classical040_blend_0.95,27.545763075257106,0.9460063576698303,0.3313161216749003
plus10,kligler,natiCSY04_15,docres_classical040_blend_0.95,28.070946599338388,0.9482516050338745,0.2751043676097303
plus10,kligler,natiCSY06_02,docres_classical040_blend_0.95,23.867873666428913,0.9278667569160461,0.35172612679053905
plus10,kligler,natiCSY06_04,docres_classical040_blend_0.95,24.430740667678762,0.9238145351409912,0.4682384923429012
plus10,kligler,natiCSY06_11,docres_deshadow,26.003244631967096,0.941313624382019,0.20064955551036867
plus10,kligler,natiCSY06_12,docres_classical040_blend_0.95,23.48762615165453,0.9286542534828186,0.4782613338310906
plus10,kligler,natiCSY06_14,docres_classical040_blend_0.95,26.126793950200184,0.9367345571517944,0.2568467488163946
plus10,kligler,natiCSY07_08,docres_classical040_blend_0.95,28.759260833287005,0.9695141911506653,0.39384657542762
plus10,kligler,natiCSY07_13,docres_classical040_blend_0.95,24.750238113673152,0.9663045406341553,0.40484271913539416
minus20,compound_proxy,000004_jung_005_v00,docres_deshadow,15.514459453136686,0.47388091683387756,0.08886183097864084
minus20,compound_proxy,000004_jung_005_v01,docres_classical040_blend_0.70,17.50562443814883,0.4869964122772217,0.6328288930467147
minus20,compound_proxy,000005_jung_006_v00,classical_shadow_0.40,21.963546739754037,0.9600828289985657,0.08259646745068885
minus20,compound_proxy,000005_jung_006_v01,docres_input_blend_0.95,20.098353440492946,0.7454143166542053,0.12922287009275263
minus20,compound_proxy,000013_jung_014_v00,docres_classical040_blend_0.95,16.494341073961177,0.5168617963790894,0.27795699215249536
minus20,compound_proxy,000013_jung_014_v01,docres_classical040_blend_0.70,16.942845655058253,0.9326483607292175,0.24401640546127107
minus20,compound_proxy,000016_jung_017_v00,classical_shadow_0.40,17.312870775055874,0.4676584005355835,0.11914858641955789
minus20,compound_proxy,000016_jung_017_v01,docres_classical040_blend_0.70,29.08083805031829,0.9949883818626404,0.3804147055104874
minus20,compound_proxy,000023_jung_024_v00,docres_classical040_blend_0.70,20.80795269629536,0.9872657060623169,0.2904562248615214
minus20,compound_proxy,000023_jung_024_v01,docres_input_blend_0.80,19.177435414437596,0.6348728537559509,0.433680662625687
minus20,compound_proxy,000025_jung_026_v00,docres_input_blend_0.70,18.81233912724546,0.7591919898986816,0.211604890276057
minus20,compound_proxy,000025_jung_026_v01,docres_input_blend_0.70,25.393143681495545,0.9169530272483826,0.37046128235165654
minus20,compound_proxy,000030_jung_031_v00,docres_classical040_blend_0.90,24.767116168264995,0.8610636591911316,0.35443838239566033
minus20,compound_proxy,000030_jung_031_v01,docres_classical040_blend_0.70,25.480382615020886,0.9891568422317505,0.4223720236721059
minus20,compound_proxy,000031_jung_032_v00,classical_shadow_0.40,22.49922346094474,0.9907900094985962,0.1846826418106025
minus20,compound_proxy,000031_jung_032_v01,docres_input_blend_0.70,30.676644413623514,0.994358241558075,0.49791489080642454
minus20,compound_proxy,000037_jung_038_v00,docres_input_blend_0.80,18.85890248452347,0.5322329998016357,0.8165174491407738
minus20,compound_proxy,000037_jung_038_v01,docres_classical040_blend_0.95,22.55957686117886,0.7125717401504517,0.7674479471814405
minus20,compound_proxy,000038_jung_039_v00,binary_docres_blend_0.90,14.161407145447221,0.5947793126106262,0.7094740610031208
minus20,compound_proxy,000038_jung_039_v01,docres_classical040_blend_0.95,22.272086570756287,0.7164282202720642,0.3328147530269175
minus20,compound_proxy,000043_jung_044_v00,docres_input_blend_0.95,20.389491144270657,0.5131186246871948,0.1390854653180595
minus20,compound_proxy,000043_jung_044_v01,docres_input_blend_0.70,20.262526527914044,0.6922286152839661,0.681980691469691
minus20,compound_proxy,000046_jung_047_v00,classical_shadow_0.40,18.59560916153212,0.5597224235534668,0.09629416309762912
minus20,compound_proxy,000046_jung_047_v01,docres_input_blend_0.90,20.836315839703992,0.5992826223373413,0.316577393215627
minus20,compound_proxy,000050_jung_051_v00,docres_input_blend_0.80,22.373383297955574,0.9042742848396301,0.6752269385935257
minus20,compound_proxy,000050_jung_051_v01,docres_classical040_blend_0.70,19.577453586184493,0.7033208012580872,0.5787104783288597
minus20,compound_proxy,000051_jung_052_v00,classical_shadow_0.40,18.447216706825113,0.5622367858886719,0.08803653793183647
minus20,compound_proxy,000051_jung_052_v01,docres_classical040_blend_0.95,14.051581855673373,0.5252028107643127,0.39570995859185226
minus20,compound_proxy,000057_jung_058_v00,docres_classical040_blend_0.70,18.907606048304128,0.5994526147842407,0.13307942349153162
minus20,compound_proxy,000057_jung_058_v01,docres_classical040_blend_0.95,17.725537549314833,0.7293848395347595,0.6137029920982413
minus20,dibco18,dibco18_001,docres_binarization,24.626949580766507,0.9783604145050049,0.4170815617455451
minus20,dibco18,dibco18_007,docres_classical040_blend_0.95,14.190705113525826,0.7646551728248596,0.10536407825403163
minus20,dibco18,dibco18_008,docres_binarization,19.496589516540503,0.9460956454277039,0.3829626588172862
minus20,dibco19,dibco19_a_008,binary_input_blend_0.90,20.045874490650448,0.934148907661438,0.3860092695285206
minus20,jung,jung_003,docres_classical040_blend_0.95,24.39860262736977,0.9437568783760071,0.4514852633357881
minus20,jung,jung_020,docres_classical040_blend_0.95,22.559780117497027,0.9337794780731201,0.2011479391748226
minus20,jung,jung_029,docres_classical040_blend_0.95,24.518328973766348,0.9081172943115234,0.25525415909554183
minus20,jung,jung_046,docres_classical040_blend_0.80,23.55929863874641,0.9420727491378784,0.22686596074818832
minus20,jung,jung_048,docres_input_blend_0.70,23.040040614866175,0.9493050575256348,0.274660687705707
minus20,jung,jung_052,docres_classical040_blend_0.70,24.357165871484035,0.9454631805419922,0.3671065096257265
minus20,jung,jung_053,docres_classical040_blend_0.80,24.059219113178226,0.9471439719200134,0.38533088811998717
minus20,jung,jung_058,docres_classical040_blend_0.85,23.284402484313755,0.9407913088798523,0.2744312509433073
minus20,jung,jung_061,docres_classical040_blend_0.90,23.00493658011963,0.9304565191268921,0.33728316208321424
minus20,jung,jung_063,classical_shadow_0.70,18.09766990167966,0.882344663143158,0.3526595416586461
minus20,jung,jung_067,docres_classical040_blend_0.85,23.466999966368114,0.8950761556625366,0.37408483183554886
minus20,jung,jung_069,docres_classical040_blend_0.95,23.570743779022223,0.879854679107666,0.359324809407149
minus20,jung,jung_074,classical_shadow_0.70,14.41799400658101,0.8078306317329407,0.34182220267199653
minus20,jung,jung_075,docres_classical040_blend_0.95,22.937576388465253,0.9664886593818665,0.4219346849164921
minus20,jung,jung_082,docres_classical040_blend_0.70,24.447564738891018,0.9721799492835999,0.08008343694522557
minus20,kligler,natiCHW01_06,docres_classical040_blend_0.85,29.93145963791012,0.9592540860176086,0.6166175661377808
minus20,kligler,natiCHW02_04,docres_input_blend_0.70,15.848758707702462,0.902313232421875,0.4345278804007927
minus20,kligler,natiCHW02_05,classical_shadow_0.40,18.072012064642976,0.8967666625976562,0.23038630726547737
minus20,kligler,natiCHW03_05,docres_classical040_blend_0.95,34.2856115172184,0.9569035768508911,0.5621407017628315
minus20,kligler,natiCHW04_03,docres_classical040_blend_0.95,33.19073453275495,0.969333291053772,0.6454974216310688
minus20,kligler,natiCHW04_05,docres_classical040_blend_0.95,29.98067291178124,0.9596495032310486,0.6210260616353973
minus20,kligler,natiCHW04_12,docres_classical040_blend_0.85,30.28001272240683,0.964353621006012,0.5902456247339719
minus20,kligler,natiCPO01_02,classical_shadow_0.40,21.247716496659482,0.9464111924171448,0.2242914639684548
minus20,kligler,natiCPO02_02,docres_classical040_blend_0.70,28.588274067127916,0.9811182022094727,0.42839659780552464
minus20,kligler,natiCPO03_01,docres_classical040_blend_0.95,33.18407289816069,0.9673749804496765,0.4464316296766925
minus20,kligler,natiCPO03_09,docres_classical040_blend_0.85,32.65403924837258,0.963334858417511,0.4645395086502571
minus20,kligler,natiCPO04_04,docres_classical040_blend_0.95,31.39565433080682,0.9597483277320862,0.44054363290496795
minus20,kligler,natiCPO04_08,docres_classical040_blend_0.95,31.552190811018313,0.9613658785820007,0.4417868111385593
minus20,kligler,natiCPO05_01,docres_classical040_blend_0.85,28.083885190437357,0.9665718674659729,0.2625216278976287
minus20,kligler,natiCPO06_04,docres_classical040_blend_0.80,30.177862191351984,0.9641496539115906,0.2602343454625915
minus20,kligler,natiCPO06_05,docres_classical040_blend_0.95,25.7033714222945,0.9565160274505615,0.41198082579165474
minus20,kligler,natiCPO06_06,docres_classical040_blend_0.80,26.635119706299363,0.961273729801178,0.39961536999711844
minus20,kligler,natiCPO06_10,docres_classical040_blend_0.80,26.952934042726824,0.9245197176933289,0.43257791623355446
minus20,kligler,natiCPO07_03,docres_classical040_blend_0.95,27.35785296288693,0.9483636617660522,0.5714866209037716
minus20,kligler,natiCPO07_09,docres_classical040_blend_0.95,29.43834179771857,0.9141252636909485,0.5045094710389761
minus20,kligler,natiCPO07_12,docres_classical040_blend_0.90,30.00378372970205,0.9297209978103638,0.4184517775018928
minus20,kligler,natiCPO08_01,docres_classical040_blend_0.95,26.340600435017624,0.9715269804000854,0.40056531005247487
minus20,kligler,natiCPO08_02,docres_classical040_blend_0.70,28.631450980806523,0.9765697717666626,0.3899086769411399
minus20,kligler,natiCPO08_05,docres_classical040_blend_0.95,27.257918696677017,0.9725526571273804,0.4014109468406959
minus20,kligler,natiCPO08_06,docres_classical040_blend_0.90,27.154784808039523,0.961370050907135,0.4094242084968161
minus20,kligler,natiCPR01_01,docres_classical040_blend_0.80,26.189124308533863,0.9691545963287354,0.4134751054852559
minus20,kligler,natiCPR01_10,docres_classical040_blend_0.80,26.950243768217423,0.9485692977905273,0.3387623033866604
minus20,kligler,natiCPR01_11,docres_classical040_blend_0.70,25.857590942291793,0.9345479011535645,0.35323796292172305
minus20,kligler,natiCPR01_14,docres_classical040_blend_0.80,25.310346803577666,0.9343934655189514,0.3795684780523302
minus20,kligler,natiCPR02_10,docres_classical040_blend_0.95,27.67294936610936,0.9402205944061279,0.45300738869162954
minus20,kligler,natiCPR02_12,docres_classical040_blend_0.95,26.815077003880706,0.9393082857131958,0.46594127921701844
minus20,kligler,natiCPR03_07,docres_classical040_blend_0.85,29.891901034756224,0.9646561741828918,0.3592409539606626
minus20,kligler,natiCPR03_09,docres_classical040_blend_0.95,27.176822890621636,0.9673387408256531,0.41495536358220714
minus20,kligler,natiCPR03_11,docres_classical040_blend_0.90,29.009093728804366,0.9644821286201477,0.4593667896902755
minus20,kligler,natiCPR04_06,docres_classical040_blend_0.90,31.062526738912304,0.9557791948318481,0.49046830682087944
minus20,kligler,natiCPR04_09,docres_classical040_blend_0.95,30.709823554219863,0.9525705575942993,0.47262601187332753
minus20,kligler,natiCPR04_11,docres_classical040_blend_0.90,29.79238786669058,0.9523207545280457,0.4437505133951799
minus20,kligler,natiCPR05_03,docres_classical040_blend_0.85,28.6106493417886,0.9665518999099731,0.43550601922769233
minus20,kligler,natiCPR05_07,docres_classical040_blend_0.80,31.87808246288703,0.9613686203956604,0.4386827572833528
minus20,kligler,natiCPR05_12,docres_classical040_blend_0.95,30.163961857503004,0.9433093070983887,0.4334860194734065
minus20,kligler,natiCSY01_02,docres_classical040_blend_0.85,27.380715425854195,0.9355969429016113,0.4484023270214388
minus20,kligler,natiCSY01_04,docres_classical040_blend_0.90,26.95038621616264,0.9350895881652832,0.4846895016038852
minus20,kligler,natiCSY01_07,docres_classical040_blend_0.80,25.53231251957278,0.9392399787902832,0.5205775852198484
minus20,kligler,natiCSY01_08,docres_classical040_blend_0.95,25.1722552903869,0.9302104711532593,0.5780551477178272
minus20,kligler,natiCSY01_11,docres_classical040_blend_0.95,19.195062257659707,0.8760318756103516,0.48056872319712474
minus20,kligler,natiCSY01_12,docres_classical040_blend_0.80,28.02030908572178,0.9698378443717957,0.4481440661835553
minus20,kligler,natiCSY01_15,docres_classical040_blend_0.85,27.622706770113574,0.9708419442176819,0.3631701068673596
minus20,kligler,natiCSY02_01,docres_classical040_blend_0.95,30.34570377493576,0.9734639525413513,0.4614999201314212
minus20,kligler,natiCSY02_02,docres_classical040_blend_0.95,28.16517852385123,0.9752157926559448,0.43423681030992795
minus20,kligler,natiCSY02_10,docres_classical040_blend_0.95,28.910716672829775,0.9735665321350098,0.445332946963887
minus20,kligler,natiCSY03_02,docres_classical040_blend_0.80,33.61877618859018,0.9764516353607178,0.30720368701034445
minus20,kligler,natiCSY03_03,docres_classical040_blend_0.80,30.459489419473677,0.9717348217964172,0.4307672175238794
minus20,kligler,natiCSY03_05,docres_classical040_blend_0.95,29.474328435282402,0.9675540924072266,0.42136080023020767
minus20,kligler,natiCSY03_06,docres_classical040_blend_0.90,29.281269727240073,0.9674035906791687,0.40904769213495695
minus20,kligler,natiCSY04_06,docres_classical040_blend_0.90,27.90960592391286,0.9621776938438416,0.34747475839107533
minus20,kligler,natiCSY04_14,docres_classical040_blend_0.85,28.490119617010066,0.9467955827713013,0.3674805304962818
minus20,kligler,natiCSY04_15,docres_classical040_blend_0.95,28.070946599338388,0.9482516050338745,0.2959008832148236
minus20,kligler,natiCSY06_02,docres_classical040_blend_0.95,23.867873666428913,0.9278667569160461,0.37662331280804384
minus20,kligler,natiCSY06_04,docres_classical040_blend_0.80,23.72299074003007,0.9225780963897705,0.5140040580411241
minus20,kligler,natiCSY06_11,docres_deshadow,26.003244631967096,0.941313624382019,0.20190635702138973
minus20,kligler,natiCSY06_12,docres_classical040_blend_0.95,23.48762615165453,0.9286542534828186,0.5158209276409633
minus20,kligler,natiCSY06_14,docres_input_blend_0.95,26.792985925189,0.9385918974876404,0.2632788646999025
minus20,kligler,natiCSY07_08,docres_classical040_blend_0.95,28.759260833287005,0.9695141911506653,0.45038078612104465
minus20,kligler,natiCSY07_13,docres_classical040_blend_0.95,24.750238113673152,0.9663045406341553,0.4595130252236781
plus20,compound_proxy,000004_jung_005_v00,classical_shadow_0.40,15.655339566709385,0.4562458395957947,0.14527031150834063
plus20,compound_proxy,000004_jung_005_v01,docres_classical040_blend_0.90,16.81975232327141,0.48715129494667053,0.6359326719032021
plus20,compound_proxy,000005_jung_006_v00,classical_shadow_0.40,21.963546739754037,0.9600828289985657,0.08398511796314229
plus20,compound_proxy,000005_jung_006_v01,docres_classical040_blend_0.70,20.248213077392823,0.747131884098053,0.17892826658910005
plus20,compound_proxy,000013_jung_014_v00,docres_classical040_blend_0.70,16.664234035603474,0.5440705418586731,0.5320111878340227
plus20,compound_proxy,000013_jung_014_v01,docres_classical040_blend_0.70,16.942845655058253,0.9326483607292175,0.1939507798230894
plus20,compound_proxy,000016_jung_017_v00,classical_shadow_0.40,17.312870775055874,0.4676584005355835,0.13228346831249857
plus20,compound_proxy,000016_jung_017_v01,docres_classical040_blend_0.70,29.08083805031829,0.9949883818626404,0.2958074399236008
plus20,compound_proxy,000023_jung_024_v00,docres_classical040_blend_0.70,20.80795269629536,0.9872657060623169,0.2214674326631494
plus20,compound_proxy,000023_jung_024_v01,docres_input_blend_0.80,19.177435414437596,0.6348728537559509,0.34777508328272133
plus20,compound_proxy,000025_jung_026_v00,docres_input_blend_0.70,18.81233912724546,0.7591919898986816,0.17945937898091607
plus20,compound_proxy,000025_jung_026_v01,docres_input_blend_0.70,25.393143681495545,0.9169530272483826,0.40960505518566553
plus20,compound_proxy,000030_jung_031_v00,docres_classical040_blend_0.90,24.767116168264995,0.8610636591911316,0.35965437087516294
plus20,compound_proxy,000030_jung_031_v01,docres_classical040_blend_0.70,25.480382615020886,0.9891568422317505,0.33368763028027415
plus20,compound_proxy,000031_jung_032_v00,classical_shadow_0.40,22.49922346094474,0.9907900094985962,0.19125201889675555
plus20,compound_proxy,000031_jung_032_v01,docres_input_blend_0.70,30.676644413623514,0.994358241558075,0.40429743021554065
plus20,compound_proxy,000037_jung_038_v00,docres_input_blend_0.80,18.85890248452347,0.5322329998016357,0.8599288007495813
plus20,compound_proxy,000037_jung_038_v01,docres_classical040_blend_0.95,22.55957686117886,0.7125717401504517,0.806124395740103
plus20,compound_proxy,000038_jung_039_v00,binary_docres_blend_0.75,15.71264227053593,0.7264304161071777,0.7273940048291361
plus20,compound_proxy,000038_jung_039_v01,docres_classical040_blend_0.70,22.984874424480893,0.7478330731391907,0.5173828572888297
plus20,compound_proxy,000043_jung_044_v00,docres_classical040_blend_0.90,20.290490767594925,0.5112611651420593,0.32633511450103797
plus20,compound_proxy,000043_jung_044_v01,docres_input_blend_0.70,20.262526527914044,0.6922286152839661,0.7860693263544416
plus20,compound_proxy,000046_jung_047_v00,classical_shadow_0.40,18.59560916153212,0.5597224235534668,0.07841196999557101
plus20,compound_proxy,000046_jung_047_v01,docres_input_blend_0.90,20.836315839703992,0.5992826223373413,0.33410983541564987
plus20,compound_proxy,000050_jung_051_v00,docres_input_blend_0.80,22.373383297955574,0.9042742848396301,0.666942597322148
plus20,compound_proxy,000050_jung_051_v01,docres_classical040_blend_0.70,19.577453586184493,0.7033208012580872,0.6253917872611838
plus20,compound_proxy,000051_jung_052_v00,classical_shadow_0.40,18.447216706825113,0.5622367858886719,0.07689925348740212
plus20,compound_proxy,000051_jung_052_v01,docres_classical040_blend_0.95,14.051581855673373,0.5252028107643127,0.32453379085203227
plus20,compound_proxy,000057_jung_058_v00,docres_classical040_blend_0.70,18.907606048304128,0.5994526147842407,0.1045589812238305
plus20,compound_proxy,000057_jung_058_v01,docres_classical040_blend_0.70,17.65180350939517,0.7375544309616089,0.666488263398572
plus20,dibco18,dibco18_001,binary_docres_blend_0.90,23.731060170970594,0.9683055281639099,0.43019316474139147
plus20,dibco18,dibco18_007,docres_classical040_blend_0.70,14.415651848721048,0.7647356986999512,0.10602038137800213
plus20,dibco18,dibco18_008,docres_binarization,19.496589516540503,0.9460956454277039,0.4055738293992681
plus20,dibco19,dibco19_a_008,binary_docres_blend_0.90,20.04625135336162,0.9343979358673096,0.4557431182122433
plus20,jung,jung_003,docres_classical040_blend_0.95,24.39860262736977,0.9437568783760071,0.36247530049579585
plus20,jung,jung_020,docres_classical040_blend_0.95,22.559780117497027,0.9337794780731201,0.17611172517100587
plus20,jung,jung_029,docres_input_blend_0.95,24.645469281739896,0.9088647365570068,0.2092117058477374
plus20,jung,jung_046,docres_classical040_blend_0.80,23.55929863874641,0.9420727491378784,0.19046699895451807
plus20,jung,jung_048,docres_input_blend_0.70,23.040040614866175,0.9493050575256348,0.20394621264374851
plus20,jung,jung_052,docres_classical040_blend_0.70,24.357165871484035,0.9454631805419922,0.276744786727552
plus20,jung,jung_053,docres_classical040_blend_0.95,24.12718322819551,0.9473910927772522,0.30018325665791334
plus20,jung,jung_058,docres_classical040_blend_0.85,23.284402484313755,0.9407913088798523,0.22566056285118946
plus20,jung,jung_061,docres_classical040_blend_0.70,23.741402632496545,0.9334319233894348,0.258650303488776
plus20,jung,jung_063,classical_shadow_0.70,18.09766990167966,0.882344663143158,0.28204267287411156
plus20,jung,jung_067,docres_classical040_blend_0.85,23.466999966368114,0.8950761556625366,0.2824898059572331
plus20,jung,jung_069,docres_classical040_blend_0.95,23.570743779022223,0.879854679107666,0.2892998817471593
plus20,jung,jung_074,classical_shadow_0.70,14.41799400658101,0.8078306317329407,0.34498602032906456
plus20,jung,jung_075,docres_classical040_blend_0.95,22.937576388465253,0.9664886593818665,0.32787680035580646
plus20,jung,jung_082,docres_classical040_blend_0.70,24.447564738891018,0.9721799492835999,0.08403984858309328
plus20,kligler,natiCHW01_06,docres_classical040_blend_0.85,29.93145963791012,0.9592540860176086,0.5737700391663576
plus20,kligler,natiCHW02_04,docres_input_blend_0.70,15.848758707702462,0.902313232421875,0.36466711425896703
plus20,kligler,natiCHW02_05,classical_shadow_0.40,18.072012064642976,0.8967666625976562,0.24032874470753124
plus20,kligler,natiCHW03_05,docres_classical040_blend_0.95,34.2856115172184,0.9569035768508911,0.4981812995872414
plus20,kligler,natiCHW04_03,docres_classical040_blend_0.95,33.19073453275495,0.969333291053772,0.6132678800466607
plus20,kligler,natiCHW04_05,docres_classical040_blend_0.95,29.98067291178124,0.9596495032310486,0.5530633350575586
plus20,kligler,natiCHW04_12,docres_classical040_blend_0.95,32.27306224777869,0.9637583494186401,0.5308575146807096
plus20,kligler,natiCPO01_02,classical_shadow_0.40,21.247716496659482,0.9464111924171448,0.25642128904387096
plus20,kligler,natiCPO02_02,docres_classical040_blend_0.95,28.980734308447488,0.9796654582023621,0.36256874375943726
plus20,kligler,natiCPO03_01,docres_classical040_blend_0.90,33.62914650124448,0.9688419103622437,0.3726901538094234
plus20,kligler,natiCPO03_09,docres_classical040_blend_0.85,32.65403924837258,0.963334858417511,0.39558340200321224
plus20,kligler,natiCPO04_04,docres_classical040_blend_0.95,31.39565433080682,0.9597483277320862,0.36597657671726386
plus20,kligler,natiCPO04_08,docres_classical040_blend_0.95,31.552190811018313,0.9613658785820007,0.36932150756941223
plus20,kligler,natiCPO05_01,docres_classical040_blend_0.80,27.92061053796033,0.9666532874107361,0.24417380393158883
plus20,kligler,natiCPO06_04,docres_classical040_blend_0.85,30.805167950709098,0.965350866317749,0.21274177609393535
plus20,kligler,natiCPO06_05,docres_classical040_blend_0.95,25.7033714222945,0.9565160274505615,0.3402445210743912
plus20,kligler,natiCPO06_06,docres_classical040_blend_0.80,26.635119706299363,0.961273729801178,0.31914974885961606
plus20,kligler,natiCPO06_10,docres_classical040_blend_0.70,26.128965219619488,0.922709047794342,0.3554673544842261
plus20,kligler,natiCPO07_03,docres_classical040_blend_0.95,27.35785296288693,0.9483636617660522,0.5352579190669963
plus20,kligler,natiCPO07_09,docres_classical040_blend_0.95,29.43834179771857,0.9141252636909485,0.448043055864183
plus20,kligler,natiCPO07_12,docres_classical040_blend_0.90,30.00378372970205,0.9297209978103638,0.36426115035785095
plus20,kligler,natiCPO08_01,docres_classical040_blend_0.95,26.340600435017624,0.9715269804000854,0.3148600348515598
plus20,kligler,natiCPO08_02,docres_classical040_blend_0.70,28.631450980806523,0.9765697717666626,0.2945275456758721
plus20,kligler,natiCPO08_05,docres_classical040_blend_0.95,27.257918696677017,0.9725526571273804,0.31554922776946503
plus20,kligler,natiCPO08_06,docres_classical040_blend_0.90,27.154784808039523,0.961370050907135,0.32386363975265814
plus20,kligler,natiCPR01_01,docres_classical040_blend_0.80,26.189124308533863,0.9691545963287354,0.3114043049727301
plus20,kligler,natiCPR01_10,docres_classical040_blend_0.80,26.950243768217423,0.9485692977905273,0.25464100631689957
plus20,kligler,natiCPR01_11,docres_classical040_blend_0.70,25.857590942291793,0.9345479011535645,0.2611169707807225
plus20,kligler,natiCPR01_14,docres_classical040_blend_0.80,25.310346803577666,0.9343934655189514,0.2796496851937744
plus20,kligler,natiCPR02_10,docres_classical040_blend_0.90,27.83009729563373,0.9412931799888611,0.36449411498361256
plus20,kligler,natiCPR02_12,docres_classical040_blend_0.95,26.815077003880706,0.9393082857131958,0.3785129111872869
plus20,kligler,natiCPR03_07,docres_classical040_blend_0.85,29.891901034756224,0.9646561741828918,0.2820613283248108
plus20,kligler,natiCPR03_09,docres_classical040_blend_0.95,27.176822890621636,0.9673387408256531,0.332036938634601
plus20,kligler,natiCPR03_11,docres_classical040_blend_0.95,28.71553764773747,0.9630534648895264,0.37476631138820937
plus20,kligler,natiCPR04_06,docres_classical040_blend_0.95,30.812931533139466,0.9552860856056213,0.4147674156573099
plus20,kligler,natiCPR04_09,docres_classical040_blend_0.95,30.709823554219863,0.9525705575942993,0.39420280128376073
plus20,kligler,natiCPR04_11,docres_classical040_blend_0.90,29.79238786669058,0.9523207545280457,0.36577010693443635
plus20,kligler,natiCPR05_03,docres_classical040_blend_0.85,28.6106493417886,0.9665518999099731,0.3492622271899929
plus20,kligler,natiCPR05_07,docres_classical040_blend_0.80,31.87808246288703,0.9613686203956604,0.3483851590053204
plus20,kligler,natiCPR05_12,docres_classical040_blend_0.95,30.163961857503004,0.9433093070983887,0.3525660194521612
plus20,kligler,natiCSY01_02,docres_classical040_blend_0.90,27.106290231016136,0.9347274899482727,0.38596328769978516
plus20,kligler,natiCSY01_04,docres_classical040_blend_0.95,26.71146035501532,0.9341444373130798,0.4308176890514418
plus20,kligler,natiCSY01_07,docres_classical040_blend_0.80,25.53231251957278,0.9392399787902832,0.4625530194323976
plus20,kligler,natiCSY01_08,docres_classical040_blend_0.95,25.1722552903869,0.9302104711532593,0.5382565101009781
plus20,kligler,natiCSY01_11,docres_input_blend_0.85,20.352371582557083,0.8801373839378357,0.4079874801019047
plus20,kligler,natiCSY01_12,docres_classical040_blend_0.80,28.02030908572178,0.9698378443717957,0.3790790868942608
plus20,kligler,natiCSY01_15,docres_classical040_blend_0.85,27.622706770113574,0.9708419442176819,0.31402609142427296
plus20,kligler,natiCSY02_01,docres_classical040_blend_0.95,30.34570377493576,0.9734639525413513,0.3869931749968042
plus20,kligler,natiCSY02_02,docres_classical040_blend_0.95,28.16517852385123,0.9752157926559448,0.3527529548679924
plus20,kligler,natiCSY02_10,docres_classical040_blend_0.95,28.910716672829775,0.9735665321350098,0.3655677063158592
plus20,kligler,natiCSY03_02,docres_classical040_blend_0.80,33.61877618859018,0.9764516353607178,0.24902252213751824
plus20,kligler,natiCSY03_03,docres_classical040_blend_0.80,30.459489419473677,0.9717348217964172,0.350704505578833
plus20,kligler,natiCSY03_05,docres_classical040_blend_0.95,29.474328435282402,0.9675540924072266,0.3433190348363632
plus20,kligler,natiCSY03_06,docres_classical040_blend_0.90,29.281269727240073,0.9674035906791687,0.3257552250752666
plus20,kligler,natiCSY04_06,docres_classical040_blend_0.95,27.365196324200305,0.960216760635376,0.30134670077056513
plus20,kligler,natiCSY04_14,docres_classical040_blend_0.80,28.766366421375725,0.9481219053268433,0.3110556990539451
plus20,kligler,natiCSY04_15,docres_classical040_blend_0.95,28.070946599338388,0.9482516050338745,0.26817219574136586
plus20,kligler,natiCSY06_02,docres_classical040_blend_0.95,23.867873666428913,0.9278667569160461,0.3434270647847041
plus20,kligler,natiCSY06_04,docres_classical040_blend_0.95,24.430740667678762,0.9238145351409912,0.4547847057460849
plus20,kligler,natiCSY06_11,docres_deshadow,26.003244631967096,0.941313624382019,0.20023062167336164
plus20,kligler,natiCSY06_12,docres_classical040_blend_0.95,23.48762615165453,0.9286542534828186,0.46574146922779963
plus20,kligler,natiCSY06_14,docres_classical040_blend_0.95,26.126793950200184,0.9367345571517944,0.25159181082956417
plus20,kligler,natiCSY07_08,docres_classical040_blend_0.95,28.759260833287005,0.9695141911506653,0.3750018385298118
plus20,kligler,natiCSY07_13,docres_classical040_blend_0.95,24.750238113673152,0.9663045406341553,0.38661928377263277
