dataset,sample_id,original_sample_id,split,split_rule
MixedDoc,mixeddoc_00000,010101_00988,test,"fnv1a32(sample_id)%10: train<6,val<8,test"
MixedDoc,mixeddoc_00001,010101_01008,train,"fnv1a32(sample_id)%10: train<6,val<8,test"
MixedDoc,mixeddoc_00002,010101_01162,train,"fnv1a32(sample_id)%10: train<6,val<8,test"
MixedDoc,mixeddoc_00003,010101_01194,train,"fnv1a32(sample_id)%10: train<6,val<8,test"
MixedDoc,mixeddoc_00004,010101_01220,train,"fnv1a32(sample_id)%10: train<6,val<8,test"
MixedDoc,mixeddoc_00005,010101_01245,val,"fnv1a32(sample_id)%10: train<6,val<8,test"
MixedDoc,mixeddoc_00006,010101_01247,val,"fnv1a32(sample_id)%10: train<6,val<8,test"
MixedDoc,mixeddoc_00007,010101_01256,test,"fnv1a32(sample_id)%10: train<6,val<8,test"
MixedDoc,mixeddoc_00008,010101_01275,val,"fnv1a32(sample_id)%10: train<6,val<8,test"
MixedDoc,mixeddoc_00009,010101_01346,test,"fnv1a32(sample_id)%10: train<6,val<8,test"
MixedDoc,mixeddoc_00010,010101_01434,train,"fnv1a32(sample_id)%10: train<6,val<8,test"
MixedDoc,mixeddoc_00011,010101_01443,test,"fnv1a32(sample_id)%10: train<6,val<8,test"
MixedDoc,mixeddoc_00012,010101_01446,test,"fnv1a32(sample_id)%10: train<6,val<8,test"
MixedDoc,mixeddoc_00013,010101_01511,val,"fnv1a32(sample_id)%10: train<6,val<8,test"
MixedDoc,mixeddoc_00014,010101_01517,val,"fnv1a32(sample_id)%10: train<6,val<8,test"
MixedDoc,mixeddoc_00015,010101_01550,train,"fnv1a32(sample_id)%10: train<6,val<8,test"
MixedDoc,mixeddoc_00016,010101_01557,train,"fnv1a32(sample_id)%10: train<6,val<8,test"
MixedDoc,mixeddoc_00017,010101_01565,train,"fnv1a32(sample_id)%10: train<6,val<8,test"
MixedDoc,mixeddoc_00018,010101_01614,test,"fnv1a32(sample_id)%10: train<6,val<8,test"
MixedDoc,mixeddoc_00019,010101_01659,val,"fnv1a32(sample_id)%10: train<6,val<8,test"
MixedDoc,mixeddoc_00020,010101_01662,train,"fnv1a32(sample_id)%10: train<6,val<8,test"
MixedDoc,mixeddoc_00021,010101_01664,train,"fnv1a32(sample_id)%10: train<6,val<8,test"
MixedDoc,mixeddoc_00022,010101_01717,test,"fnv1a32(sample_id)%10: train<6,val<8,test"
MixedDoc,mixeddoc_00023,010101_01778,train,"fnv1a32(sample_id)%10: train<6,val<8,test"
MixedDoc,mixeddoc_00024,010101_01798,val,"fnv1a32(sample_id)%10: train<6,val<8,test"
MixedDoc,mixeddoc_00025,010101_01813,test,"fnv1a32(sample_id)%10: train<6,val<8,test"
MixedDoc,mixeddoc_00026,010101_01867,train,"fnv1a32(sample_id)%10: train<6,val<8,test"
MixedDoc,mixeddoc_00027,010101_01893,val,"fnv1a32(sample_id)%10: train<6,val<8,test"
MixedDoc,mixeddoc_00028,010101_01895,train,"fnv1a32(sample_id)%10: train<6,val<8,test"
MixedDoc,mixeddoc_00029,010101_01905,train,"fnv1a32(sample_id)%10: train<6,val<8,test"
MixedDoc,mixeddoc_00030,010101_01936,test,"fnv1a32(sample_id)%10: train<6,val<8,test"
MixedDoc,mixeddoc_00031,010101_01977,val,"fnv1a32(sample_id)%10: train<6,val<8,test"
MixedDoc,mixeddoc_00032,010101_01997,train,"fnv1a32(sample_id)%10: train<6,val<8,test"
MixedDoc,mixeddoc_00033,010101_02037,test,"fnv1a32(sample_id)%10: train<6,val<8,test"
MixedDoc,mixeddoc_00034,010101_02070,train,"fnv1a32(sample_id)%10: train<6,val<8,test"
MixedDoc,mixeddoc_00035,010101_02121,train,"fnv1a32(sample_id)%10: train<6,val<8,test"
MixedDoc,mixeddoc_00036,010101_02139,train,"fnv1a32(sample_id)%10: train<6,val<8,test"
MixedDoc,mixeddoc_00037,010101_02151,train,"fnv1a32(sample_id)%10: train<6,val<8,test"
MixedDoc,mixeddoc_00038,010101_02154,val,"fnv1a32(sample_id)%10: train<6,val<8,test"
MixedDoc,mixeddoc_00039,010101_02203,train,"fnv1a32(sample_id)%10: train<6,val<8,test"
MixedDoc,mixeddoc_00040,010102_00004,test,"fnv1a32(sample_id)%10: train<6,val<8,test"
MixedDoc,mixeddoc_00041,010102_00028,train,"fnv1a32(sample_id)%10: train<6,val<8,test"
MixedDoc,mixeddoc_00042,010102_00030,train,"fnv1a32(sample_id)%10: train<6,val<8,test"
MixedDoc,mixeddoc_00043,010102_00055,train,"fnv1a32(sample_id)%10: train<6,val<8,test"
MixedDoc,mixeddoc_00044,010102_00062,train,"fnv1a32(sample_id)%10: train<6,val<8,test"
MixedDoc,mixeddoc_00045,010102_00105,train,"fnv1a32(sample_id)%10: train<6,val<8,test"
MixedDoc,mixeddoc_00046,010102_00121,train,"fnv1a32(sample_id)%10: train<6,val<8,test"
MixedDoc,mixeddoc_00047,010102_00131,val,"fnv1a32(sample_id)%10: train<6,val<8,test"
MixedDoc,mixeddoc_00048,010102_00153,train,"fnv1a32(sample_id)%10: train<6,val<8,test"
MixedDoc,mixeddoc_00049,010102_00180,train,"fnv1a32(sample_id)%10: train<6,val<8,test"
MixedDoc,mixeddoc_00050,010102_00220,train,"fnv1a32(sample_id)%10: train<6,val<8,test"
MixedDoc,mixeddoc_00051,010102_00245,test,"fnv1a32(sample_id)%10: train<6,val<8,test"
MixedDoc,mixeddoc_00052,010102_00281,test,"fnv1a32(sample_id)%10: train<6,val<8,test"
MixedDoc,mixeddoc_00053,010102_00288,val,"fnv1a32(sample_id)%10: train<6,val<8,test"
MixedDoc,mixeddoc_00054,010102_00323,train,"fnv1a32(sample_id)%10: train<6,val<8,test"
MixedDoc,mixeddoc_00055,010102_00332,train,"fnv1a32(sample_id)%10: train<6,val<8,test"
MixedDoc,mixeddoc_00056,010102_00355,train,"fnv1a32(sample_id)%10: train<6,val<8,test"
MixedDoc,mixeddoc_00057,010102_00380,train,"fnv1a32(sample_id)%10: train<6,val<8,test"
MixedDoc,mixeddoc_00058,010102_00386,train,"fnv1a32(sample_id)%10: train<6,val<8,test"
MixedDoc,mixeddoc_00059,010102_00390,train,"fnv1a32(sample_id)%10: train<6,val<8,test"
MixedDoc,mixeddoc_00060,010102_00415,train,"fnv1a32(sample_id)%10: train<6,val<8,test"
MixedDoc,mixeddoc_00061,010102_00493,train,"fnv1a32(sample_id)%10: train<6,val<8,test"
MixedDoc,mixeddoc_00062,010102_00497,train,"fnv1a32(sample_id)%10: train<6,val<8,test"
MixedDoc,mixeddoc_00063,010102_00552,train,"fnv1a32(sample_id)%10: train<6,val<8,test"
MixedDoc,mixeddoc_00064,010102_00559,val,"fnv1a32(sample_id)%10: train<6,val<8,test"
MixedDoc,mixeddoc_00065,010102_00577,test,"fnv1a32(sample_id)%10: train<6,val<8,test"
MixedDoc,mixeddoc_00066,010102_00578,train,"fnv1a32(sample_id)%10: train<6,val<8,test"
MixedDoc,mixeddoc_00067,010102_00642,val,"fnv1a32(sample_id)%10: train<6,val<8,test"
MixedDoc,mixeddoc_00068,010102_01324,train,"fnv1a32(sample_id)%10: train<6,val<8,test"
MixedDoc,mixeddoc_00069,010102_01325,train,"fnv1a32(sample_id)%10: train<6,val<8,test"
MixedDoc,mixeddoc_00070,010102_01326,train,"fnv1a32(sample_id)%10: train<6,val<8,test"
MixedDoc,mixeddoc_00071,010102_01341,train,"fnv1a32(sample_id)%10: train<6,val<8,test"
MixedDoc,mixeddoc_00072,010102_01374,val,"fnv1a32(sample_id)%10: train<6,val<8,test"
MixedDoc,mixeddoc_00073,010102_01382,train,"fnv1a32(sample_id)%10: train<6,val<8,test"
MixedDoc,mixeddoc_00074,010102_01491,train,"fnv1a32(sample_id)%10: train<6,val<8,test"
MixedDoc,mixeddoc_00075,010102_01498,test,"fnv1a32(sample_id)%10: train<6,val<8,test"
MixedDoc,mixeddoc_00076,010102_01518,train,"fnv1a32(sample_id)%10: train<6,val<8,test"
MixedDoc,mixeddoc_00077,010102_01522,train,"fnv1a32(sample_id)%10: train<6,val<8,test"
MixedDoc,mixeddoc_00078,010102_01529,train,"fnv1a32(sample_id)%10: train<6,val<8,test"
MixedDoc,mixeddoc_00079,010102_01531,train,"fnv1a32(sample_id)%10: train<6,val<8,test"
MixedDoc,mixeddoc_00080,010103_00005,val,"fnv1a32(sample_id)%10: train<6,val<8,test"
MixedDoc,mixeddoc_00081,010103_00007,test,"fnv1a32(sample_id)%10: train<6,val<8,test"
MixedDoc,mixeddoc_00082,010103_00023,test,"fnv1a32(sample_id)%10: train<6,val<8,test"
MixedDoc,mixeddoc_00083,010103_00032,train,"fnv1a32(sample_id)%10: train<6,val<8,test"
MixedDoc,mixeddoc_00084,010103_00060,train,"fnv1a32(sample_id)%10: train<6,val<8,test"
MixedDoc,mixeddoc_00085,010103_00062,train,"fnv1a32(sample_id)%10: train<6,val<8,test"
MixedDoc,mixeddoc_00086,010103_00067,train,"fnv1a32(sample_id)%10: train<6,val<8,test"
MixedDoc,mixeddoc_00087,010103_00068,val,"fnv1a32(sample_id)%10: train<6,val<8,test"
MixedDoc,mixeddoc_00088,010103_00073,test,"fnv1a32(sample_id)%10: train<6,val<8,test"
MixedDoc,mixeddoc_00089,010103_00077,train,"fnv1a32(sample_id)%10: train<6,val<8,test"
MixedDoc,mixeddoc_00090,010103_00080,test,"fnv1a32(sample_id)%10: train<6,val<8,test"
MixedDoc,mixeddoc_00091,010103_00104,val,"fnv1a32(sample_id)%10: train<6,val<8,test"
MixedDoc,mixeddoc_00092,010103_00118,val,"fnv1a32(sample_id)%10: train<6,val<8,test"
MixedDoc,mixeddoc_00093,010103_00142,train,"fnv1a32(sample_id)%10: train<6,val<8,test"
MixedDoc,mixeddoc_00094,010103_00161,train,"fnv1a32(sample_id)%10: train<6,val<8,test"
MixedDoc,mixeddoc_00095,010103_00166,train,"fnv1a32(sample_id)%10: train<6,val<8,test"
MixedDoc,mixeddoc_00096,010103_00174,train,"fnv1a32(sample_id)%10: train<6,val<8,test"
MixedDoc,mixeddoc_00097,010103_00181,train,"fnv1a32(sample_id)%10: train<6,val<8,test"
MixedDoc,mixeddoc_00098,010103_00182,train,"fnv1a32(sample_id)%10: train<6,val<8,test"
MixedDoc,mixeddoc_00099,010103_00188,test,"fnv1a32(sample_id)%10: train<6,val<8,test"
MixedDoc,mixeddoc_00100,010103_00189,test,"fnv1a32(sample_id)%10: train<6,val<8,test"
MixedDoc,mixeddoc_00101,010103_00202,val,"fnv1a32(sample_id)%10: train<6,val<8,test"
MixedDoc,mixeddoc_00102,010103_00206,train,"fnv1a32(sample_id)%10: train<6,val<8,test"
MixedDoc,mixeddoc_00103,010103_00216,test,"fnv1a32(sample_id)%10: train<6,val<8,test"
MixedDoc,mixeddoc_00104,010103_00218,train,"fnv1a32(sample_id)%10: train<6,val<8,test"
MixedDoc,mixeddoc_00105,010103_00229,train,"fnv1a32(sample_id)%10: train<6,val<8,test"
MixedDoc,mixeddoc_00106,010103_00496,val,"fnv1a32(sample_id)%10: train<6,val<8,test"
MixedDoc,mixeddoc_00107,010103_00499,train,"fnv1a32(sample_id)%10: train<6,val<8,test"
MixedDoc,mixeddoc_00108,010103_00503,train,"fnv1a32(sample_id)%10: train<6,val<8,test"
MixedDoc,mixeddoc_00109,010103_00510,test,"fnv1a32(sample_id)%10: train<6,val<8,test"
MixedDoc,mixeddoc_00110,010103_00515,val,"fnv1a32(sample_id)%10: train<6,val<8,test"
MixedDoc,mixeddoc_00111,010103_00516,test,"fnv1a32(sample_id)%10: train<6,val<8,test"
MixedDoc,mixeddoc_00112,010103_00523,train,"fnv1a32(sample_id)%10: train<6,val<8,test"
MixedDoc,mixeddoc_00113,010103_00527,val,"fnv1a32(sample_id)%10: train<6,val<8,test"
MixedDoc,mixeddoc_00114,010103_00538,train,"fnv1a32(sample_id)%10: train<6,val<8,test"
MixedDoc,mixeddoc_00115,010103_00539,train,"fnv1a32(sample_id)%10: train<6,val<8,test"
MixedDoc,mixeddoc_00116,010103_00542,test,"fnv1a32(sample_id)%10: train<6,val<8,test"
MixedDoc,mixeddoc_00117,010103_00546,train,"fnv1a32(sample_id)%10: train<6,val<8,test"
MixedDoc,mixeddoc_00118,010103_00547,train,"fnv1a32(sample_id)%10: train<6,val<8,test"
MixedDoc,mixeddoc_00119,010103_00548,train,"fnv1a32(sample_id)%10: train<6,val<8,test"
MixedDoc,mixeddoc_00120,010103_00550,val,"fnv1a32(sample_id)%10: train<6,val<8,test"
MixedDoc,mixeddoc_00121,010201_00039,train,"fnv1a32(sample_id)%10: train<6,val<8,test"
MixedDoc,mixeddoc_00122,010201_01105,train,"fnv1a32(sample_id)%10: train<6,val<8,test"
MixedDoc,mixeddoc_00123,010201_01127,train,"fnv1a32(sample_id)%10: train<6,val<8,test"
MixedDoc,mixeddoc_00124,010201_01174,train,"fnv1a32(sample_id)%10: train<6,val<8,test"
MixedDoc,mixeddoc_00125,010201_01178,test,"fnv1a32(sample_id)%10: train<6,val<8,test"
MixedDoc,mixeddoc_00126,010201_01192,test,"fnv1a32(sample_id)%10: train<6,val<8,test"
MixedDoc,mixeddoc_00127,010201_01195,val,"fnv1a32(sample_id)%10: train<6,val<8,test"
MixedDoc,mixeddoc_00128,010201_01199,train,"fnv1a32(sample_id)%10: train<6,val<8,test"
MixedDoc,mixeddoc_00129,010201_01232,train,"fnv1a32(sample_id)%10: train<6,val<8,test"
MixedDoc,mixeddoc_00130,010201_01243,train,"fnv1a32(sample_id)%10: train<6,val<8,test"
MixedDoc,mixeddoc_00131,010201_01258,train,"fnv1a32(sample_id)%10: train<6,val<8,test"
MixedDoc,mixeddoc_00132,010201_01261,train,"fnv1a32(sample_id)%10: train<6,val<8,test"
MixedDoc,mixeddoc_00133,010201_01309,train,"fnv1a32(sample_id)%10: train<6,val<8,test"
MixedDoc,mixeddoc_00134,010201_01316,train,"fnv1a32(sample_id)%10: train<6,val<8,test"
MixedDoc,mixeddoc_00135,010201_01323,val,"fnv1a32(sample_id)%10: train<6,val<8,test"
MixedDoc,mixeddoc_00136,010203_00005,val,"fnv1a32(sample_id)%10: train<6,val<8,test"
MixedDoc,mixeddoc_00137,010203_00013,test,"fnv1a32(sample_id)%10: train<6,val<8,test"
MixedDoc,mixeddoc_00138,010203_00032,test,"fnv1a32(sample_id)%10: train<6,val<8,test"
MixedDoc,mixeddoc_00139,010203_00071,train,"fnv1a32(sample_id)%10: train<6,val<8,test"
MixedDoc,mixeddoc_00140,010203_00076,test,"fnv1a32(sample_id)%10: train<6,val<8,test"
MixedDoc,mixeddoc_00141,010203_00079,val,"fnv1a32(sample_id)%10: train<6,val<8,test"
MixedDoc,mixeddoc_00142,010203_00082,train,"fnv1a32(sample_id)%10: train<6,val<8,test"
MixedDoc,mixeddoc_00143,010203_00093,test,"fnv1a32(sample_id)%10: train<6,val<8,test"
MixedDoc,mixeddoc_00144,010203_00099,train,"fnv1a32(sample_id)%10: train<6,val<8,test"
MixedDoc,mixeddoc_00145,010203_00103,train,"fnv1a32(sample_id)%10: train<6,val<8,test"
MixedDoc,mixeddoc_00146,010203_00455,train,"fnv1a32(sample_id)%10: train<6,val<8,test"
MixedDoc,mixeddoc_00147,010203_00474,train,"fnv1a32(sample_id)%10: train<6,val<8,test"
MixedDoc,mixeddoc_00148,010203_00475,train,"fnv1a32(sample_id)%10: train<6,val<8,test"
MixedDoc,mixeddoc_00149,010203_00476,test,"fnv1a32(sample_id)%10: train<6,val<8,test"
MixedDoc,mixeddoc_00150,010203_00502,val,"fnv1a32(sample_id)%10: train<6,val<8,test"
MixedDoc,mixeddoc_00151,010203_00504,test,"fnv1a32(sample_id)%10: train<6,val<8,test"
MixedDoc,mixeddoc_00152,010203_00508,train,"fnv1a32(sample_id)%10: train<6,val<8,test"
MixedDoc,mixeddoc_00153,010203_00511,val,"fnv1a32(sample_id)%10: train<6,val<8,test"
MixedDoc,mixeddoc_00154,010203_00520,train,"fnv1a32(sample_id)%10: train<6,val<8,test"
MixedDoc,mixeddoc_00155,010203_00533,train,"fnv1a32(sample_id)%10: train<6,val<8,test"
MixedDoc,mixeddoc_00156,010203_00542,train,"fnv1a32(sample_id)%10: train<6,val<8,test"
MixedDoc,mixeddoc_00157,010203_00545,train,"fnv1a32(sample_id)%10: train<6,val<8,test"
MixedDoc,mixeddoc_00158,010203_00556,train,"fnv1a32(sample_id)%10: train<6,val<8,test"
MixedDoc,mixeddoc_00159,010203_00557,val,"fnv1a32(sample_id)%10: train<6,val<8,test"
MixedDoc,mixeddoc_00160,010203_00579,train,"fnv1a32(sample_id)%10: train<6,val<8,test"
MixedDoc,mixeddoc_00161,010203_00586,train,"fnv1a32(sample_id)%10: train<6,val<8,test"
MixedDoc,mixeddoc_00162,010203_00610,train,"fnv1a32(sample_id)%10: train<6,val<8,test"
MixedDoc,mixeddoc_00163,010203_00647,train,"fnv1a32(sample_id)%10: train<6,val<8,test"
MixedDoc,mixeddoc_00164,010203_00654,train,"fnv1a32(sample_id)%10: train<6,val<8,test"
MixedDoc,mixeddoc_00165,010203_00659,test,"fnv1a32(sample_id)%10: train<6,val<8,test"
MixedDoc,mixeddoc_00166,010203_00670,test,"fnv1a32(sample_id)%10: train<6,val<8,test"
MixedDoc,mixeddoc_00167,010203_00681,val,"fnv1a32(sample_id)%10: train<6,val<8,test"
MixedDoc,mixeddoc_00168,010203_00718,val,"fnv1a32(sample_id)%10: train<6,val<8,test"
MixedDoc,mixeddoc_00169,010203_00728,train,"fnv1a32(sample_id)%10: train<6,val<8,test"
MixedDoc,mixeddoc_00170,010203_00736,test,"fnv1a32(sample_id)%10: train<6,val<8,test"
MixedDoc,mixeddoc_00171,010203_00749,train,"fnv1a32(sample_id)%10: train<6,val<8,test"
MixedDoc,mixeddoc_00172,010302_00289,train,"fnv1a32(sample_id)%10: train<6,val<8,test"
MixedDoc,mixeddoc_00173,010302_00293,train,"fnv1a32(sample_id)%10: train<6,val<8,test"
MixedDoc,mixeddoc_00174,010302_00294,train,"fnv1a32(sample_id)%10: train<6,val<8,test"
MixedDoc,mixeddoc_00175,010302_00296,val,"fnv1a32(sample_id)%10: train<6,val<8,test"
MixedDoc,mixeddoc_00176,010302_00302,val,"fnv1a32(sample_id)%10: train<6,val<8,test"
MixedDoc,mixeddoc_00177,010302_00304,test,"fnv1a32(sample_id)%10: train<6,val<8,test"
MixedDoc,mixeddoc_00178,010302_00307,train,"fnv1a32(sample_id)%10: train<6,val<8,test"
MixedDoc,mixeddoc_00179,010302_00314,train,"fnv1a32(sample_id)%10: train<6,val<8,test"
MixedDoc,mixeddoc_00180,010302_00325,train,"fnv1a32(sample_id)%10: train<6,val<8,test"
MixedDoc,mixeddoc_00181,010302_00332,train,"fnv1a32(sample_id)%10: train<6,val<8,test"
MixedDoc,mixeddoc_00182,010302_00337,val,"fnv1a32(sample_id)%10: train<6,val<8,test"
MixedDoc,mixeddoc_00183,010302_00349,train,"fnv1a32(sample_id)%10: train<6,val<8,test"
MixedDoc,mixeddoc_00184,010302_00358,train,"fnv1a32(sample_id)%10: train<6,val<8,test"
MixedDoc,mixeddoc_00185,010302_00362,test,"fnv1a32(sample_id)%10: train<6,val<8,test"
MixedDoc,mixeddoc_00186,010302_00368,train,"fnv1a32(sample_id)%10: train<6,val<8,test"
MixedDoc,mixeddoc_00187,010302_00374,train,"fnv1a32(sample_id)%10: train<6,val<8,test"
MixedDoc,mixeddoc_00188,010302_00381,test,"fnv1a32(sample_id)%10: train<6,val<8,test"
MixedDoc,mixeddoc_00189,010302_00401,val,"fnv1a32(sample_id)%10: train<6,val<8,test"
MixedDoc,mixeddoc_00190,010302_00457,train,"fnv1a32(sample_id)%10: train<6,val<8,test"
MixedDoc,mixeddoc_00191,010302_00478,val,"fnv1a32(sample_id)%10: train<6,val<8,test"
MixedDoc,mixeddoc_00192,010302_00488,train,"fnv1a32(sample_id)%10: train<6,val<8,test"
MixedDoc,mixeddoc_00193,010302_00493,train,"fnv1a32(sample_id)%10: train<6,val<8,test"
MixedDoc,mixeddoc_00194,010302_00496,test,"fnv1a32(sample_id)%10: train<6,val<8,test"
MixedDoc,mixeddoc_00195,010302_00522,train,"fnv1a32(sample_id)%10: train<6,val<8,test"
MixedDoc,mixeddoc_00196,010302_00528,val,"fnv1a32(sample_id)%10: train<6,val<8,test"
MixedDoc,mixeddoc_00197,010302_00537,test,"fnv1a32(sample_id)%10: train<6,val<8,test"
MixedDoc,mixeddoc_00198,010302_00546,train,"fnv1a32(sample_id)%10: train<6,val<8,test"
MixedDoc,mixeddoc_00199,010302_00558,train,"fnv1a32(sample_id)%10: train<6,val<8,test"
MixedDoc,mixeddoc_00200,010302_00574,test,"fnv1a32(sample_id)%10: train<6,val<8,test"
MixedDoc,mixeddoc_00201,010302_00585,train,"fnv1a32(sample_id)%10: train<6,val<8,test"
MixedDoc,mixeddoc_00202,010302_00590,val,"fnv1a32(sample_id)%10: train<6,val<8,test"
MixedDoc,mixeddoc_00203,010302_00597,test,"fnv1a32(sample_id)%10: train<6,val<8,test"
MixedDoc,mixeddoc_00204,010302_00614,train,"fnv1a32(sample_id)%10: train<6,val<8,test"
MixedDoc,mixeddoc_00205,010302_00621,val,"fnv1a32(sample_id)%10: train<6,val<8,test"
MixedDoc,mixeddoc_00206,010302_00627,train,"fnv1a32(sample_id)%10: train<6,val<8,test"
MixedDoc,mixeddoc_00207,010302_00634,train,"fnv1a32(sample_id)%10: train<6,val<8,test"
MixedDoc,mixeddoc_00208,010302_00670,val,"fnv1a32(sample_id)%10: train<6,val<8,test"
MixedDoc,mixeddoc_00209,010302_00671,test,"fnv1a32(sample_id)%10: train<6,val<8,test"
MixedDoc,mixeddoc_00210,010303_00231,train,"fnv1a32(sample_id)%10: train<6,val<8,test"
MixedDoc,mixeddoc_00211,010303_00236,test,"fnv1a32(sample_id)%10: train<6,val<8,test"
MixedDoc,mixeddoc_00212,010303_00242,train,"fnv1a32(sample_id)%10: train<6,val<8,test"
MixedDoc,mixeddoc_00213,010303_00250,train,"fnv1a32(sample_id)%10: train<6,val<8,test"
MixedDoc,mixeddoc_00214,010303_00259,train,"fnv1a32(sample_id)%10: train<6,val<8,test"
MixedDoc,mixeddoc_00215,010303_00265,train,"fnv1a32(sample_id)%10: train<6,val<8,test"
MixedDoc,mixeddoc_00216,010303_00275,val,"fnv1a32(sample_id)%10: train<6,val<8,test"
MixedDoc,mixeddoc_00217,010303_00281,train,"fnv1a32(sample_id)%10: train<6,val<8,test"
MixedDoc,mixeddoc_00218,010303_00282,train,"fnv1a32(sample_id)%10: train<6,val<8,test"
MixedDoc,mixeddoc_00219,010303_00286,train,"fnv1a32(sample_id)%10: train<6,val<8,test"
MixedDoc,mixeddoc_00220,010303_00312,test,"fnv1a32(sample_id)%10: train<6,val<8,test"
MixedDoc,mixeddoc_00221,010303_00316,train,"fnv1a32(sample_id)%10: train<6,val<8,test"
MixedDoc,mixeddoc_00222,010303_00321,train,"fnv1a32(sample_id)%10: train<6,val<8,test"
MixedDoc,mixeddoc_00223,010303_00322,train,"fnv1a32(sample_id)%10: train<6,val<8,test"
MixedDoc,mixeddoc_00224,010303_00343,train,"fnv1a32(sample_id)%10: train<6,val<8,test"
MixedDoc,mixeddoc_00225,010303_00348,val,"fnv1a32(sample_id)%10: train<6,val<8,test"
MixedDoc,mixeddoc_00226,010303_00349,val,"fnv1a32(sample_id)%10: train<6,val<8,test"
MixedDoc,mixeddoc_00227,010303_00353,test,"fnv1a32(sample_id)%10: train<6,val<8,test"
MixedDoc,mixeddoc_00228,010303_00374,train,"fnv1a32(sample_id)%10: train<6,val<8,test"
MixedDoc,mixeddoc_00229,010303_00380,train,"fnv1a32(sample_id)%10: train<6,val<8,test"
MixedDoc,mixeddoc_00230,010303_00384,train,"fnv1a32(sample_id)%10: train<6,val<8,test"
MixedDoc,mixeddoc_00231,010303_00389,test,"fnv1a32(sample_id)%10: train<6,val<8,test"
MixedDoc,mixeddoc_00232,010303_00397,test,"fnv1a32(sample_id)%10: train<6,val<8,test"
MixedDoc,mixeddoc_00233,010303_00407,val,"fnv1a32(sample_id)%10: train<6,val<8,test"
MixedDoc,mixeddoc_00234,010303_00410,val,"fnv1a32(sample_id)%10: train<6,val<8,test"
MixedDoc,mixeddoc_00235,010303_00415,train,"fnv1a32(sample_id)%10: train<6,val<8,test"
MixedDoc,mixeddoc_00236,010303_00416,train,"fnv1a32(sample_id)%10: train<6,val<8,test"
MixedDoc,mixeddoc_00237,010303_00423,train,"fnv1a32(sample_id)%10: train<6,val<8,test"
MixedDoc,mixeddoc_00238,010303_00431,train,"fnv1a32(sample_id)%10: train<6,val<8,test"
MixedDoc,mixeddoc_00239,010303_00448,train,"fnv1a32(sample_id)%10: train<6,val<8,test"
MixedDoc,mixeddoc_00240,010303_00458,train,"fnv1a32(sample_id)%10: train<6,val<8,test"
MixedDoc,mixeddoc_00241,010303_00492,train,"fnv1a32(sample_id)%10: train<6,val<8,test"
MixedDoc,mixeddoc_00242,010303_00508,train,"fnv1a32(sample_id)%10: train<6,val<8,test"
MixedDoc,mixeddoc_00243,010303_00511,train,"fnv1a32(sample_id)%10: train<6,val<8,test"
MixedDoc,mixeddoc_00244,010303_00522,val,"fnv1a32(sample_id)%10: train<6,val<8,test"
MixedDoc,mixeddoc_00245,010303_00545,test,"fnv1a32(sample_id)%10: train<6,val<8,test"
MixedDoc,mixeddoc_00246,010303_00546,train,"fnv1a32(sample_id)%10: train<6,val<8,test"
MixedDoc,mixeddoc_00247,010303_00550,val,"fnv1a32(sample_id)%10: train<6,val<8,test"
MixedDoc,mixeddoc_00248,010303_00551,train,"fnv1a32(sample_id)%10: train<6,val<8,test"
MixedDoc,mixeddoc_00249,010303_00555,val,"fnv1a32(sample_id)%10: train<6,val<8,test"
MixedDoc,mixeddoc_00250,010403_00350,train,"fnv1a32(sample_id)%10: train<6,val<8,test"
MixedDoc,mixeddoc_00251,010403_00351,train,"fnv1a32(sample_id)%10: train<6,val<8,test"
MixedDoc,mixeddoc_00252,010403_00366,val,"fnv1a32(sample_id)%10: train<6,val<8,test"
MixedDoc,mixeddoc_00253,010403_00367,train,"fnv1a32(sample_id)%10: train<6,val<8,test"
MixedDoc,mixeddoc_00254,010403_00377,train,"fnv1a32(sample_id)%10: train<6,val<8,test"
MixedDoc,mixeddoc_00255,010403_00389,test,"fnv1a32(sample_id)%10: train<6,val<8,test"
MixedDoc,mixeddoc_00256,010403_00393,train,"fnv1a32(sample_id)%10: train<6,val<8,test"
MixedDoc,mixeddoc_00257,010403_00403,train,"fnv1a32(sample_id)%10: train<6,val<8,test"
MixedDoc,mixeddoc_00258,010403_00425,val,"fnv1a32(sample_id)%10: train<6,val<8,test"
MixedDoc,mixeddoc_00259,010403_00432,train,"fnv1a32(sample_id)%10: train<6,val<8,test"
MixedDoc,mixeddoc_00260,010403_00448,val,"fnv1a32(sample_id)%10: train<6,val<8,test"
MixedDoc,mixeddoc_00261,010403_00450,test,"fnv1a32(sample_id)%10: train<6,val<8,test"
MixedDoc,mixeddoc_00262,010403_00479,test,"fnv1a32(sample_id)%10: train<6,val<8,test"
MixedDoc,mixeddoc_00263,010403_00522,train,"fnv1a32(sample_id)%10: train<6,val<8,test"
MixedDoc,mixeddoc_00264,010403_00535,train,"fnv1a32(sample_id)%10: train<6,val<8,test"
MixedDoc,mixeddoc_00265,010403_00538,train,"fnv1a32(sample_id)%10: train<6,val<8,test"
MixedDoc,mixeddoc_00266,010403_00566,train,"fnv1a32(sample_id)%10: train<6,val<8,test"
MixedDoc,mixeddoc_00267,010403_00585,train,"fnv1a32(sample_id)%10: train<6,val<8,test"
MixedDoc,mixeddoc_00268,010403_00591,train,"fnv1a32(sample_id)%10: train<6,val<8,test"
MixedDoc,mixeddoc_00269,010403_00607,val,"fnv1a32(sample_id)%10: train<6,val<8,test"
MixedDoc,mixeddoc_00270,010403_00619,test,"fnv1a32(sample_id)%10: train<6,val<8,test"
MixedDoc,mixeddoc_00271,010403_00640,val,"fnv1a32(sample_id)%10: train<6,val<8,test"
MixedDoc,mixeddoc_00272,010403_00644,val,"fnv1a32(sample_id)%10: train<6,val<8,test"
MixedDoc,mixeddoc_00273,010503_00351,train,"fnv1a32(sample_id)%10: train<6,val<8,test"
MixedDoc,mixeddoc_00274,010503_00380,train,"fnv1a32(sample_id)%10: train<6,val<8,test"
MixedDoc,mixeddoc_00275,010503_00384,train,"fnv1a32(sample_id)%10: train<6,val<8,test"
MixedDoc,mixeddoc_00276,010503_00386,train,"fnv1a32(sample_id)%10: train<6,val<8,test"
MixedDoc,mixeddoc_00277,010503_00389,test,"fnv1a32(sample_id)%10: train<6,val<8,test"
MixedDoc,mixeddoc_00278,010503_00407,val,"fnv1a32(sample_id)%10: train<6,val<8,test"
MixedDoc,mixeddoc_00279,010503_00409,train,"fnv1a32(sample_id)%10: train<6,val<8,test"
MixedDoc,mixeddoc_00280,010503_00419,train,"fnv1a32(sample_id)%10: train<6,val<8,test"
MixedDoc,mixeddoc_00281,010503_00628,train,"fnv1a32(sample_id)%10: train<6,val<8,test"
MixedDoc,mixeddoc_00282,010503_00648,train,"fnv1a32(sample_id)%10: train<6,val<8,test"
MixedDoc,mixeddoc_00283,010503_00674,train,"fnv1a32(sample_id)%10: train<6,val<8,test"
MixedDoc,mixeddoc_00284,010503_00675,test,"fnv1a32(sample_id)%10: train<6,val<8,test"
MixedDoc,mixeddoc_00285,010602_00007,train,"fnv1a32(sample_id)%10: train<6,val<8,test"
MixedDoc,mixeddoc_00286,010602_00008,val,"fnv1a32(sample_id)%10: train<6,val<8,test"
MixedDoc,mixeddoc_00287,010602_00009,test,"fnv1a32(sample_id)%10: train<6,val<8,test"
MixedDoc,mixeddoc_00288,010602_00020,train,"fnv1a32(sample_id)%10: train<6,val<8,test"
MixedDoc,mixeddoc_00289,010602_00024,val,"fnv1a32(sample_id)%10: train<6,val<8,test"
MixedDoc,mixeddoc_00290,010602_00025,train,"fnv1a32(sample_id)%10: train<6,val<8,test"
MixedDoc,mixeddoc_00291,010602_00027,train,"fnv1a32(sample_id)%10: train<6,val<8,test"
MixedDoc,mixeddoc_00292,010602_00039,train,"fnv1a32(sample_id)%10: train<6,val<8,test"
MixedDoc,mixeddoc_00293,010602_00043,train,"fnv1a32(sample_id)%10: train<6,val<8,test"
MixedDoc,mixeddoc_00294,010602_00061,val,"fnv1a32(sample_id)%10: train<6,val<8,test"
MixedDoc,mixeddoc_00295,010602_00093,train,"fnv1a32(sample_id)%10: train<6,val<8,test"
MixedDoc,mixeddoc_00296,010602_00102,test,"fnv1a32(sample_id)%10: train<6,val<8,test"
MixedDoc,mixeddoc_00297,010602_00103,val,"fnv1a32(sample_id)%10: train<6,val<8,test"
MixedDoc,mixeddoc_00298,010602_00123,train,"fnv1a32(sample_id)%10: train<6,val<8,test"
MixedDoc,mixeddoc_00299,010602_00135,test,"fnv1a32(sample_id)%10: train<6,val<8,test"
MixedDoc,mixeddoc_00300,010602_00145,train,"fnv1a32(sample_id)%10: train<6,val<8,test"
MixedDoc,mixeddoc_00301,010602_00148,train,"fnv1a32(sample_id)%10: train<6,val<8,test"
MixedDoc,mixeddoc_00302,010602_00155,train,"fnv1a32(sample_id)%10: train<6,val<8,test"
MixedDoc,mixeddoc_00303,010602_00169,test,"fnv1a32(sample_id)%10: train<6,val<8,test"
MixedDoc,mixeddoc_00304,010602_00184,test,"fnv1a32(sample_id)%10: train<6,val<8,test"
MixedDoc,mixeddoc_00305,010602_00200,val,"fnv1a32(sample_id)%10: train<6,val<8,test"
MixedDoc,mixeddoc_00306,010602_00208,val,"fnv1a32(sample_id)%10: train<6,val<8,test"
MixedDoc,mixeddoc_00307,010602_00217,train,"fnv1a32(sample_id)%10: train<6,val<8,test"
MixedDoc,mixeddoc_00308,010602_00218,train,"fnv1a32(sample_id)%10: train<6,val<8,test"
MixedDoc,mixeddoc_00309,010602_00221,train,"fnv1a32(sample_id)%10: train<6,val<8,test"
MixedDoc,mixeddoc_00310,010602_00228,train,"fnv1a32(sample_id)%10: train<6,val<8,test"
MixedDoc,mixeddoc_00311,010602_00244,train,"fnv1a32(sample_id)%10: train<6,val<8,test"
MixedDoc,mixeddoc_00312,010603_00002,train,"fnv1a32(sample_id)%10: train<6,val<8,test"
MixedDoc,mixeddoc_00313,010603_00018,train,"fnv1a32(sample_id)%10: train<6,val<8,test"
MixedDoc,mixeddoc_00314,010603_00036,val,"fnv1a32(sample_id)%10: train<6,val<8,test"
MixedDoc,mixeddoc_00315,010603_00038,test,"fnv1a32(sample_id)%10: train<6,val<8,test"
MixedDoc,mixeddoc_00316,010603_00039,test,"fnv1a32(sample_id)%10: train<6,val<8,test"
MixedDoc,mixeddoc_00317,010603_00043,train,"fnv1a32(sample_id)%10: train<6,val<8,test"
MixedDoc,mixeddoc_00318,010603_00044,train,"fnv1a32(sample_id)%10: train<6,val<8,test"
MixedDoc,mixeddoc_00319,010603_00049,train,"fnv1a32(sample_id)%10: train<6,val<8,test"
MixedDoc,mixeddoc_00320,010603_00051,train,"fnv1a32(sample_id)%10: train<6,val<8,test"
MixedDoc,mixeddoc_00321,010603_00052,test,"fnv1a32(sample_id)%10: train<6,val<8,test"
MixedDoc,mixeddoc_00322,010603_00062,train,"fnv1a32(sample_id)%10: train<6,val<8,test"
MixedDoc,mixeddoc_00323,010603_00064,train,"fnv1a32(sample_id)%10: train<6,val<8,test"
MixedDoc,mixeddoc_00324,010603_00066,train,"fnv1a32(sample_id)%10: train<6,val<8,test"
MixedDoc,mixeddoc_00325,010603_00071,train,"fnv1a32(sample_id)%10: train<6,val<8,test"
MixedDoc,mixeddoc_00326,010603_00072,val,"fnv1a32(sample_id)%10: train<6,val<8,test"
MixedDoc,mixeddoc_00327,010603_00073,train,"fnv1a32(sample_id)%10: train<6,val<8,test"
MixedDoc,mixeddoc_00328,010603_00074,train,"fnv1a32(sample_id)%10: train<6,val<8,test"
MixedDoc,mixeddoc_00329,010603_00086,train,"fnv1a32(sample_id)%10: train<6,val<8,test"
MixedDoc,mixeddoc_00330,010603_00087,train,"fnv1a32(sample_id)%10: train<6,val<8,test"
MixedDoc,mixeddoc_00331,010603_00088,train,"fnv1a32(sample_id)%10: train<6,val<8,test"
MixedDoc,mixeddoc_00332,010603_00091,test,"fnv1a32(sample_id)%10: train<6,val<8,test"
MixedDoc,mixeddoc_00333,010603_00094,train,"fnv1a32(sample_id)%10: train<6,val<8,test"
MixedDoc,mixeddoc_00334,010603_00095,val,"fnv1a32(sample_id)%10: train<6,val<8,test"
MixedDoc,mixeddoc_00335,010603_00096,test,"fnv1a32(sample_id)%10: train<6,val<8,test"
MixedDoc,mixeddoc_00336,010603_00097,train,"fnv1a32(sample_id)%10: train<6,val<8,test"
MixedDoc,mixeddoc_00337,010603_00098,val,"fnv1a32(sample_id)%10: train<6,val<8,test"
MixedDoc,mixeddoc_00338,010603_00099,test,"fnv1a32(sample_id)%10: train<6,val<8,test"
MixedDoc,mixeddoc_00339,010603_00105,train,"fnv1a32(sample_id)%10: train<6,val<8,test"
MixedDoc,mixeddoc_00340,010603_00107,train,"fnv1a32(sample_id)%10: train<6,val<8,test"
MixedDoc,mixeddoc_00341,010702_00018,test,"fnv1a32(sample_id)%10: train<6,val<8,test"
MixedDoc,mixeddoc_00342,010702_00023,test,"fnv1a32(sample_id)%10: train<6,val<8,test"
MixedDoc,mixeddoc_00343,010702_00026,val,"fnv1a32(sample_id)%10: train<6,val<8,test"
MixedDoc,mixeddoc_00344,010702_00030,train,"fnv1a32(sample_id)%10: train<6,val<8,test"
MixedDoc,mixeddoc_00345,010702_00037,train,"fnv1a32(sample_id)%10: train<6,val<8,test"
MixedDoc,mixeddoc_00346,010702_00042,train,"fnv1a32(sample_id)%10: train<6,val<8,test"
MixedDoc,mixeddoc_00347,010702_00045,train,"fnv1a32(sample_id)%10: train<6,val<8,test"
MixedDoc,mixeddoc_00348,010702_00046,test,"fnv1a32(sample_id)%10: train<6,val<8,test"
MixedDoc,mixeddoc_00349,010702_00048,val,"fnv1a32(sample_id)%10: train<6,val<8,test"
MixedDoc,mixeddoc_00350,010702_00066,test,"fnv1a32(sample_id)%10: train<6,val<8,test"
MixedDoc,mixeddoc_00351,010702_00067,train,"fnv1a32(sample_id)%10: train<6,val<8,test"
MixedDoc,mixeddoc_00352,010702_00072,train,"fnv1a32(sample_id)%10: train<6,val<8,test"
MixedDoc,mixeddoc_00353,010702_00088,train,"fnv1a32(sample_id)%10: train<6,val<8,test"
MixedDoc,mixeddoc_00354,010702_00092,train,"fnv1a32(sample_id)%10: train<6,val<8,test"
MixedDoc,mixeddoc_00355,010702_00094,train,"fnv1a32(sample_id)%10: train<6,val<8,test"
MixedDoc,mixeddoc_00356,010702_00106,train,"fnv1a32(sample_id)%10: train<6,val<8,test"
MixedDoc,mixeddoc_00357,010702_00114,val,"fnv1a32(sample_id)%10: train<6,val<8,test"
MixedDoc,mixeddoc_00358,010702_00120,val,"fnv1a32(sample_id)%10: train<6,val<8,test"
MixedDoc,mixeddoc_00359,010702_00127,test,"fnv1a32(sample_id)%10: train<6,val<8,test"
MixedDoc,mixeddoc_00360,010702_00142,val,"fnv1a32(sample_id)%10: train<6,val<8,test"
MixedDoc,mixeddoc_00361,010702_00165,train,"fnv1a32(sample_id)%10: train<6,val<8,test"
MixedDoc,mixeddoc_00362,010702_00191,test,"fnv1a32(sample_id)%10: train<6,val<8,test"
MixedDoc,mixeddoc_00363,010702_00198,val,"fnv1a32(sample_id)%10: train<6,val<8,test"
MixedDoc,mixeddoc_00364,010702_00200,train,"fnv1a32(sample_id)%10: train<6,val<8,test"
MixedDoc,mixeddoc_00365,010702_00207,train,"fnv1a32(sample_id)%10: train<6,val<8,test"
MixedDoc,mixeddoc_00366,010702_00208,train,"fnv1a32(sample_id)%10: train<6,val<8,test"
MixedDoc,mixeddoc_00367,010702_00210,train,"fnv1a32(sample_id)%10: train<6,val<8,test"
MixedDoc,mixeddoc_00368,010702_00220,test,"fnv1a32(sample_id)%10: train<6,val<8,test"
MixedDoc,mixeddoc_00369,010703_00003,val,"fnv1a32(sample_id)%10: train<6,val<8,test"
MixedDoc,mixeddoc_00370,010703_00004,train,"fnv1a32(sample_id)%10: train<6,val<8,test"
MixedDoc,mixeddoc_00371,010703_00016,val,"fnv1a32(sample_id)%10: train<6,val<8,test"
MixedDoc,mixeddoc_00372,010703_00020,train,"fnv1a32(sample_id)%10: train<6,val<8,test"
MixedDoc,mixeddoc_00373,010703_00026,train,"fnv1a32(sample_id)%10: train<6,val<8,test"
MixedDoc,mixeddoc_00374,010703_00035,test,"fnv1a32(sample_id)%10: train<6,val<8,test"
MixedDoc,mixeddoc_00375,010703_00044,train,"fnv1a32(sample_id)%10: train<6,val<8,test"
MixedDoc,mixeddoc_00376,010703_00053,val,"fnv1a32(sample_id)%10: train<6,val<8,test"
MixedDoc,mixeddoc_00377,010703_00063,test,"fnv1a32(sample_id)%10: train<6,val<8,test"
MixedDoc,mixeddoc_00378,010703_00064,val,"fnv1a32(sample_id)%10: train<6,val<8,test"
MixedDoc,mixeddoc_00379,010703_00071,test,"fnv1a32(sample_id)%10: train<6,val<8,test"
MixedDoc,mixeddoc_00380,010703_00079,train,"fnv1a32(sample_id)%10: train<6,val<8,test"
MixedDoc,mixeddoc_00381,010703_00085,train,"fnv1a32(sample_id)%10: train<6,val<8,test"
MixedDoc,mixeddoc_00382,010703_00089,train,"fnv1a32(sample_id)%10: train<6,val<8,test"
MixedDoc,mixeddoc_00383,010703_00096,train,"fnv1a32(sample_id)%10: train<6,val<8,test"
MixedDoc,mixeddoc_00384,010703_00112,train,"fnv1a32(sample_id)%10: train<6,val<8,test"
MixedDoc,mixeddoc_00385,010703_00117,test,"fnv1a32(sample_id)%10: train<6,val<8,test"
MixedDoc,mixeddoc_00386,010703_00129,test,"fnv1a32(sample_id)%10: train<6,val<8,test"
MixedDoc,mixeddoc_00387,010703_00135,val,"fnv1a32(sample_id)%10: train<6,val<8,test"
MixedDoc,mixeddoc_00388,010703_00151,train,"fnv1a32(sample_id)%10: train<6,val<8,test"
MixedDoc,mixeddoc_00389,010703_00165,train,"fnv1a32(sample_id)%10: train<6,val<8,test"
MixedDoc,mixeddoc_00390,010703_00168,train,"fnv1a32(sample_id)%10: train<6,val<8,test"
MixedDoc,mixeddoc_00391,010703_00183,train,"fnv1a32(sample_id)%10: train<6,val<8,test"
MixedDoc,mixeddoc_00392,010703_00199,train,"fnv1a32(sample_id)%10: train<6,val<8,test"
MixedDoc,mixeddoc_00393,010703_00202,val,"fnv1a32(sample_id)%10: train<6,val<8,test"
MixedDoc,mixeddoc_00394,010703_00203,test,"fnv1a32(sample_id)%10: train<6,val<8,test"
MixedDoc,mixeddoc_00395,010802_00030,train,"fnv1a32(sample_id)%10: train<6,val<8,test"
MixedDoc,mixeddoc_00396,010802_00061,train,"fnv1a32(sample_id)%10: train<6,val<8,test"
MixedDoc,mixeddoc_00397,010802_00062,train,"fnv1a32(sample_id)%10: train<6,val<8,test"
MixedDoc,mixeddoc_00398,010802_00067,train,"fnv1a32(sample_id)%10: train<6,val<8,test"
MixedDoc,mixeddoc_00399,010802_00074,train,"fnv1a32(sample_id)%10: train<6,val<8,test"
MixedDoc,mixeddoc_00400,010802_00094,train,"fnv1a32(sample_id)%10: train<6,val<8,test"
MixedDoc,mixeddoc_00401,010802_00102,val,"fnv1a32(sample_id)%10: train<6,val<8,test"
MixedDoc,mixeddoc_00402,010802_00104,val,"fnv1a32(sample_id)%10: train<6,val<8,test"
MixedDoc,mixeddoc_00403,010802_00109,test,"fnv1a32(sample_id)%10: train<6,val<8,test"
MixedDoc,mixeddoc_00404,010802_00132,test,"fnv1a32(sample_id)%10: train<6,val<8,test"
MixedDoc,mixeddoc_00405,010802_00133,train,"fnv1a32(sample_id)%10: train<6,val<8,test"
MixedDoc,mixeddoc_00406,010802_00134,train,"fnv1a32(sample_id)%10: train<6,val<8,test"
MixedDoc,mixeddoc_00407,010802_00136,train,"fnv1a32(sample_id)%10: train<6,val<8,test"
MixedDoc,mixeddoc_00408,010802_00146,train,"fnv1a32(sample_id)%10: train<6,val<8,test"
MixedDoc,mixeddoc_00409,010802_00151,train,"fnv1a32(sample_id)%10: train<6,val<8,test"
MixedDoc,mixeddoc_00410,010802_00154,val,"fnv1a32(sample_id)%10: train<6,val<8,test"
MixedDoc,mixeddoc_00411,010802_00171,train,"fnv1a32(sample_id)%10: train<6,val<8,test"
MixedDoc,mixeddoc_00412,010802_00179,train,"fnv1a32(sample_id)%10: train<6,val<8,test"
MixedDoc,mixeddoc_00413,010802_00195,train,"fnv1a32(sample_id)%10: train<6,val<8,test"
MixedDoc,mixeddoc_00414,010802_00215,train,"fnv1a32(sample_id)%10: train<6,val<8,test"
MixedDoc,mixeddoc_00415,010802_00219,test,"fnv1a32(sample_id)%10: train<6,val<8,test"
MixedDoc,mixeddoc_00416,010802_00223,test,"fnv1a32(sample_id)%10: train<6,val<8,test"
MixedDoc,mixeddoc_00417,010802_00271,val,"fnv1a32(sample_id)%10: train<6,val<8,test"
MixedDoc,mixeddoc_00418,010802_00328,train,"fnv1a32(sample_id)%10: train<6,val<8,test"
MixedDoc,mixeddoc_00419,010802_00329,train,"fnv1a32(sample_id)%10: train<6,val<8,test"
MixedDoc,mixeddoc_00420,010803_00020,train,"fnv1a32(sample_id)%10: train<6,val<8,test"
MixedDoc,mixeddoc_00421,010803_00032,train,"fnv1a32(sample_id)%10: train<6,val<8,test"
MixedDoc,mixeddoc_00422,010803_00035,test,"fnv1a32(sample_id)%10: train<6,val<8,test"
MixedDoc,mixeddoc_00423,010803_00049,train,"fnv1a32(sample_id)%10: train<6,val<8,test"
MixedDoc,mixeddoc_00424,010803_00065,train,"fnv1a32(sample_id)%10: train<6,val<8,test"
MixedDoc,mixeddoc_00425,010803_00068,val,"fnv1a32(sample_id)%10: train<6,val<8,test"
MixedDoc,mixeddoc_00426,010803_00099,train,"fnv1a32(sample_id)%10: train<6,val<8,test"
MixedDoc,mixeddoc_00427,010803_00106,train,"fnv1a32(sample_id)%10: train<6,val<8,test"
MixedDoc,mixeddoc_00428,010803_00114,train,"fnv1a32(sample_id)%10: train<6,val<8,test"
MixedDoc,mixeddoc_00429,010803_00126,train,"fnv1a32(sample_id)%10: train<6,val<8,test"
MixedDoc,mixeddoc_00430,010803_00131,train,"fnv1a32(sample_id)%10: train<6,val<8,test"
MixedDoc,mixeddoc_00431,010803_00152,train,"fnv1a32(sample_id)%10: train<6,val<8,test"
MixedDoc,mixeddoc_00432,010803_00167,train,"fnv1a32(sample_id)%10: train<6,val<8,test"
MixedDoc,mixeddoc_00433,010803_00176,train,"fnv1a32(sample_id)%10: train<6,val<8,test"
MixedDoc,mixeddoc_00434,010803_00185,test,"fnv1a32(sample_id)%10: train<6,val<8,test"
MixedDoc,mixeddoc_00435,010803_00187,val,"fnv1a32(sample_id)%10: train<6,val<8,test"
MixedDoc,mixeddoc_00436,010803_00188,train,"fnv1a32(sample_id)%10: train<6,val<8,test"
MixedDoc,mixeddoc_00437,010803_00192,test,"fnv1a32(sample_id)%10: train<6,val<8,test"
MixedDoc,mixeddoc_00438,010803_00193,train,"fnv1a32(sample_id)%10: train<6,val<8,test"
MixedDoc,mixeddoc_00439,010803_00204,train,"fnv1a32(sample_id)%10: train<6,val<8,test"
MixedDoc,mixeddoc_00440,010803_00219,val,"fnv1a32(sample_id)%10: train<6,val<8,test"
MixedDoc,mixeddoc_00441,010803_00240,test,"fnv1a32(sample_id)%10: train<6,val<8,test"
MixedDoc,mixeddoc_00442,010803_00287,test,"fnv1a32(sample_id)%10: train<6,val<8,test"
MixedDoc,mixeddoc_00443,010803_00297,train,"fnv1a32(sample_id)%10: train<6,val<8,test"
MixedDoc,mixeddoc_00444,010803_00307,train,"fnv1a32(sample_id)%10: train<6,val<8,test"
MixedDoc,mixeddoc_00445,010803_00317,train,"fnv1a32(sample_id)%10: train<6,val<8,test"
MixedDoc,mixeddoc_00446,010803_00347,train,"fnv1a32(sample_id)%10: train<6,val<8,test"
MixedDoc,mixeddoc_00447,010803_00355,val,"fnv1a32(sample_id)%10: train<6,val<8,test"
MixedDoc,mixeddoc_00448,010803_00394,test,"fnv1a32(sample_id)%10: train<6,val<8,test"
MixedDoc,mixeddoc_00449,010902_00002,train,"fnv1a32(sample_id)%10: train<6,val<8,test"
MixedDoc,mixeddoc_00450,010902_00003,test,"fnv1a32(sample_id)%10: train<6,val<8,test"
MixedDoc,mixeddoc_00451,010902_00004,val,"fnv1a32(sample_id)%10: train<6,val<8,test"
MixedDoc,mixeddoc_00452,010902_00009,val,"fnv1a32(sample_id)%10: train<6,val<8,test"
MixedDoc,mixeddoc_00453,010902_00010,train,"fnv1a32(sample_id)%10: train<6,val<8,test"
MixedDoc,mixeddoc_00454,010902_00032,train,"fnv1a32(sample_id)%10: train<6,val<8,test"
MixedDoc,mixeddoc_00455,010902_00070,train,"fnv1a32(sample_id)%10: train<6,val<8,test"
MixedDoc,mixeddoc_00456,010902_00109,train,"fnv1a32(sample_id)%10: train<6,val<8,test"
MixedDoc,mixeddoc_00457,010902_00110,train,"fnv1a32(sample_id)%10: train<6,val<8,test"
MixedDoc,mixeddoc_00458,010902_00173,train,"fnv1a32(sample_id)%10: train<6,val<8,test"
MixedDoc,mixeddoc_00459,010903_00057,test,"fnv1a32(sample_id)%10: train<6,val<8,test"
MixedDoc,mixeddoc_00460,010903_00078,val,"fnv1a32(sample_id)%10: train<6,val<8,test"
MixedDoc,mixeddoc_00461,010903_00093,test,"fnv1a32(sample_id)%10: train<6,val<8,test"
MixedDoc,mixeddoc_00462,010903_00100,train,"fnv1a32(sample_id)%10: train<6,val<8,test"
MixedDoc,mixeddoc_00463,010903_00113,val,"fnv1a32(sample_id)%10: train<6,val<8,test"
MixedDoc,mixeddoc_00464,010903_00124,train,"fnv1a32(sample_id)%10: train<6,val<8,test"
MixedDoc,mixeddoc_00465,010903_00126,train,"fnv1a32(sample_id)%10: train<6,val<8,test"
MixedDoc,mixeddoc_00466,010903_00129,train,"fnv1a32(sample_id)%10: train<6,val<8,test"
MixedDoc,mixeddoc_00467,010903_00142,train,"fnv1a32(sample_id)%10: train<6,val<8,test"
MixedDoc,mixeddoc_00468,010903_00147,train,"fnv1a32(sample_id)%10: train<6,val<8,test"
MixedDoc,mixeddoc_00469,010903_00164,val,"fnv1a32(sample_id)%10: train<6,val<8,test"
MixedDoc,mixeddoc_00470,010903_00165,val,"fnv1a32(sample_id)%10: train<6,val<8,test"
MixedDoc,mixeddoc_00471,010903_00167,train,"fnv1a32(sample_id)%10: train<6,val<8,test"
MixedDoc,mixeddoc_00472,010903_00172,test,"fnv1a32(sample_id)%10: train<6,val<8,test"
MixedDoc,mixeddoc_00473,010903_00179,val,"fnv1a32(sample_id)%10: train<6,val<8,test"
MixedDoc,mixeddoc_00474,010903_00198,train,"fnv1a32(sample_id)%10: train<6,val<8,test"
MixedDoc,mixeddoc_00475,010903_00207,test,"fnv1a32(sample_id)%10: train<6,val<8,test"
MixedDoc,mixeddoc_00476,010903_00219,train,"fnv1a32(sample_id)%10: train<6,val<8,test"
MixedDoc,mixeddoc_00477,010903_00221,train,"fnv1a32(sample_id)%10: train<6,val<8,test"
MixedDoc,mixeddoc_00478,010903_00224,test,"fnv1a32(sample_id)%10: train<6,val<8,test"
MixedDoc,mixeddoc_00479,010903_00229,val,"fnv1a32(sample_id)%10: train<6,val<8,test"
MixedDoc,mixeddoc_00480,010903_00243,train,"fnv1a32(sample_id)%10: train<6,val<8,test"
MixedDoc,mixeddoc_00481,010903_00244,val,"fnv1a32(sample_id)%10: train<6,val<8,test"
MixedDoc,mixeddoc_00482,0301_0000_0011,val,"fnv1a32(sample_id)%10: train<6,val<8,test"
MixedDoc,mixeddoc_00483,0301_0000_0019,test,"fnv1a32(sample_id)%10: train<6,val<8,test"
MixedDoc,mixeddoc_00484,0301_0000_0020,test,"fnv1a32(sample_id)%10: train<6,val<8,test"
MixedDoc,mixeddoc_00485,0301_0000_0022,train,"fnv1a32(sample_id)%10: train<6,val<8,test"
MixedDoc,mixeddoc_00486,0301_0000_0027,train,"fnv1a32(sample_id)%10: train<6,val<8,test"
MixedDoc,mixeddoc_00487,0301_0000_0047,train,"fnv1a32(sample_id)%10: train<6,val<8,test"
MixedDoc,mixeddoc_00488,0301_0000_0057,val,"fnv1a32(sample_id)%10: train<6,val<8,test"
MixedDoc,mixeddoc_00489,0301_0000_0071,test,"fnv1a32(sample_id)%10: train<6,val<8,test"
MixedDoc,mixeddoc_00490,0301_0000_0075,train,"fnv1a32(sample_id)%10: train<6,val<8,test"
MixedDoc,mixeddoc_00491,0301_0000_0082,test,"fnv1a32(sample_id)%10: train<6,val<8,test"
MixedDoc,mixeddoc_00492,0301_0002_0012,test,"fnv1a32(sample_id)%10: train<6,val<8,test"
MixedDoc,mixeddoc_00493,0301_0002_0017,val,"fnv1a32(sample_id)%10: train<6,val<8,test"
MixedDoc,mixeddoc_00494,0301_0002_0021,train,"fnv1a32(sample_id)%10: train<6,val<8,test"
MixedDoc,mixeddoc_00495,0301_0002_0028,train,"fnv1a32(sample_id)%10: train<6,val<8,test"
MixedDoc,mixeddoc_00496,0301_0002_0029,train,"fnv1a32(sample_id)%10: train<6,val<8,test"
MixedDoc,mixeddoc_00497,0301_0002_0036,train,"fnv1a32(sample_id)%10: train<6,val<8,test"
MixedDoc,mixeddoc_00498,0301_0002_0045,train,"fnv1a32(sample_id)%10: train<6,val<8,test"
MixedDoc,mixeddoc_00499,0301_0002_0046,train,"fnv1a32(sample_id)%10: train<6,val<8,test"
MixedDoc,mixeddoc_00500,0301_0002_0054,val,"fnv1a32(sample_id)%10: train<6,val<8,test"
MixedDoc,mixeddoc_00501,0301_0002_0061,train,"fnv1a32(sample_id)%10: train<6,val<8,test"
MixedDoc,mixeddoc_00502,0301_0002_0068,test,"fnv1a32(sample_id)%10: train<6,val<8,test"
MixedDoc,mixeddoc_00503,0301_0002_0070,val,"fnv1a32(sample_id)%10: train<6,val<8,test"
MixedDoc,mixeddoc_00504,0301_0003_0006,train,"fnv1a32(sample_id)%10: train<6,val<8,test"
MixedDoc,mixeddoc_00505,0301_0003_0020,test,"fnv1a32(sample_id)%10: train<6,val<8,test"
MixedDoc,mixeddoc_00506,0301_0003_0022,train,"fnv1a32(sample_id)%10: train<6,val<8,test"
MixedDoc,mixeddoc_00507,0301_0003_0023,train,"fnv1a32(sample_id)%10: train<6,val<8,test"
MixedDoc,mixeddoc_00508,0301_0003_0049,test,"fnv1a32(sample_id)%10: train<6,val<8,test"
MixedDoc,mixeddoc_00509,0301_0003_0057,val,"fnv1a32(sample_id)%10: train<6,val<8,test"
MixedDoc,mixeddoc_00510,0301_0003_0077,train,"fnv1a32(sample_id)%10: train<6,val<8,test"
MixedDoc,mixeddoc_00511,0301_0004_0009,val,"fnv1a32(sample_id)%10: train<6,val<8,test"
MixedDoc,mixeddoc_00512,0301_0004_0025,train,"fnv1a32(sample_id)%10: train<6,val<8,test"
MixedDoc,mixeddoc_00513,0301_0004_0039,train,"fnv1a32(sample_id)%10: train<6,val<8,test"
MixedDoc,mixeddoc_00514,0301_0004_0047,train,"fnv1a32(sample_id)%10: train<6,val<8,test"
MixedDoc,mixeddoc_00515,0301_0004_0057,train,"fnv1a32(sample_id)%10: train<6,val<8,test"
MixedDoc,mixeddoc_00516,0301_0004_0058,test,"fnv1a32(sample_id)%10: train<6,val<8,test"
MixedDoc,mixeddoc_00517,0301_0004_0081,train,"fnv1a32(sample_id)%10: train<6,val<8,test"
MixedDoc,mixeddoc_00518,0301_0005_0015,train,"fnv1a32(sample_id)%10: train<6,val<8,test"
MixedDoc,mixeddoc_00519,0301_0005_0017,train,"fnv1a32(sample_id)%10: train<6,val<8,test"
MixedDoc,mixeddoc_00520,0301_0005_0036,test,"fnv1a32(sample_id)%10: train<6,val<8,test"
MixedDoc,mixeddoc_00521,0301_0005_0045,val,"fnv1a32(sample_id)%10: train<6,val<8,test"
MixedDoc,mixeddoc_00522,0301_0005_0049,val,"fnv1a32(sample_id)%10: train<6,val<8,test"
MixedDoc,mixeddoc_00523,0301_0005_0053,train,"fnv1a32(sample_id)%10: train<6,val<8,test"
MixedDoc,mixeddoc_00524,0301_0005_0060,train,"fnv1a32(sample_id)%10: train<6,val<8,test"
MixedDoc,mixeddoc_00525,0301_0005_0072,train,"fnv1a32(sample_id)%10: train<6,val<8,test"
MixedDoc,mixeddoc_00526,0301_0006_0008,train,"fnv1a32(sample_id)%10: train<6,val<8,test"
MixedDoc,mixeddoc_00527,0301_0006_0062,train,"fnv1a32(sample_id)%10: train<6,val<8,test"
MixedDoc,mixeddoc_00528,0301_0006_0071,train,"fnv1a32(sample_id)%10: train<6,val<8,test"
MixedDoc,mixeddoc_00529,0301_0006_0078,test,"fnv1a32(sample_id)%10: train<6,val<8,test"
MixedDoc,mixeddoc_00530,0301_0007_0011,val,"fnv1a32(sample_id)%10: train<6,val<8,test"
MixedDoc,mixeddoc_00531,0301_0007_0016,test,"fnv1a32(sample_id)%10: train<6,val<8,test"
MixedDoc,mixeddoc_00532,0301_0007_0022,test,"fnv1a32(sample_id)%10: train<6,val<8,test"
MixedDoc,mixeddoc_00533,0301_0007_0023,train,"fnv1a32(sample_id)%10: train<6,val<8,test"
MixedDoc,mixeddoc_00534,0301_0007_0036,train,"fnv1a32(sample_id)%10: train<6,val<8,test"
MixedDoc,mixeddoc_00535,0301_0007_0037,train,"fnv1a32(sample_id)%10: train<6,val<8,test"
MixedDoc,mixeddoc_00536,0301_0007_0038,train,"fnv1a32(sample_id)%10: train<6,val<8,test"
MixedDoc,mixeddoc_00537,0301_0007_0042,val,"fnv1a32(sample_id)%10: train<6,val<8,test"
MixedDoc,mixeddoc_00538,0301_0052_0011,test,"fnv1a32(sample_id)%10: train<6,val<8,test"
MixedDoc,mixeddoc_00539,0301_0052_0014,train,"fnv1a32(sample_id)%10: train<6,val<8,test"
MixedDoc,mixeddoc_00540,0301_0052_0018,val,"fnv1a32(sample_id)%10: train<6,val<8,test"
MixedDoc,mixeddoc_00541,0301_0052_0033,train,"fnv1a32(sample_id)%10: train<6,val<8,test"
MixedDoc,mixeddoc_00542,0301_0052_0039,test,"fnv1a32(sample_id)%10: train<6,val<8,test"
MixedDoc,mixeddoc_00543,0301_0053_0025,val,"fnv1a32(sample_id)%10: train<6,val<8,test"
MixedDoc,mixeddoc_00544,0301_0053_0036,train,"fnv1a32(sample_id)%10: train<6,val<8,test"
MixedDoc,mixeddoc_00545,0301_0053_0043,train,"fnv1a32(sample_id)%10: train<6,val<8,test"
MixedDoc,mixeddoc_00546,0301_0053_0045,train,"fnv1a32(sample_id)%10: train<6,val<8,test"
MixedDoc,mixeddoc_00547,0301_0054_0010,train,"fnv1a32(sample_id)%10: train<6,val<8,test"
MixedDoc,mixeddoc_00548,0301_0054_0012,test,"fnv1a32(sample_id)%10: train<6,val<8,test"
MixedDoc,mixeddoc_00549,0301_0054_0013,val,"fnv1a32(sample_id)%10: train<6,val<8,test"
MixedDoc,mixeddoc_00550,0301_0054_0016,train,"fnv1a32(sample_id)%10: train<6,val<8,test"
MixedDoc,mixeddoc_00551,0301_0054_0025,train,"fnv1a32(sample_id)%10: train<6,val<8,test"
MixedDoc,mixeddoc_00552,0301_0055_0018,test,"fnv1a32(sample_id)%10: train<6,val<8,test"
MixedDoc,mixeddoc_00553,0301_0055_0019,train,"fnv1a32(sample_id)%10: train<6,val<8,test"
MixedDoc,mixeddoc_00554,0301_0055_0031,train,"fnv1a32(sample_id)%10: train<6,val<8,test"
MixedDoc,mixeddoc_00555,0301_0055_0033,val,"fnv1a32(sample_id)%10: train<6,val<8,test"
MixedDoc,mixeddoc_00556,0301_0056_0008,train,"fnv1a32(sample_id)%10: train<6,val<8,test"
MixedDoc,mixeddoc_00557,0301_0056_0024,train,"fnv1a32(sample_id)%10: train<6,val<8,test"
MixedDoc,mixeddoc_00558,0301_0056_0027,train,"fnv1a32(sample_id)%10: train<6,val<8,test"
MixedDoc,mixeddoc_00559,0301_0056_0029,train,"fnv1a32(sample_id)%10: train<6,val<8,test"
MixedDoc,mixeddoc_00560,0301_0057_0009,val,"fnv1a32(sample_id)%10: train<6,val<8,test"
MixedDoc,mixeddoc_00561,0301_0057_0011,train,"fnv1a32(sample_id)%10: train<6,val<8,test"
MixedDoc,mixeddoc_00562,0301_0057_0015,train,"fnv1a32(sample_id)%10: train<6,val<8,test"
MixedDoc,mixeddoc_00563,0301_0057_0016,train,"fnv1a32(sample_id)%10: train<6,val<8,test"
MixedDoc,mixeddoc_00564,0301_0057_0031,train,"fnv1a32(sample_id)%10: train<6,val<8,test"
MixedDoc,mixeddoc_00565,0301_0057_0035,test,"fnv1a32(sample_id)%10: train<6,val<8,test"
MixedDoc,mixeddoc_00566,0301_0057_0036,test,"fnv1a32(sample_id)%10: train<6,val<8,test"
MixedDoc,mixeddoc_00567,0301_0057_0048,val,"fnv1a32(sample_id)%10: train<6,val<8,test"
MixedDoc,mixeddoc_00568,0301_0057_0051,train,"fnv1a32(sample_id)%10: train<6,val<8,test"
MixedDoc,mixeddoc_00569,0301_0057_0052,train,"fnv1a32(sample_id)%10: train<6,val<8,test"
MixedDoc,mixeddoc_00570,0301_0057_0053,train,"fnv1a32(sample_id)%10: train<6,val<8,test"
MixedDoc,mixeddoc_00571,0301_0057_0056,val,"fnv1a32(sample_id)%10: train<6,val<8,test"
MixedDoc,mixeddoc_00572,0301_0058_0015,val,"fnv1a32(sample_id)%10: train<6,val<8,test"
MixedDoc,mixeddoc_00573,0301_0062_0072,test,"fnv1a32(sample_id)%10: train<6,val<8,test"
MixedDoc,mixeddoc_00574,0301_0065_0040,test,"fnv1a32(sample_id)%10: train<6,val<8,test"
MixedDoc,mixeddoc_00575,0301_0073_0025,train,"fnv1a32(sample_id)%10: train<6,val<8,test"
MixedDoc,mixeddoc_00576,0301_0073_0030,train,"fnv1a32(sample_id)%10: train<6,val<8,test"
MixedDoc,mixeddoc_00577,0301_0075_0037,train,"fnv1a32(sample_id)%10: train<6,val<8,test"
MixedDoc,mixeddoc_00578,0301_0075_0038,train,"fnv1a32(sample_id)%10: train<6,val<8,test"
MixedDoc,mixeddoc_00579,0301_0075_0042,train,"fnv1a32(sample_id)%10: train<6,val<8,test"
MixedDoc,mixeddoc_00580,0301_0078_0014,test,"fnv1a32(sample_id)%10: train<6,val<8,test"
MixedDoc,mixeddoc_00581,0301_0078_0016,val,"fnv1a32(sample_id)%10: train<6,val<8,test"
MixedDoc,mixeddoc_00582,0301_0078_0017,train,"fnv1a32(sample_id)%10: train<6,val<8,test"
MixedDoc,mixeddoc_00583,0301_0078_0049,test,"fnv1a32(sample_id)%10: train<6,val<8,test"
MixedDoc,mixeddoc_00584,0301_0079_0068,train,"fnv1a32(sample_id)%10: train<6,val<8,test"
MixedDoc,mixeddoc_00585,0301_0079_0074,train,"fnv1a32(sample_id)%10: train<6,val<8,test"
MixedDoc,mixeddoc_00586,0301_0079_0076,train,"fnv1a32(sample_id)%10: train<6,val<8,test"
MixedDoc,mixeddoc_00587,0301_0079_0077,train,"fnv1a32(sample_id)%10: train<6,val<8,test"
MixedDoc,mixeddoc_00588,0301_0080_0073,val,"fnv1a32(sample_id)%10: train<6,val<8,test"
MixedDoc,mixeddoc_00589,0301_0082_0039,train,"fnv1a32(sample_id)%10: train<6,val<8,test"
MixedDoc,mixeddoc_00590,0301_0084_0039,train,"fnv1a32(sample_id)%10: train<6,val<8,test"
MixedDoc,mixeddoc_00591,0301_0084_0043,train,"fnv1a32(sample_id)%10: train<6,val<8,test"
MixedDoc,mixeddoc_00592,0301_0085_0017,test,"fnv1a32(sample_id)%10: train<6,val<8,test"
MixedDoc,mixeddoc_00593,0301_0085_0050,train,"fnv1a32(sample_id)%10: train<6,val<8,test"
MixedDoc,mixeddoc_00594,0301_0085_0051,val,"fnv1a32(sample_id)%10: train<6,val<8,test"
MixedDoc,mixeddoc_00595,0301_0085_0052,test,"fnv1a32(sample_id)%10: train<6,val<8,test"
MixedDoc,mixeddoc_00596,0301_0085_0055,train,"fnv1a32(sample_id)%10: train<6,val<8,test"
MixedDoc,mixeddoc_00597,0301_0085_0057,val,"fnv1a32(sample_id)%10: train<6,val<8,test"
MixedDoc,mixeddoc_00598,0301_0088_0002,train,"fnv1a32(sample_id)%10: train<6,val<8,test"
MixedDoc,mixeddoc_00599,0301_0088_0005,train,"fnv1a32(sample_id)%10: train<6,val<8,test"
MixedDoc,mixeddoc_00600,0301_0088_0045,train,"fnv1a32(sample_id)%10: train<6,val<8,test"
MixedDoc,mixeddoc_00601,0301_0088_0048,train,"fnv1a32(sample_id)%10: train<6,val<8,test"
MixedDoc,mixeddoc_00602,0301_0088_0058,test,"fnv1a32(sample_id)%10: train<6,val<8,test"
MixedDoc,mixeddoc_00603,0301_0088_0091,train,"fnv1a32(sample_id)%10: train<6,val<8,test"
MixedDoc,mixeddoc_00604,0301_0089_0029,train,"fnv1a32(sample_id)%10: train<6,val<8,test"
MixedDoc,mixeddoc_00605,0301_0089_0033,val,"fnv1a32(sample_id)%10: train<6,val<8,test"
MixedDoc,mixeddoc_00606,0301_0091_0021,train,"fnv1a32(sample_id)%10: train<6,val<8,test"
MixedDoc,mixeddoc_00607,0301_0091_0035,train,"fnv1a32(sample_id)%10: train<6,val<8,test"
MixedDoc,mixeddoc_00608,0301_0091_0036,test,"fnv1a32(sample_id)%10: train<6,val<8,test"
MixedDoc,mixeddoc_00609,0301_0091_0069,train,"fnv1a32(sample_id)%10: train<6,val<8,test"
MixedDoc,mixeddoc_00610,0301_0091_0089,train,"fnv1a32(sample_id)%10: train<6,val<8,test"
MixedDoc,mixeddoc_00611,0301_0095_0007,train,"fnv1a32(sample_id)%10: train<6,val<8,test"
MixedDoc,mixeddoc_00612,0301_0095_0015,train,"fnv1a32(sample_id)%10: train<6,val<8,test"
MixedDoc,mixeddoc_00613,0301_0095_0023,train,"fnv1a32(sample_id)%10: train<6,val<8,test"
MixedDoc,mixeddoc_00614,0301_0095_0031,test,"fnv1a32(sample_id)%10: train<6,val<8,test"
MixedDoc,mixeddoc_00615,0301_0095_0034,val,"fnv1a32(sample_id)%10: train<6,val<8,test"
MixedDoc,mixeddoc_00616,0301_0095_0043,train,"fnv1a32(sample_id)%10: train<6,val<8,test"
MixedDoc,mixeddoc_00617,0301_0095_0044,test,"fnv1a32(sample_id)%10: train<6,val<8,test"
MixedDoc,mixeddoc_00618,0301_0095_0065,train,"fnv1a32(sample_id)%10: train<6,val<8,test"
MixedDoc,mixeddoc_00619,0301_0095_0083,test,"fnv1a32(sample_id)%10: train<6,val<8,test"
MixedDoc,mixeddoc_00620,0301_0095_0089,train,"fnv1a32(sample_id)%10: train<6,val<8,test"
MixedDoc,mixeddoc_00621,0301_0096_0021,train,"fnv1a32(sample_id)%10: train<6,val<8,test"
MixedDoc,mixeddoc_00622,0301_0096_0037,train,"fnv1a32(sample_id)%10: train<6,val<8,test"
MixedDoc,mixeddoc_00623,0301_0096_0059,val,"fnv1a32(sample_id)%10: train<6,val<8,test"
MixedDoc,mixeddoc_00624,0301_0096_0063,val,"fnv1a32(sample_id)%10: train<6,val<8,test"
MixedDoc,mixeddoc_00625,0301_0097_0023,test,"fnv1a32(sample_id)%10: train<6,val<8,test"
MixedDoc,mixeddoc_00626,0301_0097_0028,test,"fnv1a32(sample_id)%10: train<6,val<8,test"
MixedDoc,mixeddoc_00627,0301_0097_0032,train,"fnv1a32(sample_id)%10: train<6,val<8,test"
MixedDoc,mixeddoc_00628,0301_0097_0041,train,"fnv1a32(sample_id)%10: train<6,val<8,test"
MixedDoc,mixeddoc_00629,0301_0097_0055,val,"fnv1a32(sample_id)%10: train<6,val<8,test"
MixedDoc,mixeddoc_00630,0301_0097_0057,train,"fnv1a32(sample_id)%10: train<6,val<8,test"
MixedDoc,mixeddoc_00631,0301_0097_0075,train,"fnv1a32(sample_id)%10: train<6,val<8,test"
MixedDoc,mixeddoc_00632,0301_0097_0086,train,"fnv1a32(sample_id)%10: train<6,val<8,test"
MixedDoc,mixeddoc_00633,0301_0109_0024,train,"fnv1a32(sample_id)%10: train<6,val<8,test"
MixedDoc,mixeddoc_00634,0301_0109_0031,test,"fnv1a32(sample_id)%10: train<6,val<8,test"
MixedDoc,mixeddoc_00635,0301_0109_0034,val,"fnv1a32(sample_id)%10: train<6,val<8,test"
MixedDoc,mixeddoc_00636,0301_0109_0040,val,"fnv1a32(sample_id)%10: train<6,val<8,test"
MixedDoc,mixeddoc_00637,0301_0109_0043,train,"fnv1a32(sample_id)%10: train<6,val<8,test"
MixedDoc,mixeddoc_00638,0301_0109_0044,val,"fnv1a32(sample_id)%10: train<6,val<8,test"
MixedDoc,mixeddoc_00639,0301_0109_0048,train,"fnv1a32(sample_id)%10: train<6,val<8,test"
MixedDoc,mixeddoc_00640,0301_0109_0073,test,"fnv1a32(sample_id)%10: train<6,val<8,test"
MixedDoc,mixeddoc_00641,0301_0109_0081,train,"fnv1a32(sample_id)%10: train<6,val<8,test"
MixedDoc,mixeddoc_00642,0301_0109_0088,val,"fnv1a32(sample_id)%10: train<6,val<8,test"
MixedDoc,mixeddoc_00643,0301_0109_0093,test,"fnv1a32(sample_id)%10: train<6,val<8,test"
MixedDoc,mixeddoc_00644,0301_0109_0101,train,"fnv1a32(sample_id)%10: train<6,val<8,test"
MixedDoc,mixeddoc_00645,0301_0109_0102,val,"fnv1a32(sample_id)%10: train<6,val<8,test"
MixedDoc,mixeddoc_00646,0301_0109_0108,train,"fnv1a32(sample_id)%10: train<6,val<8,test"
MixedDoc,mixeddoc_00647,0301_0110_0043,train,"fnv1a32(sample_id)%10: train<6,val<8,test"
MixedDoc,mixeddoc_00648,0301_0110_0049,train,"fnv1a32(sample_id)%10: train<6,val<8,test"
MixedDoc,mixeddoc_00649,0301_0110_0089,train,"fnv1a32(sample_id)%10: train<6,val<8,test"
MixedDoc,mixeddoc_00650,0301_0110_0092,test,"fnv1a32(sample_id)%10: train<6,val<8,test"
MixedDoc,mixeddoc_00651,0301_0110_0107,val,"fnv1a32(sample_id)%10: train<6,val<8,test"
MixedDoc,mixeddoc_00652,0301_0110_0109,train,"fnv1a32(sample_id)%10: train<6,val<8,test"
MixedDoc,mixeddoc_00653,0301_0165_0015,test,"fnv1a32(sample_id)%10: train<6,val<8,test"
MixedDoc,mixeddoc_00654,0301_0165_0017,train,"fnv1a32(sample_id)%10: train<6,val<8,test"
MixedDoc,mixeddoc_00655,0301_0165_0018,train,"fnv1a32(sample_id)%10: train<6,val<8,test"
MixedDoc,mixeddoc_00656,0301_0168_0005,train,"fnv1a32(sample_id)%10: train<6,val<8,test"
MixedDoc,mixeddoc_00657,0301_0168_0015,train,"fnv1a32(sample_id)%10: train<6,val<8,test"
MixedDoc,mixeddoc_00658,0301_0168_0020,val,"fnv1a32(sample_id)%10: train<6,val<8,test"
MixedDoc,mixeddoc_00659,0301_0168_0022,train,"fnv1a32(sample_id)%10: train<6,val<8,test"
MixedDoc,mixeddoc_00660,0301_0168_0025,test,"fnv1a32(sample_id)%10: train<6,val<8,test"
MixedDoc,mixeddoc_00661,0301_0168_0026,train,"fnv1a32(sample_id)%10: train<6,val<8,test"
MixedDoc,mixeddoc_00662,0301_0168_0031,train,"fnv1a32(sample_id)%10: train<6,val<8,test"
MixedDoc,mixeddoc_00663,0301_0170_0019,train,"fnv1a32(sample_id)%10: train<6,val<8,test"
MixedDoc,mixeddoc_00664,0301_0170_0021,train,"fnv1a32(sample_id)%10: train<6,val<8,test"
MixedDoc,mixeddoc_00665,0301_0170_0025,val,"fnv1a32(sample_id)%10: train<6,val<8,test"
MixedDoc,mixeddoc_00666,0301_0170_0033,val,"fnv1a32(sample_id)%10: train<6,val<8,test"
MixedDoc,mixeddoc_00667,0301_0170_0036,test,"fnv1a32(sample_id)%10: train<6,val<8,test"
MixedDoc,mixeddoc_00668,0301_0170_0089,val,"fnv1a32(sample_id)%10: train<6,val<8,test"
MixedDoc,mixeddoc_00669,0301_0174_0008,test,"fnv1a32(sample_id)%10: train<6,val<8,test"
MixedDoc,mixeddoc_00670,0301_0174_0011,test,"fnv1a32(sample_id)%10: train<6,val<8,test"
MixedDoc,mixeddoc_00671,0301_0174_0016,val,"fnv1a32(sample_id)%10: train<6,val<8,test"
MixedDoc,mixeddoc_00672,0301_0174_0022,val,"fnv1a32(sample_id)%10: train<6,val<8,test"
MixedDoc,mixeddoc_00673,0301_0174_0024,train,"fnv1a32(sample_id)%10: train<6,val<8,test"
MixedDoc,mixeddoc_00674,0301_0174_0079,train,"fnv1a32(sample_id)%10: train<6,val<8,test"
MixedDoc,mixeddoc_00675,0301_0175_0034,train,"fnv1a32(sample_id)%10: train<6,val<8,test"
MixedDoc,mixeddoc_00676,0301_0175_0035,train,"fnv1a32(sample_id)%10: train<6,val<8,test"
MixedDoc,mixeddoc_00677,0301_0175_0040,train,"fnv1a32(sample_id)%10: train<6,val<8,test"
MixedDoc,mixeddoc_00678,0301_0175_0042,val,"fnv1a32(sample_id)%10: train<6,val<8,test"
MixedDoc,mixeddoc_00679,0301_0175_0044,train,"fnv1a32(sample_id)%10: train<6,val<8,test"
MixedDoc,mixeddoc_00680,0301_0175_0050,test,"fnv1a32(sample_id)%10: train<6,val<8,test"
MixedDoc,mixeddoc_00681,0301_0175_0067,train,"fnv1a32(sample_id)%10: train<6,val<8,test"
MixedDoc,mixeddoc_00682,0301_0178_0005,val,"fnv1a32(sample_id)%10: train<6,val<8,test"
MixedDoc,mixeddoc_00683,0301_0178_0014,test,"fnv1a32(sample_id)%10: train<6,val<8,test"
MixedDoc,mixeddoc_00684,0301_0178_0016,train,"fnv1a32(sample_id)%10: train<6,val<8,test"
MixedDoc,mixeddoc_00685,0301_0178_0026,train,"fnv1a32(sample_id)%10: train<6,val<8,test"
MixedDoc,mixeddoc_00686,0301_0178_0031,train,"fnv1a32(sample_id)%10: train<6,val<8,test"
MixedDoc,mixeddoc_00687,0301_0179_0084,train,"fnv1a32(sample_id)%10: train<6,val<8,test"
MixedDoc,mixeddoc_00688,0301_0184_0013,train,"fnv1a32(sample_id)%10: train<6,val<8,test"
MixedDoc,mixeddoc_00689,0301_0184_0063,train,"fnv1a32(sample_id)%10: train<6,val<8,test"
MixedDoc,mixeddoc_00690,0301_0188_0008,train,"fnv1a32(sample_id)%10: train<6,val<8,test"
MixedDoc,mixeddoc_00691,0301_0188_0037,test,"fnv1a32(sample_id)%10: train<6,val<8,test"
MixedDoc,mixeddoc_00692,0301_0188_0042,train,"fnv1a32(sample_id)%10: train<6,val<8,test"
MixedDoc,mixeddoc_00693,0301_0188_0044,train,"fnv1a32(sample_id)%10: train<6,val<8,test"
MixedDoc,mixeddoc_00694,0301_0188_0048,val,"fnv1a32(sample_id)%10: train<6,val<8,test"
MixedDoc,mixeddoc_00695,0301_0188_0051,train,"fnv1a32(sample_id)%10: train<6,val<8,test"
MixedDoc,mixeddoc_00696,0301_0189_0076,test,"fnv1a32(sample_id)%10: train<6,val<8,test"
MixedDoc,mixeddoc_00697,0301_0189_0078,val,"fnv1a32(sample_id)%10: train<6,val<8,test"
MixedDoc,mixeddoc_00698,0301_0189_0079,train,"fnv1a32(sample_id)%10: train<6,val<8,test"
MixedDoc,mixeddoc_00699,0301_0189_0080,train,"fnv1a32(sample_id)%10: train<6,val<8,test"
MixedDoc,mixeddoc_00700,0301_0195_0019,train,"fnv1a32(sample_id)%10: train<6,val<8,test"
MixedDoc,mixeddoc_00701,0301_0199_0049,test,"fnv1a32(sample_id)%10: train<6,val<8,test"
MixedDoc,mixeddoc_00702,0301_0201_0014,test,"fnv1a32(sample_id)%10: train<6,val<8,test"
MixedDoc,mixeddoc_00703,0301_0201_0028,val,"fnv1a32(sample_id)%10: train<6,val<8,test"
MixedDoc,mixeddoc_00704,0301_0201_0040,train,"fnv1a32(sample_id)%10: train<6,val<8,test"
MixedDoc,mixeddoc_00705,0301_0201_0041,train,"fnv1a32(sample_id)%10: train<6,val<8,test"
MixedDoc,mixeddoc_00706,0301_0201_0043,train,"fnv1a32(sample_id)%10: train<6,val<8,test"
MixedDoc,mixeddoc_00707,0301_0203_0029,train,"fnv1a32(sample_id)%10: train<6,val<8,test"
MixedDoc,mixeddoc_00708,0301_0203_0033,train,"fnv1a32(sample_id)%10: train<6,val<8,test"
MixedDoc,mixeddoc_00709,0301_0203_0035,train,"fnv1a32(sample_id)%10: train<6,val<8,test"
MixedDoc,mixeddoc_00710,0301_0204_0042,train,"fnv1a32(sample_id)%10: train<6,val<8,test"
MixedDoc,mixeddoc_00711,0301_0204_0045,val,"fnv1a32(sample_id)%10: train<6,val<8,test"
MixedDoc,mixeddoc_00712,0301_0204_0047,val,"fnv1a32(sample_id)%10: train<6,val<8,test"
MixedDoc,mixeddoc_00713,0301_0204_0049,test,"fnv1a32(sample_id)%10: train<6,val<8,test"
MixedDoc,mixeddoc_00714,0301_0204_0051,test,"fnv1a32(sample_id)%10: train<6,val<8,test"
MixedDoc,mixeddoc_00715,0301_0204_0052,train,"fnv1a32(sample_id)%10: train<6,val<8,test"
MixedDoc,mixeddoc_00716,0301_0204_0055,train,"fnv1a32(sample_id)%10: train<6,val<8,test"
MixedDoc,mixeddoc_00717,0301_0204_0056,train,"fnv1a32(sample_id)%10: train<6,val<8,test"
MixedDoc,mixeddoc_00718,0301_0205_0043,val,"fnv1a32(sample_id)%10: train<6,val<8,test"
MixedDoc,mixeddoc_00719,0301_0205_0051,test,"fnv1a32(sample_id)%10: train<6,val<8,test"
MixedDoc,mixeddoc_00720,0301_0205_0052,train,"fnv1a32(sample_id)%10: train<6,val<8,test"
MixedDoc,mixeddoc_00721,0301_0205_0055,train,"fnv1a32(sample_id)%10: train<6,val<8,test"
MixedDoc,mixeddoc_00722,0301_0205_0057,val,"fnv1a32(sample_id)%10: train<6,val<8,test"
MixedDoc,mixeddoc_00723,0301_0206_0042,train,"fnv1a32(sample_id)%10: train<6,val<8,test"
MixedDoc,mixeddoc_00724,0301_0206_0047,train,"fnv1a32(sample_id)%10: train<6,val<8,test"
MixedDoc,mixeddoc_00725,0301_0206_0056,test,"fnv1a32(sample_id)%10: train<6,val<8,test"
MixedDoc,mixeddoc_00726,0301_0207_0020,train,"fnv1a32(sample_id)%10: train<6,val<8,test"
MixedDoc,mixeddoc_00727,0301_0207_0036,train,"fnv1a32(sample_id)%10: train<6,val<8,test"
MixedDoc,mixeddoc_00728,0301_0207_0037,train,"fnv1a32(sample_id)%10: train<6,val<8,test"
MixedDoc,mixeddoc_00729,0301_0207_0039,train,"fnv1a32(sample_id)%10: train<6,val<8,test"
MixedDoc,mixeddoc_00730,0301_0210_0009,train,"fnv1a32(sample_id)%10: train<6,val<8,test"
MixedDoc,mixeddoc_00731,0301_0213_0006,train,"fnv1a32(sample_id)%10: train<6,val<8,test"
MixedDoc,mixeddoc_00732,0301_0213_0008,train,"fnv1a32(sample_id)%10: train<6,val<8,test"
MixedDoc,mixeddoc_00733,0301_0213_0012,train,"fnv1a32(sample_id)%10: train<6,val<8,test"
MixedDoc,mixeddoc_00734,0301_0213_0018,val,"fnv1a32(sample_id)%10: train<6,val<8,test"
MixedDoc,mixeddoc_00735,0301_0213_0023,test,"fnv1a32(sample_id)%10: train<6,val<8,test"
MixedDoc,mixeddoc_00736,0301_0216_0036,train,"fnv1a32(sample_id)%10: train<6,val<8,test"
MixedDoc,mixeddoc_00737,0301_0216_0041,val,"fnv1a32(sample_id)%10: train<6,val<8,test"
MixedDoc,mixeddoc_00738,0301_0216_0044,train,"fnv1a32(sample_id)%10: train<6,val<8,test"
MixedDoc,mixeddoc_00739,0301_0216_0045,train,"fnv1a32(sample_id)%10: train<6,val<8,test"
MixedDoc,mixeddoc_00740,0301_0216_0049,train,"fnv1a32(sample_id)%10: train<6,val<8,test"
MixedDoc,mixeddoc_00741,0301_0220_0028,test,"fnv1a32(sample_id)%10: train<6,val<8,test"
MixedDoc,mixeddoc_00742,0301_0220_0032,test,"fnv1a32(sample_id)%10: train<6,val<8,test"
MixedDoc,mixeddoc_00743,0301_0220_0033,val,"fnv1a32(sample_id)%10: train<6,val<8,test"
MixedDoc,mixeddoc_00744,0301_0220_0041,val,"fnv1a32(sample_id)%10: train<6,val<8,test"
MixedDoc,mixeddoc_00745,0301_0220_0043,train,"fnv1a32(sample_id)%10: train<6,val<8,test"
MixedDoc,mixeddoc_00746,0301_0224_0028,train,"fnv1a32(sample_id)%10: train<6,val<8,test"
MixedDoc,mixeddoc_00747,0301_0224_0029,train,"fnv1a32(sample_id)%10: train<6,val<8,test"
MixedDoc,mixeddoc_00748,0301_0224_0042,test,"fnv1a32(sample_id)%10: train<6,val<8,test"
MixedDoc,mixeddoc_00749,0301_0227_0024,val,"fnv1a32(sample_id)%10: train<6,val<8,test"
MixedDoc,mixeddoc_00750,0301_0228_0047,test,"fnv1a32(sample_id)%10: train<6,val<8,test"
MixedDoc,mixeddoc_00751,0301_0228_0050,train,"fnv1a32(sample_id)%10: train<6,val<8,test"
MixedDoc,mixeddoc_00752,0301_0228_0055,train,"fnv1a32(sample_id)%10: train<6,val<8,test"
MixedDoc,mixeddoc_00753,0301_0231_0033,train,"fnv1a32(sample_id)%10: train<6,val<8,test"
MixedDoc,mixeddoc_00754,0301_0235_0037,train,"fnv1a32(sample_id)%10: train<6,val<8,test"
MixedDoc,mixeddoc_00755,0301_0235_0039,val,"fnv1a32(sample_id)%10: train<6,val<8,test"
MixedDoc,mixeddoc_00756,0301_0235_0042,val,"fnv1a32(sample_id)%10: train<6,val<8,test"
MixedDoc,mixeddoc_00757,0301_0236_0010,test,"fnv1a32(sample_id)%10: train<6,val<8,test"
MixedDoc,mixeddoc_00758,0301_0236_0014,val,"fnv1a32(sample_id)%10: train<6,val<8,test"
MixedDoc,mixeddoc_00759,0301_0236_0041,test,"fnv1a32(sample_id)%10: train<6,val<8,test"
MixedDoc,mixeddoc_00760,0301_0236_0042,train,"fnv1a32(sample_id)%10: train<6,val<8,test"
MixedDoc,mixeddoc_00761,0301_0236_0043,test,"fnv1a32(sample_id)%10: train<6,val<8,test"
MixedDoc,mixeddoc_00762,0301_0240_0051,train,"fnv1a32(sample_id)%10: train<6,val<8,test"
MixedDoc,mixeddoc_00763,0302_0000_0001,train,"fnv1a32(sample_id)%10: train<6,val<8,test"
MixedDoc,mixeddoc_00764,0302_0000_0004,train,"fnv1a32(sample_id)%10: train<6,val<8,test"
MixedDoc,mixeddoc_00765,0302_0000_0017,train,"fnv1a32(sample_id)%10: train<6,val<8,test"
MixedDoc,mixeddoc_00766,0302_0000_0018,val,"fnv1a32(sample_id)%10: train<6,val<8,test"
MixedDoc,mixeddoc_00767,0302_0000_0047,train,"fnv1a32(sample_id)%10: train<6,val<8,test"
MixedDoc,mixeddoc_00768,0302_0000_0051,test,"fnv1a32(sample_id)%10: train<6,val<8,test"
MixedDoc,mixeddoc_00769,0302_0000_0058,val,"fnv1a32(sample_id)%10: train<6,val<8,test"
MixedDoc,mixeddoc_00770,0302_0000_0063,train,"fnv1a32(sample_id)%10: train<6,val<8,test"
MixedDoc,mixeddoc_00771,0302_0001_0009,train,"fnv1a32(sample_id)%10: train<6,val<8,test"
MixedDoc,mixeddoc_00772,0302_0001_0017,test,"fnv1a32(sample_id)%10: train<6,val<8,test"
MixedDoc,mixeddoc_00773,0302_0001_0023,train,"fnv1a32(sample_id)%10: train<6,val<8,test"
MixedDoc,mixeddoc_00774,0302_0001_0032,val,"fnv1a32(sample_id)%10: train<6,val<8,test"
MixedDoc,mixeddoc_00775,0302_0001_0044,test,"fnv1a32(sample_id)%10: train<6,val<8,test"
MixedDoc,mixeddoc_00776,0302_0002_0017,train,"fnv1a32(sample_id)%10: train<6,val<8,test"
MixedDoc,mixeddoc_00777,0302_0002_0020,val,"fnv1a32(sample_id)%10: train<6,val<8,test"
MixedDoc,mixeddoc_00778,0302_0002_0021,train,"fnv1a32(sample_id)%10: train<6,val<8,test"
MixedDoc,mixeddoc_00779,0302_0002_0034,train,"fnv1a32(sample_id)%10: train<6,val<8,test"
MixedDoc,mixeddoc_00780,0302_0002_0044,val,"fnv1a32(sample_id)%10: train<6,val<8,test"
MixedDoc,mixeddoc_00781,0302_0002_0050,train,"fnv1a32(sample_id)%10: train<6,val<8,test"
MixedDoc,mixeddoc_00782,0302_0002_0058,train,"fnv1a32(sample_id)%10: train<6,val<8,test"
MixedDoc,mixeddoc_00783,0302_0002_0065,train,"fnv1a32(sample_id)%10: train<6,val<8,test"
MixedDoc,mixeddoc_00784,0302_0002_0067,train,"fnv1a32(sample_id)%10: train<6,val<8,test"
MixedDoc,mixeddoc_00785,0302_0002_0069,test,"fnv1a32(sample_id)%10: train<6,val<8,test"
MixedDoc,mixeddoc_00786,0302_0003_0009,test,"fnv1a32(sample_id)%10: train<6,val<8,test"
MixedDoc,mixeddoc_00787,0302_0003_0010,val,"fnv1a32(sample_id)%10: train<6,val<8,test"
MixedDoc,mixeddoc_00788,0302_0003_0019,train,"fnv1a32(sample_id)%10: train<6,val<8,test"
MixedDoc,mixeddoc_00789,0302_0003_0030,train,"fnv1a32(sample_id)%10: train<6,val<8,test"
MixedDoc,mixeddoc_00790,0302_0003_0032,train,"fnv1a32(sample_id)%10: train<6,val<8,test"
MixedDoc,mixeddoc_00791,0302_0003_0038,val,"fnv1a32(sample_id)%10: train<6,val<8,test"
MixedDoc,mixeddoc_00792,0302_0003_0041,val,"fnv1a32(sample_id)%10: train<6,val<8,test"
MixedDoc,mixeddoc_00793,0302_0003_0042,test,"fnv1a32(sample_id)%10: train<6,val<8,test"
MixedDoc,mixeddoc_00794,0302_0003_0057,test,"fnv1a32(sample_id)%10: train<6,val<8,test"
MixedDoc,mixeddoc_00795,0302_0003_0058,train,"fnv1a32(sample_id)%10: train<6,val<8,test"
MixedDoc,mixeddoc_00796,0302_0003_0059,train,"fnv1a32(sample_id)%10: train<6,val<8,test"
MixedDoc,mixeddoc_00797,0302_0003_0063,train,"fnv1a32(sample_id)%10: train<6,val<8,test"
MixedDoc,mixeddoc_00798,0302_0003_0068,train,"fnv1a32(sample_id)%10: train<6,val<8,test"
MixedDoc,mixeddoc_00799,0302_0004_0005,train,"fnv1a32(sample_id)%10: train<6,val<8,test"
MixedDoc,mixeddoc_00800,0302_0004_0006,train,"fnv1a32(sample_id)%10: train<6,val<8,test"
MixedDoc,mixeddoc_00801,0302_0004_0008,train,"fnv1a32(sample_id)%10: train<6,val<8,test"
MixedDoc,mixeddoc_00802,0302_0004_0010,train,"fnv1a32(sample_id)%10: train<6,val<8,test"
MixedDoc,mixeddoc_00803,0302_0004_0012,train,"fnv1a32(sample_id)%10: train<6,val<8,test"
MixedDoc,mixeddoc_00804,0302_0004_0025,val,"fnv1a32(sample_id)%10: train<6,val<8,test"
MixedDoc,mixeddoc_00805,0302_0004_0035,test,"fnv1a32(sample_id)%10: train<6,val<8,test"
MixedDoc,mixeddoc_00806,0302_0004_0041,test,"fnv1a32(sample_id)%10: train<6,val<8,test"
MixedDoc,mixeddoc_00807,0302_0004_0042,train,"fnv1a32(sample_id)%10: train<6,val<8,test"
MixedDoc,mixeddoc_00808,0302_0004_0045,train,"fnv1a32(sample_id)%10: train<6,val<8,test"
MixedDoc,mixeddoc_00809,0302_0004_0052,train,"fnv1a32(sample_id)%10: train<6,val<8,test"
MixedDoc,mixeddoc_00810,0302_0004_0065,train,"fnv1a32(sample_id)%10: train<6,val<8,test"
MixedDoc,mixeddoc_00811,0302_0005_0001,train,"fnv1a32(sample_id)%10: train<6,val<8,test"
MixedDoc,mixeddoc_00812,0302_0005_0018,train,"fnv1a32(sample_id)%10: train<6,val<8,test"
MixedDoc,mixeddoc_00813,0302_0005_0025,test,"fnv1a32(sample_id)%10: train<6,val<8,test"
MixedDoc,mixeddoc_00814,0302_0005_0029,test,"fnv1a32(sample_id)%10: train<6,val<8,test"
MixedDoc,mixeddoc_00815,0302_0005_0032,val,"fnv1a32(sample_id)%10: train<6,val<8,test"
MixedDoc,mixeddoc_00816,0302_0005_0033,val,"fnv1a32(sample_id)%10: train<6,val<8,test"
MixedDoc,mixeddoc_00817,0302_0005_0034,train,"fnv1a32(sample_id)%10: train<6,val<8,test"
MixedDoc,mixeddoc_00818,0302_0005_0050,train,"fnv1a32(sample_id)%10: train<6,val<8,test"
MixedDoc,mixeddoc_00819,0302_0005_0053,train,"fnv1a32(sample_id)%10: train<6,val<8,test"
MixedDoc,mixeddoc_00820,0302_0005_0060,train,"fnv1a32(sample_id)%10: train<6,val<8,test"
MixedDoc,mixeddoc_00821,0302_0005_0062,val,"fnv1a32(sample_id)%10: train<6,val<8,test"
MixedDoc,mixeddoc_00822,0302_01_2022_02_0007,train,"fnv1a32(sample_id)%10: train<6,val<8,test"
MixedDoc,mixeddoc_00823,0302_01_2022_02_0018,train,"fnv1a32(sample_id)%10: train<6,val<8,test"
MixedDoc,mixeddoc_00824,0302_01_2022_02_0019,train,"fnv1a32(sample_id)%10: train<6,val<8,test"
MixedDoc,mixeddoc_00825,0302_01_2022_02_0025,train,"fnv1a32(sample_id)%10: train<6,val<8,test"
MixedDoc,mixeddoc_00826,0302_01_2022_02_0026,test,"fnv1a32(sample_id)%10: train<6,val<8,test"
MixedDoc,mixeddoc_00827,0302_01_2022_02_0035,train,"fnv1a32(sample_id)%10: train<6,val<8,test"
MixedDoc,mixeddoc_00828,0302_01_2022_02_0040,train,"fnv1a32(sample_id)%10: train<6,val<8,test"
MixedDoc,mixeddoc_00829,0302_01_2022_02_0042,train,"fnv1a32(sample_id)%10: train<6,val<8,test"
MixedDoc,mixeddoc_00830,0302_01_2022_02_0046,val,"fnv1a32(sample_id)%10: train<6,val<8,test"
MixedDoc,mixeddoc_00831,0302_01_2022_02_0050,train,"fnv1a32(sample_id)%10: train<6,val<8,test"
MixedDoc,mixeddoc_00832,0302_01_2022_02_0052,test,"fnv1a32(sample_id)%10: train<6,val<8,test"
MixedDoc,mixeddoc_00833,0302_01_2022_02_0055,val,"fnv1a32(sample_id)%10: train<6,val<8,test"
MixedDoc,mixeddoc_00834,0302_01_2022_02_0058,train,"fnv1a32(sample_id)%10: train<6,val<8,test"
MixedDoc,mixeddoc_00835,0302_01_2022_02_0060,test,"fnv1a32(sample_id)%10: train<6,val<8,test"
MixedDoc,mixeddoc_00836,0302_01_2022_02_0066,train,"fnv1a32(sample_id)%10: train<6,val<8,test"
MixedDoc,mixeddoc_00837,0302_01_2022_02_0073,train,"fnv1a32(sample_id)%10: train<6,val<8,test"
MixedDoc,mixeddoc_00838,0302_01_2022_02_0083,test,"fnv1a32(sample_id)%10: train<6,val<8,test"
MixedDoc,mixeddoc_00839,0302_01_2022_02_0093,val,"fnv1a32(sample_id)%10: train<6,val<8,test"
MixedDoc,mixeddoc_00840,0302_01_2022_03_0016,train,"fnv1a32(sample_id)%10: train<6,val<8,test"
MixedDoc,mixeddoc_00841,0302_01_2022_03_0017,train,"fnv1a32(sample_id)%10: train<6,val<8,test"
MixedDoc,mixeddoc_00842,0302_01_2022_03_0020,train,"fnv1a32(sample_id)%10: train<6,val<8,test"
MixedDoc,mixeddoc_00843,0302_01_2022_03_0023,val,"fnv1a32(sample_id)%10: train<6,val<8,test"
MixedDoc,mixeddoc_00844,0302_01_2022_03_0024,val,"fnv1a32(sample_id)%10: train<6,val<8,test"
MixedDoc,mixeddoc_00845,0302_01_2022_03_0026,test,"fnv1a32(sample_id)%10: train<6,val<8,test"
MixedDoc,mixeddoc_00846,0302_01_2022_03_0037,test,"fnv1a32(sample_id)%10: train<6,val<8,test"
MixedDoc,mixeddoc_00847,0302_01_2022_03_0038,train,"fnv1a32(sample_id)%10: train<6,val<8,test"
MixedDoc,mixeddoc_00848,0302_01_2022_03_0047,train,"fnv1a32(sample_id)%10: train<6,val<8,test"
MixedDoc,mixeddoc_00849,0302_01_2022_03_0049,train,"fnv1a32(sample_id)%10: train<6,val<8,test"
MixedDoc,mixeddoc_00850,0302_01_2022_03_0059,train,"fnv1a32(sample_id)%10: train<6,val<8,test"
MixedDoc,mixeddoc_00851,0302_01_2022_03_0064,train,"fnv1a32(sample_id)%10: train<6,val<8,test"
MixedDoc,mixeddoc_00852,0302_01_2022_03_0065,train,"fnv1a32(sample_id)%10: train<6,val<8,test"
MixedDoc,mixeddoc_00853,0302_01_2022_03_0066,train,"fnv1a32(sample_id)%10: train<6,val<8,test"
MixedDoc,mixeddoc_00854,0302_01_2022_03_0078,test,"fnv1a32(sample_id)%10: train<6,val<8,test"
MixedDoc,mixeddoc_00855,0302_01_2022_03_0082,val,"fnv1a32(sample_id)%10: train<6,val<8,test"
MixedDoc,mixeddoc_00856,0302_01_2022_03_0087,val,"fnv1a32(sample_id)%10: train<6,val<8,test"
MixedDoc,mixeddoc_00857,0302_01_2022_03_0089,train,"fnv1a32(sample_id)%10: train<6,val<8,test"
MixedDoc,mixeddoc_00858,0302_01_2022_03_0092,train,"fnv1a32(sample_id)%10: train<6,val<8,test"
MixedDoc,mixeddoc_00859,0302_01_2022_03_0093,train,"fnv1a32(sample_id)%10: train<6,val<8,test"
MixedDoc,mixeddoc_00860,0302_01_2022_04_0012,train,"fnv1a32(sample_id)%10: train<6,val<8,test"
MixedDoc,mixeddoc_00861,0302_01_2022_04_0013,val,"fnv1a32(sample_id)%10: train<6,val<8,test"
MixedDoc,mixeddoc_00862,0302_01_2022_04_0015,train,"fnv1a32(sample_id)%10: train<6,val<8,test"
MixedDoc,mixeddoc_00863,0302_01_2022_04_0017,train,"fnv1a32(sample_id)%10: train<6,val<8,test"
MixedDoc,mixeddoc_00864,0302_01_2022_04_0019,test,"fnv1a32(sample_id)%10: train<6,val<8,test"
MixedDoc,mixeddoc_00865,0302_01_2022_04_0023,train,"fnv1a32(sample_id)%10: train<6,val<8,test"
MixedDoc,mixeddoc_00866,0302_01_2022_04_0027,val,"fnv1a32(sample_id)%10: train<6,val<8,test"
MixedDoc,mixeddoc_00867,0302_01_2022_04_0028,test,"fnv1a32(sample_id)%10: train<6,val<8,test"
MixedDoc,mixeddoc_00868,0302_01_2022_04_0029,val,"fnv1a32(sample_id)%10: train<6,val<8,test"
MixedDoc,mixeddoc_00869,0302_01_2022_04_0043,test,"fnv1a32(sample_id)%10: train<6,val<8,test"
MixedDoc,mixeddoc_00870,0302_01_2022_04_0046,val,"fnv1a32(sample_id)%10: train<6,val<8,test"
MixedDoc,mixeddoc_00871,0302_01_2022_04_0051,train,"fnv1a32(sample_id)%10: train<6,val<8,test"
MixedDoc,mixeddoc_00872,0302_01_2022_04_0053,test,"fnv1a32(sample_id)%10: train<6,val<8,test"
MixedDoc,mixeddoc_00873,0302_01_2022_04_0068,val,"fnv1a32(sample_id)%10: train<6,val<8,test"
MixedDoc,mixeddoc_00874,0302_01_2022_04_0070,train,"fnv1a32(sample_id)%10: train<6,val<8,test"
MixedDoc,mixeddoc_00875,0302_01_2022_04_0071,train,"fnv1a32(sample_id)%10: train<6,val<8,test"
MixedDoc,mixeddoc_00876,0302_01_2022_04_0072,train,"fnv1a32(sample_id)%10: train<6,val<8,test"
MixedDoc,mixeddoc_00877,0302_01_2022_04_0079,train,"fnv1a32(sample_id)%10: train<6,val<8,test"
MixedDoc,mixeddoc_00878,0302_01_2022_04_0087,test,"fnv1a32(sample_id)%10: train<6,val<8,test"
MixedDoc,mixeddoc_00879,0302_02_2021_03_0011,val,"fnv1a32(sample_id)%10: train<6,val<8,test"
MixedDoc,mixeddoc_00880,0302_02_2021_03_0013,test,"fnv1a32(sample_id)%10: train<6,val<8,test"
MixedDoc,mixeddoc_00881,0302_02_2021_03_0029,train,"fnv1a32(sample_id)%10: train<6,val<8,test"
MixedDoc,mixeddoc_00882,0302_02_2021_03_0052,train,"fnv1a32(sample_id)%10: train<6,val<8,test"
MixedDoc,mixeddoc_00883,0302_02_2021_03_0056,train,"fnv1a32(sample_id)%10: train<6,val<8,test"
MixedDoc,mixeddoc_00884,0302_02_2021_03_0058,train,"fnv1a32(sample_id)%10: train<6,val<8,test"
MixedDoc,mixeddoc_00885,0302_02_2021_03_0059,val,"fnv1a32(sample_id)%10: train<6,val<8,test"
MixedDoc,mixeddoc_00886,0302_02_2021_03_0061,val,"fnv1a32(sample_id)%10: train<6,val<8,test"
MixedDoc,mixeddoc_00887,0302_02_2021_04_0009,test,"fnv1a32(sample_id)%10: train<6,val<8,test"
MixedDoc,mixeddoc_00888,0302_02_2021_04_0015,val,"fnv1a32(sample_id)%10: train<6,val<8,test"
MixedDoc,mixeddoc_00889,0302_02_2021_04_0020,test,"fnv1a32(sample_id)%10: train<6,val<8,test"
MixedDoc,mixeddoc_00890,0302_02_2021_04_0022,train,"fnv1a32(sample_id)%10: train<6,val<8,test"
MixedDoc,mixeddoc_00891,0302_02_2021_04_0033,train,"fnv1a32(sample_id)%10: train<6,val<8,test"
MixedDoc,mixeddoc_00892,0302_02_2021_04_0038,train,"fnv1a32(sample_id)%10: train<6,val<8,test"
MixedDoc,mixeddoc_00893,0302_02_2021_04_0058,train,"fnv1a32(sample_id)%10: train<6,val<8,test"
MixedDoc,mixeddoc_00894,0302_02_2021_04_0062,train,"fnv1a32(sample_id)%10: train<6,val<8,test"
MixedDoc,mixeddoc_00895,0302_02_2021_04_0075,test,"fnv1a32(sample_id)%10: train<6,val<8,test"
MixedDoc,mixeddoc_00896,0302_02_2021_05_0017,test,"fnv1a32(sample_id)%10: train<6,val<8,test"
MixedDoc,mixeddoc_00897,0302_02_2021_05_0019,val,"fnv1a32(sample_id)%10: train<6,val<8,test"
MixedDoc,mixeddoc_00898,0302_02_2021_05_0020,train,"fnv1a32(sample_id)%10: train<6,val<8,test"
MixedDoc,mixeddoc_00899,0302_02_2021_05_0022,train,"fnv1a32(sample_id)%10: train<6,val<8,test"
MixedDoc,mixeddoc_00900,0302_02_2021_05_0023,train,"fnv1a32(sample_id)%10: train<6,val<8,test"
MixedDoc,mixeddoc_00901,0302_02_2021_05_0026,test,"fnv1a32(sample_id)%10: train<6,val<8,test"
MixedDoc,mixeddoc_00902,0302_02_2021_05_0032,train,"fnv1a32(sample_id)%10: train<6,val<8,test"
MixedDoc,mixeddoc_00903,0302_02_2021_05_0035,train,"fnv1a32(sample_id)%10: train<6,val<8,test"
MixedDoc,mixeddoc_00904,0302_02_2021_05_0039,val,"fnv1a32(sample_id)%10: train<6,val<8,test"
MixedDoc,mixeddoc_00905,0302_02_2021_05_0040,train,"fnv1a32(sample_id)%10: train<6,val<8,test"
MixedDoc,mixeddoc_00906,0302_02_2021_05_0049,test,"fnv1a32(sample_id)%10: train<6,val<8,test"
MixedDoc,mixeddoc_00907,0302_02_2021_05_0059,val,"fnv1a32(sample_id)%10: train<6,val<8,test"
MixedDoc,mixeddoc_00908,0302_02_2021_06_0009,test,"fnv1a32(sample_id)%10: train<6,val<8,test"
MixedDoc,mixeddoc_00909,0302_02_2021_06_0011,val,"fnv1a32(sample_id)%10: train<6,val<8,test"
MixedDoc,mixeddoc_00910,0302_02_2021_06_0018,test,"fnv1a32(sample_id)%10: train<6,val<8,test"
MixedDoc,mixeddoc_00911,0302_02_2021_06_0019,train,"fnv1a32(sample_id)%10: train<6,val<8,test"
MixedDoc,mixeddoc_00912,0302_02_2021_06_0031,val,"fnv1a32(sample_id)%10: train<6,val<8,test"
MixedDoc,mixeddoc_00913,0302_02_2021_06_0033,test,"fnv1a32(sample_id)%10: train<6,val<8,test"
MixedDoc,mixeddoc_00914,0302_02_2021_06_0035,train,"fnv1a32(sample_id)%10: train<6,val<8,test"
MixedDoc,mixeddoc_00915,0302_02_2021_06_0038,train,"fnv1a32(sample_id)%10: train<6,val<8,test"
MixedDoc,mixeddoc_00916,0302_02_2021_06_0043,train,"fnv1a32(sample_id)%10: train<6,val<8,test"
MixedDoc,mixeddoc_00917,0302_02_2021_06_0051,train,"fnv1a32(sample_id)%10: train<6,val<8,test"
MixedDoc,mixeddoc_00918,0302_02_2021_06_0054,val,"fnv1a32(sample_id)%10: train<6,val<8,test"
MixedDoc,mixeddoc_00919,0302_02_2021_06_0055,test,"fnv1a32(sample_id)%10: train<6,val<8,test"
MixedDoc,mixeddoc_00920,0302_02_2021_06_0062,val,"fnv1a32(sample_id)%10: train<6,val<8,test"
MixedDoc,mixeddoc_00921,0302_02_2021_07_0009,train,"fnv1a32(sample_id)%10: train<6,val<8,test"
MixedDoc,mixeddoc_00922,0302_02_2021_07_0011,train,"fnv1a32(sample_id)%10: train<6,val<8,test"
MixedDoc,mixeddoc_00923,0302_02_2021_07_0017,train,"fnv1a32(sample_id)%10: train<6,val<8,test"
MixedDoc,mixeddoc_00924,0302_02_2021_07_0033,train,"fnv1a32(sample_id)%10: train<6,val<8,test"
MixedDoc,mixeddoc_00925,0302_02_2021_07_0038,test,"fnv1a32(sample_id)%10: train<6,val<8,test"
MixedDoc,mixeddoc_00926,0302_02_2021_07_0039,test,"fnv1a32(sample_id)%10: train<6,val<8,test"
MixedDoc,mixeddoc_00927,0302_02_2021_08_0002,val,"fnv1a32(sample_id)%10: train<6,val<8,test"
MixedDoc,mixeddoc_00928,0302_02_2021_08_0007,test,"fnv1a32(sample_id)%10: train<6,val<8,test"
MixedDoc,mixeddoc_00929,0302_02_2021_08_0009,val,"fnv1a32(sample_id)%10: train<6,val<8,test"
MixedDoc,mixeddoc_00930,0302_02_2021_08_0010,train,"fnv1a32(sample_id)%10: train<6,val<8,test"
MixedDoc,mixeddoc_00931,0302_02_2021_08_0025,val,"fnv1a32(sample_id)%10: train<6,val<8,test"
MixedDoc,mixeddoc_00932,0302_02_2021_08_0033,val,"fnv1a32(sample_id)%10: train<6,val<8,test"
MixedDoc,mixeddoc_00933,0302_03_2020_04_0024,test,"fnv1a32(sample_id)%10: train<6,val<8,test"
MixedDoc,mixeddoc_00934,0302_03_2020_04_0025,test,"fnv1a32(sample_id)%10: train<6,val<8,test"
MixedDoc,mixeddoc_00935,0302_03_2020_04_0027,train,"fnv1a32(sample_id)%10: train<6,val<8,test"
MixedDoc,mixeddoc_00936,0302_03_2020_04_0028,train,"fnv1a32(sample_id)%10: train<6,val<8,test"
MixedDoc,mixeddoc_00937,0302_03_2020_04_0042,train,"fnv1a32(sample_id)%10: train<6,val<8,test"
MixedDoc,mixeddoc_00938,0302_03_2020_04_0050,val,"fnv1a32(sample_id)%10: train<6,val<8,test"
MixedDoc,mixeddoc_00939,0302_03_2020_04_0057,test,"fnv1a32(sample_id)%10: train<6,val<8,test"
MixedDoc,mixeddoc_00940,0302_03_2020_05_0014,train,"fnv1a32(sample_id)%10: train<6,val<8,test"
MixedDoc,mixeddoc_00941,0302_03_2020_05_0015,train,"fnv1a32(sample_id)%10: train<6,val<8,test"
MixedDoc,mixeddoc_00942,0302_03_2020_05_0017,val,"fnv1a32(sample_id)%10: train<6,val<8,test"
MixedDoc,mixeddoc_00943,0302_03_2020_05_0020,train,"fnv1a32(sample_id)%10: train<6,val<8,test"
MixedDoc,mixeddoc_00944,0302_03_2020_05_0024,test,"fnv1a32(sample_id)%10: train<6,val<8,test"
MixedDoc,mixeddoc_00945,0302_03_2020_05_0031,val,"fnv1a32(sample_id)%10: train<6,val<8,test"
MixedDoc,mixeddoc_00946,0302_03_2020_05_0035,train,"fnv1a32(sample_id)%10: train<6,val<8,test"
MixedDoc,mixeddoc_00947,0302_03_2020_05_0036,test,"fnv1a32(sample_id)%10: train<6,val<8,test"
MixedDoc,mixeddoc_00948,0302_03_2020_05_0042,train,"fnv1a32(sample_id)%10: train<6,val<8,test"
MixedDoc,mixeddoc_00949,0302_03_2020_05_0043,train,"fnv1a32(sample_id)%10: train<6,val<8,test"
MixedDoc,mixeddoc_00950,0302_03_2020_05_0044,val,"fnv1a32(sample_id)%10: train<6,val<8,test"
MixedDoc,mixeddoc_00951,0302_03_2020_05_0046,test,"fnv1a32(sample_id)%10: train<6,val<8,test"
MixedDoc,mixeddoc_00952,0302_03_2020_05_0047,train,"fnv1a32(sample_id)%10: train<6,val<8,test"
MixedDoc,mixeddoc_00953,0302_03_2020_05_0051,val,"fnv1a32(sample_id)%10: train<6,val<8,test"
MixedDoc,mixeddoc_00954,0302_03_2020_05_0056,train,"fnv1a32(sample_id)%10: train<6,val<8,test"
MixedDoc,mixeddoc_00955,0302_03_2020_05_0057,train,"fnv1a32(sample_id)%10: train<6,val<8,test"
MixedDoc,mixeddoc_00956,0302_03_2020_05_0063,train,"fnv1a32(sample_id)%10: train<6,val<8,test"
MixedDoc,mixeddoc_00957,0302_03_2020_05_0065,train,"fnv1a32(sample_id)%10: train<6,val<8,test"
MixedDoc,mixeddoc_00958,0302_03_2020_06_0007,test,"fnv1a32(sample_id)%10: train<6,val<8,test"
MixedDoc,mixeddoc_00959,0302_03_2020_06_0013,train,"fnv1a32(sample_id)%10: train<6,val<8,test"
MixedDoc,mixeddoc_00960,0302_03_2020_06_0014,val,"fnv1a32(sample_id)%10: train<6,val<8,test"
MixedDoc,mixeddoc_00961,0302_03_2020_06_0029,train,"fnv1a32(sample_id)%10: train<6,val<8,test"
MixedDoc,mixeddoc_00962,0302_03_2020_06_0031,train,"fnv1a32(sample_id)%10: train<6,val<8,test"
MixedDoc,mixeddoc_00963,0302_03_2020_06_0047,train,"fnv1a32(sample_id)%10: train<6,val<8,test"
MixedDoc,mixeddoc_00964,0302_03_2020_06_0053,train,"fnv1a32(sample_id)%10: train<6,val<8,test"
MixedDoc,mixeddoc_00965,0302_03_2020_07_0022,train,"fnv1a32(sample_id)%10: train<6,val<8,test"
MixedDoc,mixeddoc_00966,0302_03_2020_07_0037,train,"fnv1a32(sample_id)%10: train<6,val<8,test"
MixedDoc,mixeddoc_00967,0302_03_2020_07_0043,test,"fnv1a32(sample_id)%10: train<6,val<8,test"
MixedDoc,mixeddoc_00968,0302_03_2020_07_0045,train,"fnv1a32(sample_id)%10: train<6,val<8,test"
MixedDoc,mixeddoc_00969,0302_03_2020_07_0057,train,"fnv1a32(sample_id)%10: train<6,val<8,test"
MixedDoc,mixeddoc_00970,0302_03_2020_08_0008,train,"fnv1a32(sample_id)%10: train<6,val<8,test"
MixedDoc,mixeddoc_00971,0302_03_2020_08_0014,val,"fnv1a32(sample_id)%10: train<6,val<8,test"
MixedDoc,mixeddoc_00972,0302_03_2020_08_0018,val,"fnv1a32(sample_id)%10: train<6,val<8,test"
MixedDoc,mixeddoc_00973,0302_03_2020_08_0021,test,"fnv1a32(sample_id)%10: train<6,val<8,test"
MixedDoc,mixeddoc_00974,0302_03_2020_08_0023,train,"fnv1a32(sample_id)%10: train<6,val<8,test"
MixedDoc,mixeddoc_00975,0302_03_2020_08_0027,train,"fnv1a32(sample_id)%10: train<6,val<8,test"
MixedDoc,mixeddoc_00976,0302_03_2020_08_0030,train,"fnv1a32(sample_id)%10: train<6,val<8,test"
MixedDoc,mixeddoc_00977,0302_03_2020_08_0035,train,"fnv1a32(sample_id)%10: train<6,val<8,test"
MixedDoc,mixeddoc_00978,0302_03_2020_08_0040,train,"fnv1a32(sample_id)%10: train<6,val<8,test"
MixedDoc,mixeddoc_00979,0302_03_2020_08_0055,train,"fnv1a32(sample_id)%10: train<6,val<8,test"
MixedDoc,mixeddoc_00980,0302_03_2020_09_0004,train,"fnv1a32(sample_id)%10: train<6,val<8,test"
MixedDoc,mixeddoc_00981,0302_03_2020_09_0022,train,"fnv1a32(sample_id)%10: train<6,val<8,test"
MixedDoc,mixeddoc_00982,0302_03_2020_09_0040,train,"fnv1a32(sample_id)%10: train<6,val<8,test"
MixedDoc,mixeddoc_00983,0302_03_2020_09_0042,train,"fnv1a32(sample_id)%10: train<6,val<8,test"
MixedDoc,mixeddoc_00984,0302_03_2020_09_0043,test,"fnv1a32(sample_id)%10: train<6,val<8,test"
MixedDoc,mixeddoc_00985,0302_03_2020_09_0044,val,"fnv1a32(sample_id)%10: train<6,val<8,test"
MixedDoc,mixeddoc_00986,0302_03_2020_09_0046,train,"fnv1a32(sample_id)%10: train<6,val<8,test"
MixedDoc,mixeddoc_00987,0302_03_2020_09_0047,test,"fnv1a32(sample_id)%10: train<6,val<8,test"
MixedDoc,mixeddoc_00988,0302_03_2020_09_0051,train,"fnv1a32(sample_id)%10: train<6,val<8,test"
MixedDoc,mixeddoc_00989,0401_00037,train,"fnv1a32(sample_id)%10: train<6,val<8,test"
MixedDoc,mixeddoc_00990,0401_00047,val,"fnv1a32(sample_id)%10: train<6,val<8,test"
MixedDoc,mixeddoc_00991,0401_00061,test,"fnv1a32(sample_id)%10: train<6,val<8,test"
MixedDoc,mixeddoc_00992,0401_00071,train,"fnv1a32(sample_id)%10: train<6,val<8,test"
MixedDoc,mixeddoc_00993,0401_00075,val,"fnv1a32(sample_id)%10: train<6,val<8,test"
MixedDoc,mixeddoc_00994,0401_00076,train,"fnv1a32(sample_id)%10: train<6,val<8,test"
MixedDoc,mixeddoc_00995,0401_00083,train,"fnv1a32(sample_id)%10: train<6,val<8,test"
MixedDoc,mixeddoc_00996,0401_00089,test,"fnv1a32(sample_id)%10: train<6,val<8,test"
MixedDoc,mixeddoc_00997,0401_00090,train,"fnv1a32(sample_id)%10: train<6,val<8,test"
MixedDoc,mixeddoc_00998,0401_00092,test,"fnv1a32(sample_id)%10: train<6,val<8,test"
MixedDoc,mixeddoc_00999,0401_00101,train,"fnv1a32(sample_id)%10: train<6,val<8,test"
MixedDoc,mixeddoc_01000,0401_00102,train,"fnv1a32(sample_id)%10: train<6,val<8,test"
MixedDoc,mixeddoc_01001,0401_00105,test,"fnv1a32(sample_id)%10: train<6,val<8,test"
MixedDoc,mixeddoc_01002,0401_00106,test,"fnv1a32(sample_id)%10: train<6,val<8,test"
MixedDoc,mixeddoc_01003,0401_00126,val,"fnv1a32(sample_id)%10: train<6,val<8,test"
MixedDoc,mixeddoc_01004,0401_00131,val,"fnv1a32(sample_id)%10: train<6,val<8,test"
MixedDoc,mixeddoc_01005,0401_00144,train,"fnv1a32(sample_id)%10: train<6,val<8,test"
MixedDoc,mixeddoc_01006,0401_00155,train,"fnv1a32(sample_id)%10: train<6,val<8,test"
MixedDoc,mixeddoc_01007,0401_00159,train,"fnv1a32(sample_id)%10: train<6,val<8,test"
MixedDoc,mixeddoc_01008,0401_00166,train,"fnv1a32(sample_id)%10: train<6,val<8,test"
MixedDoc,mixeddoc_01009,0401_00237,train,"fnv1a32(sample_id)%10: train<6,val<8,test"
MixedDoc,mixeddoc_01010,0401_00268,test,"fnv1a32(sample_id)%10: train<6,val<8,test"
MixedDoc,mixeddoc_01011,0401_00282,train,"fnv1a32(sample_id)%10: train<6,val<8,test"
MixedDoc,mixeddoc_01012,0401_00285,train,"fnv1a32(sample_id)%10: train<6,val<8,test"
MixedDoc,mixeddoc_01013,0401_00291,train,"fnv1a32(sample_id)%10: train<6,val<8,test"
MixedDoc,mixeddoc_01014,0401_00293,train,"fnv1a32(sample_id)%10: train<6,val<8,test"
MixedDoc,mixeddoc_01015,0401_00311,val,"fnv1a32(sample_id)%10: train<6,val<8,test"
MixedDoc,mixeddoc_01016,0401_00362,val,"fnv1a32(sample_id)%10: train<6,val<8,test"
MixedDoc,mixeddoc_01017,0401_00372,test,"fnv1a32(sample_id)%10: train<6,val<8,test"
MixedDoc,mixeddoc_01018,0401_00391,train,"fnv1a32(sample_id)%10: train<6,val<8,test"
MixedDoc,mixeddoc_01019,0401_00415,train,"fnv1a32(sample_id)%10: train<6,val<8,test"
MixedDoc,mixeddoc_01020,0401_00492,test,"fnv1a32(sample_id)%10: train<6,val<8,test"
MixedDoc,mixeddoc_01021,0401_00524,val,"fnv1a32(sample_id)%10: train<6,val<8,test"
MixedDoc,mixeddoc_01022,0401_00526,train,"fnv1a32(sample_id)%10: train<6,val<8,test"
MixedDoc,mixeddoc_01023,0401_00535,test,"fnv1a32(sample_id)%10: train<6,val<8,test"
MixedDoc,mixeddoc_01024,0401_00542,train,"fnv1a32(sample_id)%10: train<6,val<8,test"
MixedDoc,mixeddoc_01025,0401_00548,train,"fnv1a32(sample_id)%10: train<6,val<8,test"
MixedDoc,mixeddoc_01026,0401_00563,train,"fnv1a32(sample_id)%10: train<6,val<8,test"
MixedDoc,mixeddoc_01027,0401_00574,train,"fnv1a32(sample_id)%10: train<6,val<8,test"
MixedDoc,mixeddoc_01028,0401_00596,train,"fnv1a32(sample_id)%10: train<6,val<8,test"
MixedDoc,mixeddoc_01029,0401_00615,test,"fnv1a32(sample_id)%10: train<6,val<8,test"
MixedDoc,mixeddoc_01030,0401_00621,val,"fnv1a32(sample_id)%10: train<6,val<8,test"
MixedDoc,mixeddoc_01031,0401_00631,test,"fnv1a32(sample_id)%10: train<6,val<8,test"
MixedDoc,mixeddoc_01032,0401_00636,train,"fnv1a32(sample_id)%10: train<6,val<8,test"
MixedDoc,mixeddoc_01033,0401_00646,val,"fnv1a32(sample_id)%10: train<6,val<8,test"
MixedDoc,mixeddoc_01034,0401_00655,train,"fnv1a32(sample_id)%10: train<6,val<8,test"
MixedDoc,mixeddoc_01035,0401_00664,train,"fnv1a32(sample_id)%10: train<6,val<8,test"
MixedDoc,mixeddoc_01036,0401_00676,train,"fnv1a32(sample_id)%10: train<6,val<8,test"
MixedDoc,mixeddoc_01037,0401_00690,train,"fnv1a32(sample_id)%10: train<6,val<8,test"
MixedDoc,mixeddoc_01038,0401_00701,train,"fnv1a32(sample_id)%10: train<6,val<8,test"
MixedDoc,mixeddoc_01039,0401_00711,val,"fnv1a32(sample_id)%10: train<6,val<8,test"
MixedDoc,mixeddoc_01040,0401_00715,test,"fnv1a32(sample_id)%10: train<6,val<8,test"
MixedDoc,mixeddoc_01041,0401_00746,val,"fnv1a32(sample_id)%10: train<6,val<8,test"
MixedDoc,mixeddoc_01042,0401_00765,val,"fnv1a32(sample_id)%10: train<6,val<8,test"
MixedDoc,mixeddoc_01043,0401_00776,train,"fnv1a32(sample_id)%10: train<6,val<8,test"
MixedDoc,mixeddoc_01044,0401_00804,train,"fnv1a32(sample_id)%10: train<6,val<8,test"
MixedDoc,mixeddoc_01045,0401_00811,train,"fnv1a32(sample_id)%10: train<6,val<8,test"
MixedDoc,mixeddoc_01046,0401_00829,train,"fnv1a32(sample_id)%10: train<6,val<8,test"
MixedDoc,mixeddoc_01047,0401_01336,test,"fnv1a32(sample_id)%10: train<6,val<8,test"
MixedDoc,mixeddoc_01048,0401_01348,val,"fnv1a32(sample_id)%10: train<6,val<8,test"
MixedDoc,mixeddoc_01049,0401_01354,train,"fnv1a32(sample_id)%10: train<6,val<8,test"
MixedDoc,mixeddoc_01050,0401_01356,val,"fnv1a32(sample_id)%10: train<6,val<8,test"
MixedDoc,mixeddoc_01051,0401_01363,test,"fnv1a32(sample_id)%10: train<6,val<8,test"
MixedDoc,mixeddoc_01052,0401_01383,test,"fnv1a32(sample_id)%10: train<6,val<8,test"
MixedDoc,mixeddoc_01053,0401_01384,train,"fnv1a32(sample_id)%10: train<6,val<8,test"
MixedDoc,mixeddoc_01054,0401_01387,train,"fnv1a32(sample_id)%10: train<6,val<8,test"
MixedDoc,mixeddoc_01055,0401_01394,train,"fnv1a32(sample_id)%10: train<6,val<8,test"
MixedDoc,mixeddoc_01056,0401_01396,train,"fnv1a32(sample_id)%10: train<6,val<8,test"
MixedDoc,mixeddoc_01057,0401_01397,train,"fnv1a32(sample_id)%10: train<6,val<8,test"
MixedDoc,mixeddoc_01058,0401_01406,train,"fnv1a32(sample_id)%10: train<6,val<8,test"
MixedDoc,mixeddoc_01059,0401_01427,val,"fnv1a32(sample_id)%10: train<6,val<8,test"
MixedDoc,mixeddoc_01060,0401_01428,test,"fnv1a32(sample_id)%10: train<6,val<8,test"
MixedDoc,mixeddoc_01061,0401_01453,val,"fnv1a32(sample_id)%10: train<6,val<8,test"
MixedDoc,mixeddoc_01062,0401_01474,train,"fnv1a32(sample_id)%10: train<6,val<8,test"
MixedDoc,mixeddoc_01063,0401_01476,test,"fnv1a32(sample_id)%10: train<6,val<8,test"
MixedDoc,mixeddoc_01064,0401_01484,train,"fnv1a32(sample_id)%10: train<6,val<8,test"
MixedDoc,mixeddoc_01065,0401_01486,train,"fnv1a32(sample_id)%10: train<6,val<8,test"
MixedDoc,mixeddoc_01066,0401_01488,val,"fnv1a32(sample_id)%10: train<6,val<8,test"
MixedDoc,mixeddoc_01067,0401_01498,train,"fnv1a32(sample_id)%10: train<6,val<8,test"
MixedDoc,mixeddoc_01068,0401_01535,train,"fnv1a32(sample_id)%10: train<6,val<8,test"
MixedDoc,mixeddoc_01069,0401_01537,test,"fnv1a32(sample_id)%10: train<6,val<8,test"
MixedDoc,mixeddoc_01070,0401_01618,train,"fnv1a32(sample_id)%10: train<6,val<8,test"
MixedDoc,mixeddoc_01071,0401_01654,train,"fnv1a32(sample_id)%10: train<6,val<8,test"
MixedDoc,mixeddoc_01072,0401_01881,train,"fnv1a32(sample_id)%10: train<6,val<8,test"
MixedDoc,mixeddoc_01073,0401_01885,train,"fnv1a32(sample_id)%10: train<6,val<8,test"
MixedDoc,mixeddoc_01074,0401_01888,val,"fnv1a32(sample_id)%10: train<6,val<8,test"
MixedDoc,mixeddoc_01075,0401_01900,test,"fnv1a32(sample_id)%10: train<6,val<8,test"
MixedDoc,mixeddoc_01076,0401_01901,train,"fnv1a32(sample_id)%10: train<6,val<8,test"
MixedDoc,mixeddoc_01077,0401_01932,val,"fnv1a32(sample_id)%10: train<6,val<8,test"
MixedDoc,mixeddoc_01078,0401_01972,train,"fnv1a32(sample_id)%10: train<6,val<8,test"
MixedDoc,mixeddoc_01079,0401_02055,val,"fnv1a32(sample_id)%10: train<6,val<8,test"
MixedDoc,mixeddoc_01080,0401_02070,train,"fnv1a32(sample_id)%10: train<6,val<8,test"
MixedDoc,mixeddoc_01081,0401_02072,train,"fnv1a32(sample_id)%10: train<6,val<8,test"
MixedDoc,mixeddoc_01082,0401_02105,train,"fnv1a32(sample_id)%10: train<6,val<8,test"
MixedDoc,mixeddoc_01083,0401_02126,test,"fnv1a32(sample_id)%10: train<6,val<8,test"
MixedDoc,mixeddoc_01084,0401_02295,test,"fnv1a32(sample_id)%10: train<6,val<8,test"
MixedDoc,mixeddoc_01085,0401_02336,val,"fnv1a32(sample_id)%10: train<6,val<8,test"
MixedDoc,mixeddoc_01086,0401_02676,val,"fnv1a32(sample_id)%10: train<6,val<8,test"
MixedDoc,mixeddoc_01087,0401_02688,train,"fnv1a32(sample_id)%10: train<6,val<8,test"
MixedDoc,mixeddoc_01088,0401_02690,train,"fnv1a32(sample_id)%10: train<6,val<8,test"
MixedDoc,mixeddoc_01089,0401_02717,test,"fnv1a32(sample_id)%10: train<6,val<8,test"
MixedDoc,mixeddoc_01090,0401_02752,train,"fnv1a32(sample_id)%10: train<6,val<8,test"
MixedDoc,mixeddoc_01091,0401_03081,train,"fnv1a32(sample_id)%10: train<6,val<8,test"
MixedDoc,mixeddoc_01092,0401_03086,train,"fnv1a32(sample_id)%10: train<6,val<8,test"
MixedDoc,mixeddoc_01093,0401_03097,train,"fnv1a32(sample_id)%10: train<6,val<8,test"
MixedDoc,mixeddoc_01094,0401_03114,val,"fnv1a32(sample_id)%10: train<6,val<8,test"
MixedDoc,mixeddoc_01095,0401_03116,test,"fnv1a32(sample_id)%10: train<6,val<8,test"
MixedDoc,mixeddoc_01096,0401_03187,test,"fnv1a32(sample_id)%10: train<6,val<8,test"
MixedDoc,mixeddoc_01097,0401_03520,train,"fnv1a32(sample_id)%10: train<6,val<8,test"
MixedDoc,mixeddoc_01098,0401_03547,test,"fnv1a32(sample_id)%10: train<6,val<8,test"
MixedDoc,mixeddoc_01099,0401_03559,train,"fnv1a32(sample_id)%10: train<6,val<8,test"
MixedDoc,mixeddoc_01100,0401_03572,test,"fnv1a32(sample_id)%10: train<6,val<8,test"
MixedDoc,mixeddoc_01101,0401_03577,train,"fnv1a32(sample_id)%10: train<6,val<8,test"
MixedDoc,mixeddoc_01102,0401_03592,val,"fnv1a32(sample_id)%10: train<6,val<8,test"
MixedDoc,mixeddoc_01103,0401_03608,test,"fnv1a32(sample_id)%10: train<6,val<8,test"
MixedDoc,mixeddoc_01104,0401_03613,train,"fnv1a32(sample_id)%10: train<6,val<8,test"
MixedDoc,mixeddoc_01105,0401_03618,val,"fnv1a32(sample_id)%10: train<6,val<8,test"
MixedDoc,mixeddoc_01106,0401_03619,train,"fnv1a32(sample_id)%10: train<6,val<8,test"
MixedDoc,mixeddoc_01107,0401_03638,train,"fnv1a32(sample_id)%10: train<6,val<8,test"
MixedDoc,mixeddoc_01108,0401_03644,val,"fnv1a32(sample_id)%10: train<6,val<8,test"
MixedDoc,mixeddoc_01109,0401_03649,test,"fnv1a32(sample_id)%10: train<6,val<8,test"
MixedDoc,mixeddoc_01110,0401_03682,test,"fnv1a32(sample_id)%10: train<6,val<8,test"
MixedDoc,mixeddoc_01111,0401_03725,val,"fnv1a32(sample_id)%10: train<6,val<8,test"
MixedDoc,mixeddoc_01112,0401_03794,train,"fnv1a32(sample_id)%10: train<6,val<8,test"
MixedDoc,mixeddoc_01113,0401_03833,test,"fnv1a32(sample_id)%10: train<6,val<8,test"
MixedDoc,mixeddoc_01114,0401_03885,train,"fnv1a32(sample_id)%10: train<6,val<8,test"
MixedDoc,mixeddoc_01115,0401_03888,train,"fnv1a32(sample_id)%10: train<6,val<8,test"
MixedDoc,mixeddoc_01116,0401_03929,train,"fnv1a32(sample_id)%10: train<6,val<8,test"
MixedDoc,mixeddoc_01117,0401_03999,train,"fnv1a32(sample_id)%10: train<6,val<8,test"
MixedDoc,mixeddoc_01118,0401_04047,train,"fnv1a32(sample_id)%10: train<6,val<8,test"
MixedDoc,mixeddoc_01119,0401_04094,test,"fnv1a32(sample_id)%10: train<6,val<8,test"
MixedDoc,mixeddoc_01120,0401_04147,test,"fnv1a32(sample_id)%10: train<6,val<8,test"
MixedDoc,mixeddoc_01121,0401_04150,train,"fnv1a32(sample_id)%10: train<6,val<8,test"
MixedDoc,mixeddoc_01122,0401_04183,train,"fnv1a32(sample_id)%10: train<6,val<8,test"
MixedDoc,mixeddoc_01123,0401_04221,train,"fnv1a32(sample_id)%10: train<6,val<8,test"
MixedDoc,mixeddoc_01124,0401_04255,train,"fnv1a32(sample_id)%10: train<6,val<8,test"
MixedDoc,mixeddoc_01125,0401_04258,val,"fnv1a32(sample_id)%10: train<6,val<8,test"
MixedDoc,mixeddoc_01126,0401_04266,val,"fnv1a32(sample_id)%10: train<6,val<8,test"
MixedDoc,mixeddoc_01127,0401_04268,test,"fnv1a32(sample_id)%10: train<6,val<8,test"
MixedDoc,mixeddoc_01128,0401_04286,train,"fnv1a32(sample_id)%10: train<6,val<8,test"
MixedDoc,mixeddoc_01129,0401_04300,train,"fnv1a32(sample_id)%10: train<6,val<8,test"
MixedDoc,mixeddoc_01130,0401_04307,train,"fnv1a32(sample_id)%10: train<6,val<8,test"
MixedDoc,mixeddoc_01131,0401_04322,test,"fnv1a32(sample_id)%10: train<6,val<8,test"
MixedDoc,mixeddoc_01132,0401_04329,test,"fnv1a32(sample_id)%10: train<6,val<8,test"
MixedDoc,mixeddoc_01133,0401_04335,val,"fnv1a32(sample_id)%10: train<6,val<8,test"
MixedDoc,mixeddoc_01134,0401_04338,val,"fnv1a32(sample_id)%10: train<6,val<8,test"
MixedDoc,mixeddoc_01135,0401_04351,train,"fnv1a32(sample_id)%10: train<6,val<8,test"
MixedDoc,mixeddoc_01136,0401_04358,train,"fnv1a32(sample_id)%10: train<6,val<8,test"
MixedDoc,mixeddoc_01137,0401_04361,train,"fnv1a32(sample_id)%10: train<6,val<8,test"
MixedDoc,mixeddoc_01138,0401_04362,train,"fnv1a32(sample_id)%10: train<6,val<8,test"
MixedDoc,mixeddoc_01139,0401_04373,train,"fnv1a32(sample_id)%10: train<6,val<8,test"
MixedDoc,mixeddoc_01140,0401_04391,train,"fnv1a32(sample_id)%10: train<6,val<8,test"
MixedDoc,mixeddoc_01141,0401_04417,train,"fnv1a32(sample_id)%10: train<6,val<8,test"
MixedDoc,mixeddoc_01142,0401_04428,train,"fnv1a32(sample_id)%10: train<6,val<8,test"
MixedDoc,mixeddoc_01143,0401_04457,train,"fnv1a32(sample_id)%10: train<6,val<8,test"
MixedDoc,mixeddoc_01144,0401_04460,val,"fnv1a32(sample_id)%10: train<6,val<8,test"
MixedDoc,mixeddoc_01145,0401_04471,test,"fnv1a32(sample_id)%10: train<6,val<8,test"
MixedDoc,mixeddoc_01146,0401_04475,train,"fnv1a32(sample_id)%10: train<6,val<8,test"
MixedDoc,mixeddoc_01147,0401_05129,val,"fnv1a32(sample_id)%10: train<6,val<8,test"
MixedDoc,mixeddoc_01148,0401_05144,train,"fnv1a32(sample_id)%10: train<6,val<8,test"
MixedDoc,mixeddoc_01149,0401_05170,val,"fnv1a32(sample_id)%10: train<6,val<8,test"
MixedDoc,mixeddoc_01150,0401_05171,train,"fnv1a32(sample_id)%10: train<6,val<8,test"
MixedDoc,mixeddoc_01151,0401_05231,train,"fnv1a32(sample_id)%10: train<6,val<8,test"
MixedDoc,mixeddoc_01152,0401_05240,val,"fnv1a32(sample_id)%10: train<6,val<8,test"
MixedDoc,mixeddoc_01153,0401_05277,train,"fnv1a32(sample_id)%10: train<6,val<8,test"
MixedDoc,mixeddoc_01154,0401_05303,train,"fnv1a32(sample_id)%10: train<6,val<8,test"
MixedDoc,mixeddoc_01155,0401_05304,test,"fnv1a32(sample_id)%10: train<6,val<8,test"
MixedDoc,mixeddoc_01156,0401_05324,train,"fnv1a32(sample_id)%10: train<6,val<8,test"
MixedDoc,mixeddoc_01157,0401_05327,train,"fnv1a32(sample_id)%10: train<6,val<8,test"
MixedDoc,mixeddoc_01158,0401_05330,val,"fnv1a32(sample_id)%10: train<6,val<8,test"
MixedDoc,mixeddoc_01159,0401_05470,train,"fnv1a32(sample_id)%10: train<6,val<8,test"
MixedDoc,mixeddoc_01160,0401_05752,val,"fnv1a32(sample_id)%10: train<6,val<8,test"
MixedDoc,mixeddoc_01161,0401_05762,test,"fnv1a32(sample_id)%10: train<6,val<8,test"
MixedDoc,mixeddoc_01162,0401_05867,test,"fnv1a32(sample_id)%10: train<6,val<8,test"
MixedDoc,mixeddoc_01163,0401_05906,train,"fnv1a32(sample_id)%10: train<6,val<8,test"
MixedDoc,mixeddoc_01164,0401_05927,train,"fnv1a32(sample_id)%10: train<6,val<8,test"
MixedDoc,mixeddoc_01165,0401_05945,train,"fnv1a32(sample_id)%10: train<6,val<8,test"
MixedDoc,mixeddoc_01166,0401_05948,train,"fnv1a32(sample_id)%10: train<6,val<8,test"
MixedDoc,mixeddoc_01167,0401_05955,train,"fnv1a32(sample_id)%10: train<6,val<8,test"
MixedDoc,mixeddoc_01168,0401_06015,train,"fnv1a32(sample_id)%10: train<6,val<8,test"
MixedDoc,mixeddoc_01169,0401_06045,val,"fnv1a32(sample_id)%10: train<6,val<8,test"
MixedDoc,mixeddoc_01170,0401_06064,test,"fnv1a32(sample_id)%10: train<6,val<8,test"
MixedDoc,mixeddoc_01171,0401_06067,val,"fnv1a32(sample_id)%10: train<6,val<8,test"
MixedDoc,mixeddoc_01172,0401_06097,val,"fnv1a32(sample_id)%10: train<6,val<8,test"
MixedDoc,mixeddoc_01173,0401_06098,train,"fnv1a32(sample_id)%10: train<6,val<8,test"
MixedDoc,mixeddoc_01174,0401_06118,train,"fnv1a32(sample_id)%10: train<6,val<8,test"
MixedDoc,mixeddoc_01175,0401_06122,train,"fnv1a32(sample_id)%10: train<6,val<8,test"
MixedDoc,mixeddoc_01176,0401_06127,train,"fnv1a32(sample_id)%10: train<6,val<8,test"
MixedDoc,mixeddoc_01177,0401_06279,test,"fnv1a32(sample_id)%10: train<6,val<8,test"
MixedDoc,mixeddoc_01178,0401_06318,val,"fnv1a32(sample_id)%10: train<6,val<8,test"
MixedDoc,mixeddoc_01179,0401_06362,train,"fnv1a32(sample_id)%10: train<6,val<8,test"
MixedDoc,mixeddoc_01180,0401_06723,train,"fnv1a32(sample_id)%10: train<6,val<8,test"
MixedDoc,mixeddoc_01181,0401_06731,train,"fnv1a32(sample_id)%10: train<6,val<8,test"
MixedDoc,mixeddoc_01182,0401_06744,train,"fnv1a32(sample_id)%10: train<6,val<8,test"
MixedDoc,mixeddoc_01183,0401_06795,train,"fnv1a32(sample_id)%10: train<6,val<8,test"
MixedDoc,mixeddoc_01184,0401_06798,test,"fnv1a32(sample_id)%10: train<6,val<8,test"
MixedDoc,mixeddoc_01185,0401_06843,train,"fnv1a32(sample_id)%10: train<6,val<8,test"
MixedDoc,mixeddoc_01186,0401_06873,val,"fnv1a32(sample_id)%10: train<6,val<8,test"
MixedDoc,mixeddoc_01187,0401_06879,test,"fnv1a32(sample_id)%10: train<6,val<8,test"
MixedDoc,mixeddoc_01188,0401_06904,train,"fnv1a32(sample_id)%10: train<6,val<8,test"
MixedDoc,mixeddoc_01189,0401_07323,val,"fnv1a32(sample_id)%10: train<6,val<8,test"
MixedDoc,mixeddoc_01190,0401_07350,train,"fnv1a32(sample_id)%10: train<6,val<8,test"
MixedDoc,mixeddoc_01191,0401_07354,train,"fnv1a32(sample_id)%10: train<6,val<8,test"
MixedDoc,mixeddoc_01192,0401_07401,train,"fnv1a32(sample_id)%10: train<6,val<8,test"
MixedDoc,mixeddoc_01193,0401_07471,train,"fnv1a32(sample_id)%10: train<6,val<8,test"
MixedDoc,mixeddoc_01194,0401_07521,val,"fnv1a32(sample_id)%10: train<6,val<8,test"
MixedDoc,mixeddoc_01195,0401_07526,train,"fnv1a32(sample_id)%10: train<6,val<8,test"
MixedDoc,mixeddoc_01196,0401_07542,test,"fnv1a32(sample_id)%10: train<6,val<8,test"
MixedDoc,mixeddoc_01197,0401_07545,val,"fnv1a32(sample_id)%10: train<6,val<8,test"
MixedDoc,mixeddoc_01198,0401_07591,train,"fnv1a32(sample_id)%10: train<6,val<8,test"
MixedDoc,mixeddoc_01199,0401_07620,test,"fnv1a32(sample_id)%10: train<6,val<8,test"
MixedDoc,mixeddoc_01200,0401_07661,train,"fnv1a32(sample_id)%10: train<6,val<8,test"
MixedDoc,mixeddoc_01201,0401_07914,train,"fnv1a32(sample_id)%10: train<6,val<8,test"
MixedDoc,mixeddoc_01202,0401_07922,train,"fnv1a32(sample_id)%10: train<6,val<8,test"
MixedDoc,mixeddoc_01203,0401_07940,train,"fnv1a32(sample_id)%10: train<6,val<8,test"
MixedDoc,mixeddoc_01204,0401_07941,test,"fnv1a32(sample_id)%10: train<6,val<8,test"
MixedDoc,mixeddoc_01205,0401_07942,val,"fnv1a32(sample_id)%10: train<6,val<8,test"
MixedDoc,mixeddoc_01206,0401_07943,train,"fnv1a32(sample_id)%10: train<6,val<8,test"
MixedDoc,mixeddoc_01207,0401_07975,test,"fnv1a32(sample_id)%10: train<6,val<8,test"
MixedDoc,mixeddoc_01208,0401_07976,train,"fnv1a32(sample_id)%10: train<6,val<8,test"
MixedDoc,mixeddoc_01209,0401_07979,train,"fnv1a32(sample_id)%10: train<6,val<8,test"
MixedDoc,mixeddoc_01210,0401_07987,train,"fnv1a32(sample_id)%10: train<6,val<8,test"
MixedDoc,mixeddoc_01211,0401_07991,train,"fnv1a32(sample_id)%10: train<6,val<8,test"
MixedDoc,mixeddoc_01212,0401_07999,test,"fnv1a32(sample_id)%10: train<6,val<8,test"
MixedDoc,mixeddoc_01213,0401_08000,train,"fnv1a32(sample_id)%10: train<6,val<8,test"
MixedDoc,mixeddoc_01214,0401_08002,train,"fnv1a32(sample_id)%10: train<6,val<8,test"
MixedDoc,mixeddoc_01215,0401_08169,val,"fnv1a32(sample_id)%10: train<6,val<8,test"
MixedDoc,mixeddoc_01216,0401_08170,train,"fnv1a32(sample_id)%10: train<6,val<8,test"
MixedDoc,mixeddoc_01217,0401_08172,train,"fnv1a32(sample_id)%10: train<6,val<8,test"
MixedDoc,mixeddoc_01218,0401_08176,train,"fnv1a32(sample_id)%10: train<6,val<8,test"
MixedDoc,mixeddoc_01219,0401_08177,train,"fnv1a32(sample_id)%10: train<6,val<8,test"
MixedDoc,mixeddoc_01220,0401_08197,val,"fnv1a32(sample_id)%10: train<6,val<8,test"
MixedDoc,mixeddoc_01221,0401_08203,train,"fnv1a32(sample_id)%10: train<6,val<8,test"
MixedDoc,mixeddoc_01222,0401_08205,train,"fnv1a32(sample_id)%10: train<6,val<8,test"
MixedDoc,mixeddoc_01223,0401_08247,train,"fnv1a32(sample_id)%10: train<6,val<8,test"
MixedDoc,mixeddoc_01224,0401_08252,train,"fnv1a32(sample_id)%10: train<6,val<8,test"
MixedDoc,mixeddoc_01225,0401_08253,test,"fnv1a32(sample_id)%10: train<6,val<8,test"
MixedDoc,mixeddoc_01226,0401_08256,test,"fnv1a32(sample_id)%10: train<6,val<8,test"
MixedDoc,mixeddoc_01227,0401_08263,val,"fnv1a32(sample_id)%10: train<6,val<8,test"
MixedDoc,mixeddoc_01228,0401_08266,train,"fnv1a32(sample_id)%10: train<6,val<8,test"
MixedDoc,mixeddoc_01229,0401_08267,train,"fnv1a32(sample_id)%10: train<6,val<8,test"
MixedDoc,mixeddoc_01230,0401_08275,train,"fnv1a32(sample_id)%10: train<6,val<8,test"
MixedDoc,mixeddoc_01231,0401_08278,val,"fnv1a32(sample_id)%10: train<6,val<8,test"
MixedDoc,mixeddoc_01232,0401_08279,val,"fnv1a32(sample_id)%10: train<6,val<8,test"
MixedDoc,mixeddoc_01233,0401_08280,test,"fnv1a32(sample_id)%10: train<6,val<8,test"
MixedDoc,mixeddoc_01234,0401_08288,test,"fnv1a32(sample_id)%10: train<6,val<8,test"
MixedDoc,mixeddoc_01235,0401_08441,train,"fnv1a32(sample_id)%10: train<6,val<8,test"
MixedDoc,mixeddoc_01236,0401_08445,train,"fnv1a32(sample_id)%10: train<6,val<8,test"
MixedDoc,mixeddoc_01237,0401_08447,train,"fnv1a32(sample_id)%10: train<6,val<8,test"
MixedDoc,mixeddoc_01238,0401_08448,train,"fnv1a32(sample_id)%10: train<6,val<8,test"
MixedDoc,mixeddoc_01239,0401_08451,train,"fnv1a32(sample_id)%10: train<6,val<8,test"
MixedDoc,mixeddoc_01240,0401_08455,test,"fnv1a32(sample_id)%10: train<6,val<8,test"
MixedDoc,mixeddoc_01241,0401_08456,val,"fnv1a32(sample_id)%10: train<6,val<8,test"
MixedDoc,mixeddoc_01242,0401_08465,train,"fnv1a32(sample_id)%10: train<6,val<8,test"
MixedDoc,mixeddoc_01243,0401_08469,test,"fnv1a32(sample_id)%10: train<6,val<8,test"
MixedDoc,mixeddoc_01244,0401_08523,train,"fnv1a32(sample_id)%10: train<6,val<8,test"
MixedDoc,mixeddoc_01245,0401_08524,train,"fnv1a32(sample_id)%10: train<6,val<8,test"
MixedDoc,mixeddoc_01246,0401_08525,train,"fnv1a32(sample_id)%10: train<6,val<8,test"
MixedDoc,mixeddoc_01247,0401_08527,train,"fnv1a32(sample_id)%10: train<6,val<8,test"
MixedDoc,mixeddoc_01248,0401_08529,train,"fnv1a32(sample_id)%10: train<6,val<8,test"
MixedDoc,mixeddoc_01249,0401_08530,test,"fnv1a32(sample_id)%10: train<6,val<8,test"
MixedDoc,mixeddoc_01250,0401_08540,val,"fnv1a32(sample_id)%10: train<6,val<8,test"
MixedDoc,mixeddoc_01251,0401_08541,test,"fnv1a32(sample_id)%10: train<6,val<8,test"
MixedDoc,mixeddoc_01252,0401_08545,train,"fnv1a32(sample_id)%10: train<6,val<8,test"
MixedDoc,mixeddoc_01253,0401_08550,val,"fnv1a32(sample_id)%10: train<6,val<8,test"
MixedDoc,mixeddoc_01254,0401_08551,train,"fnv1a32(sample_id)%10: train<6,val<8,test"
MixedDoc,mixeddoc_01255,0401_08682,train,"fnv1a32(sample_id)%10: train<6,val<8,test"
MixedDoc,mixeddoc_01256,0401_08684,train,"fnv1a32(sample_id)%10: train<6,val<8,test"
MixedDoc,mixeddoc_01257,0401_08686,train,"fnv1a32(sample_id)%10: train<6,val<8,test"
MixedDoc,mixeddoc_01258,0401_08703,train,"fnv1a32(sample_id)%10: train<6,val<8,test"
MixedDoc,mixeddoc_01259,0401_08708,val,"fnv1a32(sample_id)%10: train<6,val<8,test"
MixedDoc,mixeddoc_01260,0401_08709,test,"fnv1a32(sample_id)%10: train<6,val<8,test"
MixedDoc,mixeddoc_01261,0401_08710,val,"fnv1a32(sample_id)%10: train<6,val<8,test"
MixedDoc,mixeddoc_01262,0401_08712,val,"fnv1a32(sample_id)%10: train<6,val<8,test"
MixedDoc,mixeddoc_01263,0401_08714,train,"fnv1a32(sample_id)%10: train<6,val<8,test"
MixedDoc,mixeddoc_01264,0401_08716,train,"fnv1a32(sample_id)%10: train<6,val<8,test"
MixedDoc,mixeddoc_01265,0401_08764,train,"fnv1a32(sample_id)%10: train<6,val<8,test"
MixedDoc,mixeddoc_01266,0401_08769,train,"fnv1a32(sample_id)%10: train<6,val<8,test"
MixedDoc,mixeddoc_01267,0401_08779,train,"fnv1a32(sample_id)%10: train<6,val<8,test"
MixedDoc,mixeddoc_01268,0401_08780,train,"fnv1a32(sample_id)%10: train<6,val<8,test"
MixedDoc,mixeddoc_01269,0401_08781,test,"fnv1a32(sample_id)%10: train<6,val<8,test"
MixedDoc,mixeddoc_01270,0401_08784,val,"fnv1a32(sample_id)%10: train<6,val<8,test"
MixedDoc,mixeddoc_01271,0401_08918,test,"fnv1a32(sample_id)%10: train<6,val<8,test"
MixedDoc,mixeddoc_01272,0401_08929,test,"fnv1a32(sample_id)%10: train<6,val<8,test"
MixedDoc,mixeddoc_01273,0401_08933,train,"fnv1a32(sample_id)%10: train<6,val<8,test"
MixedDoc,mixeddoc_01274,0401_08934,train,"fnv1a32(sample_id)%10: train<6,val<8,test"
MixedDoc,mixeddoc_01275,0401_08938,train,"fnv1a32(sample_id)%10: train<6,val<8,test"
MixedDoc,mixeddoc_01276,0401_08943,train,"fnv1a32(sample_id)%10: train<6,val<8,test"
MixedDoc,mixeddoc_01277,0401_08982,val,"fnv1a32(sample_id)%10: train<6,val<8,test"
MixedDoc,mixeddoc_01278,0401_08983,test,"fnv1a32(sample_id)%10: train<6,val<8,test"
MixedDoc,mixeddoc_01279,0401_08984,train,"fnv1a32(sample_id)%10: train<6,val<8,test"
MixedDoc,mixeddoc_01280,0401_08986,train,"fnv1a32(sample_id)%10: train<6,val<8,test"
MixedDoc,mixeddoc_01281,0401_08995,train,"fnv1a32(sample_id)%10: train<6,val<8,test"
MixedDoc,mixeddoc_01282,0401_09001,val,"fnv1a32(sample_id)%10: train<6,val<8,test"
MixedDoc,mixeddoc_01283,0401_09133,train,"fnv1a32(sample_id)%10: train<6,val<8,test"
MixedDoc,mixeddoc_01284,0401_09138,train,"fnv1a32(sample_id)%10: train<6,val<8,test"
MixedDoc,mixeddoc_01285,0401_09141,test,"fnv1a32(sample_id)%10: train<6,val<8,test"
MixedDoc,mixeddoc_01286,0401_09142,train,"fnv1a32(sample_id)%10: train<6,val<8,test"
MixedDoc,mixeddoc_01287,0401_09149,train,"fnv1a32(sample_id)%10: train<6,val<8,test"
MixedDoc,mixeddoc_01288,0401_09150,train,"fnv1a32(sample_id)%10: train<6,val<8,test"
MixedDoc,mixeddoc_01289,0401_09151,train,"fnv1a32(sample_id)%10: train<6,val<8,test"
MixedDoc,mixeddoc_01290,0401_09152,train,"fnv1a32(sample_id)%10: train<6,val<8,test"
MixedDoc,mixeddoc_01291,0401_09153,train,"fnv1a32(sample_id)%10: train<6,val<8,test"
MixedDoc,mixeddoc_01292,0401_09157,train,"fnv1a32(sample_id)%10: train<6,val<8,test"
MixedDoc,mixeddoc_01293,0401_09173,train,"fnv1a32(sample_id)%10: train<6,val<8,test"
MixedDoc,mixeddoc_01294,0401_09184,val,"fnv1a32(sample_id)%10: train<6,val<8,test"
MixedDoc,mixeddoc_01295,0401_09232,test,"fnv1a32(sample_id)%10: train<6,val<8,test"
MixedDoc,mixeddoc_01296,0401_09241,train,"fnv1a32(sample_id)%10: train<6,val<8,test"
MixedDoc,mixeddoc_01297,0401_09244,val,"fnv1a32(sample_id)%10: train<6,val<8,test"
MixedDoc,mixeddoc_01298,0401_09252,train,"fnv1a32(sample_id)%10: train<6,val<8,test"
MixedDoc,mixeddoc_01299,0401_09253,train,"fnv1a32(sample_id)%10: train<6,val<8,test"
MixedDoc,mixeddoc_01300,0401_09264,test,"fnv1a32(sample_id)%10: train<6,val<8,test"
MixedDoc,mixeddoc_01301,0401_09266,train,"fnv1a32(sample_id)%10: train<6,val<8,test"
MixedDoc,mixeddoc_01302,0401_09271,train,"fnv1a32(sample_id)%10: train<6,val<8,test"
MixedDoc,mixeddoc_01303,0501_0000_0007,train,"fnv1a32(sample_id)%10: train<6,val<8,test"
MixedDoc,mixeddoc_01304,0501_0001_0004,train,"fnv1a32(sample_id)%10: train<6,val<8,test"
MixedDoc,mixeddoc_01305,0501_0003_0008,val,"fnv1a32(sample_id)%10: train<6,val<8,test"
MixedDoc,mixeddoc_01306,0501_0005_0001,val,"fnv1a32(sample_id)%10: train<6,val<8,test"
MixedDoc,mixeddoc_01307,0501_0005_0008,test,"fnv1a32(sample_id)%10: train<6,val<8,test"
MixedDoc,mixeddoc_01308,0501_0005_0009,val,"fnv1a32(sample_id)%10: train<6,val<8,test"
MixedDoc,mixeddoc_01309,0501_0006_0010,test,"fnv1a32(sample_id)%10: train<6,val<8,test"
MixedDoc,mixeddoc_01310,0501_0006_0012,train,"fnv1a32(sample_id)%10: train<6,val<8,test"
MixedDoc,mixeddoc_01311,0501_0008_0004,test,"fnv1a32(sample_id)%10: train<6,val<8,test"
MixedDoc,mixeddoc_01312,0501_0009_0006,test,"fnv1a32(sample_id)%10: train<6,val<8,test"
MixedDoc,mixeddoc_01313,0501_0010_0000,val,"fnv1a32(sample_id)%10: train<6,val<8,test"
MixedDoc,mixeddoc_01314,0501_0011_0000,val,"fnv1a32(sample_id)%10: train<6,val<8,test"
MixedDoc,mixeddoc_01315,0501_0013_0006,train,"fnv1a32(sample_id)%10: train<6,val<8,test"
MixedDoc,mixeddoc_01316,0501_0013_0007,train,"fnv1a32(sample_id)%10: train<6,val<8,test"
MixedDoc,mixeddoc_01317,0501_0013_0015,train,"fnv1a32(sample_id)%10: train<6,val<8,test"
MixedDoc,mixeddoc_01318,0501_0015_0007,test,"fnv1a32(sample_id)%10: train<6,val<8,test"
MixedDoc,mixeddoc_01319,0501_0015_0012,val,"fnv1a32(sample_id)%10: train<6,val<8,test"
MixedDoc,mixeddoc_01320,0501_0016_0001,train,"fnv1a32(sample_id)%10: train<6,val<8,test"
MixedDoc,mixeddoc_01321,0501_0018_0007,val,"fnv1a32(sample_id)%10: train<6,val<8,test"
MixedDoc,mixeddoc_01322,0501_0019_0006,train,"fnv1a32(sample_id)%10: train<6,val<8,test"
MixedDoc,mixeddoc_01323,0501_0020_0003,train,"fnv1a32(sample_id)%10: train<6,val<8,test"
MixedDoc,mixeddoc_01324,0501_0021_0008,train,"fnv1a32(sample_id)%10: train<6,val<8,test"
MixedDoc,mixeddoc_01325,0501_0021_0010,train,"fnv1a32(sample_id)%10: train<6,val<8,test"
MixedDoc,mixeddoc_01326,0501_0023_0008,test,"fnv1a32(sample_id)%10: train<6,val<8,test"
MixedDoc,mixeddoc_01327,0501_0023_0010,train,"fnv1a32(sample_id)%10: train<6,val<8,test"
MixedDoc,mixeddoc_01328,0501_0023_0011,val,"fnv1a32(sample_id)%10: train<6,val<8,test"
MixedDoc,mixeddoc_01329,0501_0024_0008,test,"fnv1a32(sample_id)%10: train<6,val<8,test"
MixedDoc,mixeddoc_01330,0501_0024_0009,test,"fnv1a32(sample_id)%10: train<6,val<8,test"
MixedDoc,mixeddoc_01331,0501_0024_0019,val,"fnv1a32(sample_id)%10: train<6,val<8,test"
MixedDoc,mixeddoc_01332,0501_0025_0002,train,"fnv1a32(sample_id)%10: train<6,val<8,test"
MixedDoc,mixeddoc_01333,0501_0027_0004,test,"fnv1a32(sample_id)%10: train<6,val<8,test"
MixedDoc,mixeddoc_01334,0501_0029_0001,train,"fnv1a32(sample_id)%10: train<6,val<8,test"
MixedDoc,mixeddoc_01335,0501_0029_0011,train,"fnv1a32(sample_id)%10: train<6,val<8,test"
MixedDoc,mixeddoc_01336,0501_0030_0007,train,"fnv1a32(sample_id)%10: train<6,val<8,test"
MixedDoc,mixeddoc_01337,0501_0031_0000,train,"fnv1a32(sample_id)%10: train<6,val<8,test"
MixedDoc,mixeddoc_01338,0501_0032_0019,val,"fnv1a32(sample_id)%10: train<6,val<8,test"
MixedDoc,mixeddoc_01339,0501_0033_0000,train,"fnv1a32(sample_id)%10: train<6,val<8,test"
MixedDoc,mixeddoc_01340,0501_0033_0001,train,"fnv1a32(sample_id)%10: train<6,val<8,test"
MixedDoc,mixeddoc_01341,0501_0033_0003,train,"fnv1a32(sample_id)%10: train<6,val<8,test"
MixedDoc,mixeddoc_01342,0501_0034_0005,train,"fnv1a32(sample_id)%10: train<6,val<8,test"
MixedDoc,mixeddoc_01343,0501_0036_0005,val,"fnv1a32(sample_id)%10: train<6,val<8,test"
MixedDoc,mixeddoc_01344,0501_0037_0000,val,"fnv1a32(sample_id)%10: train<6,val<8,test"
MixedDoc,mixeddoc_01345,0501_0040_0002,test,"fnv1a32(sample_id)%10: train<6,val<8,test"
MixedDoc,mixeddoc_01346,0501_0042_0014,test,"fnv1a32(sample_id)%10: train<6,val<8,test"
MixedDoc,mixeddoc_01347,0501_0042_0019,train,"fnv1a32(sample_id)%10: train<6,val<8,test"
MixedDoc,mixeddoc_01348,0501_0042_0021,train,"fnv1a32(sample_id)%10: train<6,val<8,test"
MixedDoc,mixeddoc_01349,0501_0042_0029,val,"fnv1a32(sample_id)%10: train<6,val<8,test"
MixedDoc,mixeddoc_01350,0501_0042_0042,train,"fnv1a32(sample_id)%10: train<6,val<8,test"
MixedDoc,mixeddoc_01351,0501_0042_0066,train,"fnv1a32(sample_id)%10: train<6,val<8,test"
MixedDoc,mixeddoc_01352,0501_0042_0069,train,"fnv1a32(sample_id)%10: train<6,val<8,test"
MixedDoc,mixeddoc_01353,0501_0042_0105,train,"fnv1a32(sample_id)%10: train<6,val<8,test"
MixedDoc,mixeddoc_01354,0501_0042_0116,test,"fnv1a32(sample_id)%10: train<6,val<8,test"
MixedDoc,mixeddoc_01355,0501_0043_0007,val,"fnv1a32(sample_id)%10: train<6,val<8,test"
MixedDoc,mixeddoc_01356,0501_0043_0015,val,"fnv1a32(sample_id)%10: train<6,val<8,test"
MixedDoc,mixeddoc_01357,0501_0044_0006,train,"fnv1a32(sample_id)%10: train<6,val<8,test"
MixedDoc,mixeddoc_01358,0501_0044_0007,val,"fnv1a32(sample_id)%10: train<6,val<8,test"
MixedDoc,mixeddoc_01359,0501_0046_0007,train,"fnv1a32(sample_id)%10: train<6,val<8,test"
MixedDoc,mixeddoc_01360,0501_0046_0008,train,"fnv1a32(sample_id)%10: train<6,val<8,test"
MixedDoc,mixeddoc_01361,0501_0048_0016,train,"fnv1a32(sample_id)%10: train<6,val<8,test"
MixedDoc,mixeddoc_01362,0501_0052_0001,train,"fnv1a32(sample_id)%10: train<6,val<8,test"
MixedDoc,mixeddoc_01363,0501_0052_0006,train,"fnv1a32(sample_id)%10: train<6,val<8,test"
MixedDoc,mixeddoc_01364,0501_0054_0007,val,"fnv1a32(sample_id)%10: train<6,val<8,test"
MixedDoc,mixeddoc_01365,0501_0054_0010,test,"fnv1a32(sample_id)%10: train<6,val<8,test"
MixedDoc,mixeddoc_01366,0501_0055_0007,train,"fnv1a32(sample_id)%10: train<6,val<8,test"
MixedDoc,mixeddoc_01367,0501_0057_0005,val,"fnv1a32(sample_id)%10: train<6,val<8,test"
MixedDoc,mixeddoc_01368,0501_0058_0000,train,"fnv1a32(sample_id)%10: train<6,val<8,test"
MixedDoc,mixeddoc_01369,0501_0058_0005,train,"fnv1a32(sample_id)%10: train<6,val<8,test"
MixedDoc,mixeddoc_01370,0501_0059_0011,train,"fnv1a32(sample_id)%10: train<6,val<8,test"
MixedDoc,mixeddoc_01371,0501_0059_0026,train,"fnv1a32(sample_id)%10: train<6,val<8,test"
MixedDoc,mixeddoc_01372,0501_0059_0031,train,"fnv1a32(sample_id)%10: train<6,val<8,test"
MixedDoc,mixeddoc_01373,0501_0059_0043,train,"fnv1a32(sample_id)%10: train<6,val<8,test"
MixedDoc,mixeddoc_01374,0501_0059_0049,test,"fnv1a32(sample_id)%10: train<6,val<8,test"
MixedDoc,mixeddoc_01375,0501_0061_0010,val,"fnv1a32(sample_id)%10: train<6,val<8,test"
MixedDoc,mixeddoc_01376,0501_0061_0013,train,"fnv1a32(sample_id)%10: train<6,val<8,test"
MixedDoc,mixeddoc_01377,0501_0062_0000,test,"fnv1a32(sample_id)%10: train<6,val<8,test"
MixedDoc,mixeddoc_01378,0501_0062_0002,train,"fnv1a32(sample_id)%10: train<6,val<8,test"
MixedDoc,mixeddoc_01379,0501_0064_0000,test,"fnv1a32(sample_id)%10: train<6,val<8,test"
MixedDoc,mixeddoc_01380,0501_0064_0004,val,"fnv1a32(sample_id)%10: train<6,val<8,test"
MixedDoc,mixeddoc_01381,0501_0066_0000,test,"fnv1a32(sample_id)%10: train<6,val<8,test"
MixedDoc,mixeddoc_01382,0501_0066_0005,test,"fnv1a32(sample_id)%10: train<6,val<8,test"
MixedDoc,mixeddoc_01383,0501_0067_0004,train,"fnv1a32(sample_id)%10: train<6,val<8,test"
MixedDoc,mixeddoc_01384,0501_0068_0005,train,"fnv1a32(sample_id)%10: train<6,val<8,test"
MixedDoc,mixeddoc_01385,0501_0069_0002,train,"fnv1a32(sample_id)%10: train<6,val<8,test"
MixedDoc,mixeddoc_01386,0501_0071_0021,train,"fnv1a32(sample_id)%10: train<6,val<8,test"
MixedDoc,mixeddoc_01387,0501_0071_0035,val,"fnv1a32(sample_id)%10: train<6,val<8,test"
MixedDoc,mixeddoc_01388,0501_0071_0040,test,"fnv1a32(sample_id)%10: train<6,val<8,test"
MixedDoc,mixeddoc_01389,0501_0074_0006,train,"fnv1a32(sample_id)%10: train<6,val<8,test"
MixedDoc,mixeddoc_01390,0501_0074_0008,val,"fnv1a32(sample_id)%10: train<6,val<8,test"
MixedDoc,mixeddoc_01391,0501_0074_0009,train,"fnv1a32(sample_id)%10: train<6,val<8,test"
MixedDoc,mixeddoc_01392,0501_0074_0010,train,"fnv1a32(sample_id)%10: train<6,val<8,test"
MixedDoc,mixeddoc_01393,0501_0075_0003,train,"fnv1a32(sample_id)%10: train<6,val<8,test"
MixedDoc,mixeddoc_01394,0501_0075_0012,train,"fnv1a32(sample_id)%10: train<6,val<8,test"
MixedDoc,mixeddoc_01395,0501_0076_0013,train,"fnv1a32(sample_id)%10: train<6,val<8,test"
MixedDoc,mixeddoc_01396,0501_0078_0006,train,"fnv1a32(sample_id)%10: train<6,val<8,test"
MixedDoc,mixeddoc_01397,0501_0078_0008,test,"fnv1a32(sample_id)%10: train<6,val<8,test"
MixedDoc,mixeddoc_01398,0501_0079_0005,test,"fnv1a32(sample_id)%10: train<6,val<8,test"
MixedDoc,mixeddoc_01399,0501_0079_0008,val,"fnv1a32(sample_id)%10: train<6,val<8,test"
MixedDoc,mixeddoc_01400,0501_0082_0002,test,"fnv1a32(sample_id)%10: train<6,val<8,test"
MixedDoc,mixeddoc_01401,0501_0082_0004,val,"fnv1a32(sample_id)%10: train<6,val<8,test"
MixedDoc,mixeddoc_01402,0501_0082_0006,val,"fnv1a32(sample_id)%10: train<6,val<8,test"
MixedDoc,mixeddoc_01403,0501_0083_0003,train,"fnv1a32(sample_id)%10: train<6,val<8,test"
MixedDoc,mixeddoc_01404,0501_0083_0006,train,"fnv1a32(sample_id)%10: train<6,val<8,test"
MixedDoc,mixeddoc_01405,0501_0083_0008,train,"fnv1a32(sample_id)%10: train<6,val<8,test"
MixedDoc,mixeddoc_01406,0501_0084_0005,train,"fnv1a32(sample_id)%10: train<6,val<8,test"
MixedDoc,mixeddoc_01407,0501_0084_0010,test,"fnv1a32(sample_id)%10: train<6,val<8,test"
MixedDoc,mixeddoc_01408,0501_0086_0003,train,"fnv1a32(sample_id)%10: train<6,val<8,test"
MixedDoc,mixeddoc_01409,0501_0087_0006,train,"fnv1a32(sample_id)%10: train<6,val<8,test"
MixedDoc,mixeddoc_01410,0501_0089_0005,val,"fnv1a32(sample_id)%10: train<6,val<8,test"
MixedDoc,mixeddoc_01411,0501_0089_0013,test,"fnv1a32(sample_id)%10: train<6,val<8,test"
MixedDoc,mixeddoc_01412,0501_0090_0000,test,"fnv1a32(sample_id)%10: train<6,val<8,test"
MixedDoc,mixeddoc_01413,0501_0091_0002,train,"fnv1a32(sample_id)%10: train<6,val<8,test"
MixedDoc,mixeddoc_01414,0501_0095_0000,train,"fnv1a32(sample_id)%10: train<6,val<8,test"
MixedDoc,mixeddoc_01415,0501_0095_0006,train,"fnv1a32(sample_id)%10: train<6,val<8,test"
MixedDoc,mixeddoc_01416,0501_0096_0003,train,"fnv1a32(sample_id)%10: train<6,val<8,test"
MixedDoc,mixeddoc_01417,0501_0098_0001,train,"fnv1a32(sample_id)%10: train<6,val<8,test"
MixedDoc,mixeddoc_01418,0501_0099_0003,train,"fnv1a32(sample_id)%10: train<6,val<8,test"
MixedDoc,mixeddoc_01419,0501_0099_0011,train,"fnv1a32(sample_id)%10: train<6,val<8,test"
MixedDoc,mixeddoc_01420,0501_0103_0024,train,"fnv1a32(sample_id)%10: train<6,val<8,test"
MixedDoc,mixeddoc_01421,0501_0105_0008,train,"fnv1a32(sample_id)%10: train<6,val<8,test"
MixedDoc,mixeddoc_01422,0501_0107_0001,train,"fnv1a32(sample_id)%10: train<6,val<8,test"
MixedDoc,mixeddoc_01423,0501_0107_0003,train,"fnv1a32(sample_id)%10: train<6,val<8,test"
MixedDoc,mixeddoc_01424,0501_0108_0002,test,"fnv1a32(sample_id)%10: train<6,val<8,test"
MixedDoc,mixeddoc_01425,0501_0108_0003,val,"fnv1a32(sample_id)%10: train<6,val<8,test"
MixedDoc,mixeddoc_01426,0501_0109_0010,train,"fnv1a32(sample_id)%10: train<6,val<8,test"
MixedDoc,mixeddoc_01427,0501_0110_0001,test,"fnv1a32(sample_id)%10: train<6,val<8,test"
MixedDoc,mixeddoc_01428,0501_0111_0000,train,"fnv1a32(sample_id)%10: train<6,val<8,test"
MixedDoc,mixeddoc_01429,0501_0111_0007,test,"fnv1a32(sample_id)%10: train<6,val<8,test"
MixedDoc,mixeddoc_01430,0501_0112_0017,train,"fnv1a32(sample_id)%10: train<6,val<8,test"
MixedDoc,mixeddoc_01431,0501_0112_0021,train,"fnv1a32(sample_id)%10: train<6,val<8,test"
MixedDoc,mixeddoc_01432,0501_0112_0033,test,"fnv1a32(sample_id)%10: train<6,val<8,test"
MixedDoc,mixeddoc_01433,0501_0113_0004,train,"fnv1a32(sample_id)%10: train<6,val<8,test"
MixedDoc,mixeddoc_01434,0501_0113_0011,train,"fnv1a32(sample_id)%10: train<6,val<8,test"
MixedDoc,mixeddoc_01435,0501_0114_0001,val,"fnv1a32(sample_id)%10: train<6,val<8,test"
MixedDoc,mixeddoc_01436,0501_0114_0002,train,"fnv1a32(sample_id)%10: train<6,val<8,test"
MixedDoc,mixeddoc_01437,0501_0115_0005,train,"fnv1a32(sample_id)%10: train<6,val<8,test"
MixedDoc,mixeddoc_01438,0501_0116_0008,test,"fnv1a32(sample_id)%10: train<6,val<8,test"
MixedDoc,mixeddoc_01439,0501_0117_0000,train,"fnv1a32(sample_id)%10: train<6,val<8,test"
MixedDoc,mixeddoc_01440,0501_0117_0008,test,"fnv1a32(sample_id)%10: train<6,val<8,test"
MixedDoc,mixeddoc_01441,0501_0118_0000,val,"fnv1a32(sample_id)%10: train<6,val<8,test"
MixedDoc,mixeddoc_01442,0501_0119_0003,val,"fnv1a32(sample_id)%10: train<6,val<8,test"
MixedDoc,mixeddoc_01443,0501_0121_0000,train,"fnv1a32(sample_id)%10: train<6,val<8,test"
MixedDoc,mixeddoc_01444,0501_0124_0000,train,"fnv1a32(sample_id)%10: train<6,val<8,test"
MixedDoc,mixeddoc_01445,0501_0124_0007,train,"fnv1a32(sample_id)%10: train<6,val<8,test"
MixedDoc,mixeddoc_01446,0501_0124_0013,train,"fnv1a32(sample_id)%10: train<6,val<8,test"
MixedDoc,mixeddoc_01447,0501_0125_0004,train,"fnv1a32(sample_id)%10: train<6,val<8,test"
MixedDoc,mixeddoc_01448,0501_0126_0005,val,"fnv1a32(sample_id)%10: train<6,val<8,test"
MixedDoc,mixeddoc_01449,0501_0126_0010,train,"fnv1a32(sample_id)%10: train<6,val<8,test"
MixedDoc,mixeddoc_01450,0501_0127_0006,val,"fnv1a32(sample_id)%10: train<6,val<8,test"
MixedDoc,mixeddoc_01451,0501_0129_0037,test,"fnv1a32(sample_id)%10: train<6,val<8,test"
MixedDoc,mixeddoc_01452,0501_0129_0042,test,"fnv1a32(sample_id)%10: train<6,val<8,test"
MixedDoc,mixeddoc_01453,0501_0130_0007,train,"fnv1a32(sample_id)%10: train<6,val<8,test"
MixedDoc,mixeddoc_01454,0501_0132_0001,train,"fnv1a32(sample_id)%10: train<6,val<8,test"
MixedDoc,mixeddoc_01455,0501_0132_0009,train,"fnv1a32(sample_id)%10: train<6,val<8,test"
MixedDoc,mixeddoc_01456,0501_0132_0012,train,"fnv1a32(sample_id)%10: train<6,val<8,test"
MixedDoc,mixeddoc_01457,0501_0133_0006,val,"fnv1a32(sample_id)%10: train<6,val<8,test"
MixedDoc,mixeddoc_01458,0501_0134_0015,train,"fnv1a32(sample_id)%10: train<6,val<8,test"
MixedDoc,mixeddoc_01459,0501_0134_0033,val,"fnv1a32(sample_id)%10: train<6,val<8,test"
MixedDoc,mixeddoc_01460,0501_0135_0007,val,"fnv1a32(sample_id)%10: train<6,val<8,test"
MixedDoc,mixeddoc_01461,0501_0136_0000,train,"fnv1a32(sample_id)%10: train<6,val<8,test"
MixedDoc,mixeddoc_01462,0501_0136_0008,test,"fnv1a32(sample_id)%10: train<6,val<8,test"
MixedDoc,mixeddoc_01463,0501_0138_0005,val,"fnv1a32(sample_id)%10: train<6,val<8,test"
MixedDoc,mixeddoc_01464,0501_0138_0012,train,"fnv1a32(sample_id)%10: train<6,val<8,test"
MixedDoc,mixeddoc_01465,0501_0140_0000,test,"fnv1a32(sample_id)%10: train<6,val<8,test"
MixedDoc,mixeddoc_01466,0501_0140_0002,train,"fnv1a32(sample_id)%10: train<6,val<8,test"
MixedDoc,mixeddoc_01467,0501_0140_0007,train,"fnv1a32(sample_id)%10: train<6,val<8,test"
MixedDoc,mixeddoc_01468,0501_0141_0005,train,"fnv1a32(sample_id)%10: train<6,val<8,test"
MixedDoc,mixeddoc_01469,0501_0141_0007,train,"fnv1a32(sample_id)%10: train<6,val<8,test"
MixedDoc,mixeddoc_01470,0501_0141_0010,test,"fnv1a32(sample_id)%10: train<6,val<8,test"
MixedDoc,mixeddoc_01471,0501_0142_0002,train,"fnv1a32(sample_id)%10: train<6,val<8,test"
MixedDoc,mixeddoc_01472,0501_0142_0018,val,"fnv1a32(sample_id)%10: train<6,val<8,test"
MixedDoc,mixeddoc_01473,0501_0142_0022,test,"fnv1a32(sample_id)%10: train<6,val<8,test"
MixedDoc,mixeddoc_01474,0501_0146_0005,train,"fnv1a32(sample_id)%10: train<6,val<8,test"
MixedDoc,mixeddoc_01475,0501_0146_0011,val,"fnv1a32(sample_id)%10: train<6,val<8,test"
MixedDoc,mixeddoc_01476,0501_0148_0001,train,"fnv1a32(sample_id)%10: train<6,val<8,test"
MixedDoc,mixeddoc_01477,0501_0151_0004,train,"fnv1a32(sample_id)%10: train<6,val<8,test"
MixedDoc,mixeddoc_01478,0501_0152_0001,train,"fnv1a32(sample_id)%10: train<6,val<8,test"
MixedDoc,mixeddoc_01479,0501_0152_0002,train,"fnv1a32(sample_id)%10: train<6,val<8,test"
MixedDoc,mixeddoc_01480,0501_0152_0007,test,"fnv1a32(sample_id)%10: train<6,val<8,test"
MixedDoc,mixeddoc_01481,0501_0153_0005,val,"fnv1a32(sample_id)%10: train<6,val<8,test"
MixedDoc,mixeddoc_01482,0501_0153_0006,val,"fnv1a32(sample_id)%10: train<6,val<8,test"
MixedDoc,mixeddoc_01483,0501_0153_0007,train,"fnv1a32(sample_id)%10: train<6,val<8,test"
MixedDoc,mixeddoc_01484,0501_0153_0010,train,"fnv1a32(sample_id)%10: train<6,val<8,test"
MixedDoc,mixeddoc_01485,0501_0154_0005,train,"fnv1a32(sample_id)%10: train<6,val<8,test"
MixedDoc,mixeddoc_01486,0501_0156_0003,train,"fnv1a32(sample_id)%10: train<6,val<8,test"
MixedDoc,mixeddoc_01487,0501_0156_0006,test,"fnv1a32(sample_id)%10: train<6,val<8,test"
MixedDoc,mixeddoc_01488,0501_0156_0008,val,"fnv1a32(sample_id)%10: train<6,val<8,test"
MixedDoc,mixeddoc_01489,0501_0158_0003,train,"fnv1a32(sample_id)%10: train<6,val<8,test"
MixedDoc,mixeddoc_01490,0501_0159_0003,val,"fnv1a32(sample_id)%10: train<6,val<8,test"
MixedDoc,mixeddoc_01491,0501_0161_0000,test,"fnv1a32(sample_id)%10: train<6,val<8,test"
MixedDoc,mixeddoc_01492,0501_0161_0007,test,"fnv1a32(sample_id)%10: train<6,val<8,test"
MixedDoc,mixeddoc_01493,0501_0162_0004,train,"fnv1a32(sample_id)%10: train<6,val<8,test"
MixedDoc,mixeddoc_01494,0501_0163_0005,train,"fnv1a32(sample_id)%10: train<6,val<8,test"
MixedDoc,mixeddoc_01495,0501_0163_0009,train,"fnv1a32(sample_id)%10: train<6,val<8,test"
MixedDoc,mixeddoc_01496,0501_0163_0023,train,"fnv1a32(sample_id)%10: train<6,val<8,test"
MixedDoc,mixeddoc_01497,0501_0163_0025,train,"fnv1a32(sample_id)%10: train<6,val<8,test"
MixedDoc,mixeddoc_01498,0501_0163_0036,train,"fnv1a32(sample_id)%10: train<6,val<8,test"
MixedDoc,mixeddoc_01499,0501_0163_0045,val,"fnv1a32(sample_id)%10: train<6,val<8,test"
MixedDoc,mixeddoc_01500,0501_0163_0048,train,"fnv1a32(sample_id)%10: train<6,val<8,test"
MixedDoc,mixeddoc_01501,0501_0164_0003,train,"fnv1a32(sample_id)%10: train<6,val<8,test"
MixedDoc,mixeddoc_01502,0501_0166_0001,test,"fnv1a32(sample_id)%10: train<6,val<8,test"
MixedDoc,mixeddoc_01503,0501_0167_0002,train,"fnv1a32(sample_id)%10: train<6,val<8,test"
MixedDoc,mixeddoc_01504,0501_0167_0005,train,"fnv1a32(sample_id)%10: train<6,val<8,test"
MixedDoc,mixeddoc_01505,0501_0167_0010,val,"fnv1a32(sample_id)%10: train<6,val<8,test"
MixedDoc,mixeddoc_01506,0501_0168_0002,train,"fnv1a32(sample_id)%10: train<6,val<8,test"
MixedDoc,mixeddoc_01507,0501_0169_0000,train,"fnv1a32(sample_id)%10: train<6,val<8,test"
MixedDoc,mixeddoc_01508,0501_0170_0001,test,"fnv1a32(sample_id)%10: train<6,val<8,test"
MixedDoc,mixeddoc_01509,0501_0170_0009,train,"fnv1a32(sample_id)%10: train<6,val<8,test"
MixedDoc,mixeddoc_01510,0501_0173_0003,train,"fnv1a32(sample_id)%10: train<6,val<8,test"
MixedDoc,mixeddoc_01511,0501_0176_0003,train,"fnv1a32(sample_id)%10: train<6,val<8,test"
MixedDoc,mixeddoc_01512,0501_0177_0012,train,"fnv1a32(sample_id)%10: train<6,val<8,test"
MixedDoc,mixeddoc_01513,0501_0178_0008,train,"fnv1a32(sample_id)%10: train<6,val<8,test"
MixedDoc,mixeddoc_01514,0501_0178_0009,test,"fnv1a32(sample_id)%10: train<6,val<8,test"
MixedDoc,mixeddoc_01515,0501_0178_0013,val,"fnv1a32(sample_id)%10: train<6,val<8,test"
MixedDoc,mixeddoc_01516,0501_0179_0007,train,"fnv1a32(sample_id)%10: train<6,val<8,test"
MixedDoc,mixeddoc_01517,0501_0180_0001,test,"fnv1a32(sample_id)%10: train<6,val<8,test"
MixedDoc,mixeddoc_01518,0501_0180_0003,train,"fnv1a32(sample_id)%10: train<6,val<8,test"
MixedDoc,mixeddoc_01519,0501_0181_0004,test,"fnv1a32(sample_id)%10: train<6,val<8,test"
MixedDoc,mixeddoc_01520,0501_0183_0005,train,"fnv1a32(sample_id)%10: train<6,val<8,test"
MixedDoc,mixeddoc_01521,0501_0186_0019,train,"fnv1a32(sample_id)%10: train<6,val<8,test"
MixedDoc,mixeddoc_01522,0501_0191_0000,train,"fnv1a32(sample_id)%10: train<6,val<8,test"
MixedDoc,mixeddoc_01523,0501_0191_0002,val,"fnv1a32(sample_id)%10: train<6,val<8,test"
MixedDoc,mixeddoc_01524,0501_0192_0002,val,"fnv1a32(sample_id)%10: train<6,val<8,test"
MixedDoc,mixeddoc_01525,0501_0193_0008,test,"fnv1a32(sample_id)%10: train<6,val<8,test"
MixedDoc,mixeddoc_01526,0501_0193_0013,test,"fnv1a32(sample_id)%10: train<6,val<8,test"
MixedDoc,mixeddoc_01527,0501_0194_0008,train,"fnv1a32(sample_id)%10: train<6,val<8,test"
MixedDoc,mixeddoc_01528,0501_0195_0004,train,"fnv1a32(sample_id)%10: train<6,val<8,test"
MixedDoc,mixeddoc_01529,0501_0197_0001,val,"fnv1a32(sample_id)%10: train<6,val<8,test"
MixedDoc,mixeddoc_01530,0501_0197_0003,test,"fnv1a32(sample_id)%10: train<6,val<8,test"
MixedDoc,mixeddoc_01531,0501_0197_0004,val,"fnv1a32(sample_id)%10: train<6,val<8,test"
MixedDoc,mixeddoc_01532,0501_0200_0004,val,"fnv1a32(sample_id)%10: train<6,val<8,test"
MixedDoc,mixeddoc_01533,0501_0201_0003,train,"fnv1a32(sample_id)%10: train<6,val<8,test"
MixedDoc,mixeddoc_01534,0501_0202_0005,train,"fnv1a32(sample_id)%10: train<6,val<8,test"
MixedDoc,mixeddoc_01535,0501_0205_0008,train,"fnv1a32(sample_id)%10: train<6,val<8,test"
MixedDoc,mixeddoc_01536,0501_0206_0000,train,"fnv1a32(sample_id)%10: train<6,val<8,test"
MixedDoc,mixeddoc_01537,0501_0206_0006,test,"fnv1a32(sample_id)%10: train<6,val<8,test"
MixedDoc,mixeddoc_01538,0501_0207_0005,train,"fnv1a32(sample_id)%10: train<6,val<8,test"
MixedDoc,mixeddoc_01539,0501_0207_0007,test,"fnv1a32(sample_id)%10: train<6,val<8,test"
MixedDoc,mixeddoc_01540,0501_0207_0010,test,"fnv1a32(sample_id)%10: train<6,val<8,test"
MixedDoc,mixeddoc_01541,0501_0207_0014,train,"fnv1a32(sample_id)%10: train<6,val<8,test"
MixedDoc,mixeddoc_01542,0501_0208_0004,val,"fnv1a32(sample_id)%10: train<6,val<8,test"
MixedDoc,mixeddoc_01543,0501_0209_0003,test,"fnv1a32(sample_id)%10: train<6,val<8,test"
MixedDoc,mixeddoc_01544,0501_0213_0007,train,"fnv1a32(sample_id)%10: train<6,val<8,test"
MixedDoc,mixeddoc_01545,0501_0213_0009,val,"fnv1a32(sample_id)%10: train<6,val<8,test"
MixedDoc,mixeddoc_01546,0501_0215_0002,train,"fnv1a32(sample_id)%10: train<6,val<8,test"
MixedDoc,mixeddoc_01547,0501_0215_0003,train,"fnv1a32(sample_id)%10: train<6,val<8,test"
MixedDoc,mixeddoc_01548,0501_0219_0001,train,"fnv1a32(sample_id)%10: train<6,val<8,test"
MixedDoc,mixeddoc_01549,0501_0219_0003,train,"fnv1a32(sample_id)%10: train<6,val<8,test"
MixedDoc,mixeddoc_01550,0501_0222_0002,test,"fnv1a32(sample_id)%10: train<6,val<8,test"
MixedDoc,mixeddoc_01551,0501_0222_0006,val,"fnv1a32(sample_id)%10: train<6,val<8,test"
MixedDoc,mixeddoc_01552,0501_0222_0027,train,"fnv1a32(sample_id)%10: train<6,val<8,test"
MixedDoc,mixeddoc_01553,0501_0224_0008,test,"fnv1a32(sample_id)%10: train<6,val<8,test"
MixedDoc,mixeddoc_01554,0501_0225_0001,train,"fnv1a32(sample_id)%10: train<6,val<8,test"
MixedDoc,mixeddoc_01555,0501_0225_0003,train,"fnv1a32(sample_id)%10: train<6,val<8,test"
MixedDoc,mixeddoc_01556,0501_0226_0011,train,"fnv1a32(sample_id)%10: train<6,val<8,test"
MixedDoc,mixeddoc_01557,0501_0227_0002,train,"fnv1a32(sample_id)%10: train<6,val<8,test"
MixedDoc,mixeddoc_01558,0501_0227_0005,val,"fnv1a32(sample_id)%10: train<6,val<8,test"
MixedDoc,mixeddoc_01559,0501_0229_0001,train,"fnv1a32(sample_id)%10: train<6,val<8,test"
MixedDoc,mixeddoc_01560,0501_0231_0010,val,"fnv1a32(sample_id)%10: train<6,val<8,test"
MixedDoc,mixeddoc_01561,0501_0231_0026,test,"fnv1a32(sample_id)%10: train<6,val<8,test"
MixedDoc,mixeddoc_01562,0501_0231_0029,test,"fnv1a32(sample_id)%10: train<6,val<8,test"
MixedDoc,mixeddoc_01563,0501_0232_0018,train,"fnv1a32(sample_id)%10: train<6,val<8,test"
MixedDoc,mixeddoc_01564,0501_0232_0023,train,"fnv1a32(sample_id)%10: train<6,val<8,test"
MixedDoc,mixeddoc_01565,0501_0232_0024,train,"fnv1a32(sample_id)%10: train<6,val<8,test"
MixedDoc,mixeddoc_01566,0501_0232_0029,train,"fnv1a32(sample_id)%10: train<6,val<8,test"
MixedDoc,mixeddoc_01567,0501_0232_0031,val,"fnv1a32(sample_id)%10: train<6,val<8,test"
MixedDoc,mixeddoc_01568,0501_0233_0004,train,"fnv1a32(sample_id)%10: train<6,val<8,test"
MixedDoc,mixeddoc_01569,0501_0234_0000,val,"fnv1a32(sample_id)%10: train<6,val<8,test"
MixedDoc,mixeddoc_01570,0501_0235_0000,test,"fnv1a32(sample_id)%10: train<6,val<8,test"
MixedDoc,mixeddoc_01571,0501_0237_0022,val,"fnv1a32(sample_id)%10: train<6,val<8,test"
MixedDoc,mixeddoc_01572,0501_0237_0028,val,"fnv1a32(sample_id)%10: train<6,val<8,test"
MixedDoc,mixeddoc_01573,0501_0237_0042,train,"fnv1a32(sample_id)%10: train<6,val<8,test"
MixedDoc,mixeddoc_01574,0501_0237_0056,train,"fnv1a32(sample_id)%10: train<6,val<8,test"
MixedDoc,mixeddoc_01575,0501_0238_0006,train,"fnv1a32(sample_id)%10: train<6,val<8,test"
MixedDoc,mixeddoc_01576,0501_0239_0004,train,"fnv1a32(sample_id)%10: train<6,val<8,test"
MixedDoc,mixeddoc_01577,0501_0239_0006,train,"fnv1a32(sample_id)%10: train<6,val<8,test"
MixedDoc,mixeddoc_01578,0501_0239_0010,val,"fnv1a32(sample_id)%10: train<6,val<8,test"
MixedDoc,mixeddoc_01579,0501_0239_0025,train,"fnv1a32(sample_id)%10: train<6,val<8,test"
MixedDoc,mixeddoc_01580,0501_0239_0028,test,"fnv1a32(sample_id)%10: train<6,val<8,test"
MixedDoc,mixeddoc_01581,0501_0243_0000,train,"fnv1a32(sample_id)%10: train<6,val<8,test"
MixedDoc,mixeddoc_01582,0601_0000_0029,val,"fnv1a32(sample_id)%10: train<6,val<8,test"
MixedDoc,mixeddoc_01583,0601_0000_0030,test,"fnv1a32(sample_id)%10: train<6,val<8,test"
MixedDoc,mixeddoc_01584,0601_0000_0044,train,"fnv1a32(sample_id)%10: train<6,val<8,test"
MixedDoc,mixeddoc_01585,0601_0000_0045,train,"fnv1a32(sample_id)%10: train<6,val<8,test"
MixedDoc,mixeddoc_01586,0601_0000_0051,train,"fnv1a32(sample_id)%10: train<6,val<8,test"
MixedDoc,mixeddoc_01587,0601_0000_0052,train,"fnv1a32(sample_id)%10: train<6,val<8,test"
MixedDoc,mixeddoc_01588,0601_0000_0055,train,"fnv1a32(sample_id)%10: train<6,val<8,test"
MixedDoc,mixeddoc_01589,0601_0000_0056,train,"fnv1a32(sample_id)%10: train<6,val<8,test"
MixedDoc,mixeddoc_01590,0601_0000_0057,train,"fnv1a32(sample_id)%10: train<6,val<8,test"
MixedDoc,mixeddoc_01591,0601_0000_0058,test,"fnv1a32(sample_id)%10: train<6,val<8,test"
MixedDoc,mixeddoc_01592,0601_0000_0059,train,"fnv1a32(sample_id)%10: train<6,val<8,test"
MixedDoc,mixeddoc_01593,0601_0000_0062,train,"fnv1a32(sample_id)%10: train<6,val<8,test"
MixedDoc,mixeddoc_01594,0601_0000_0063,val,"fnv1a32(sample_id)%10: train<6,val<8,test"
MixedDoc,mixeddoc_01595,0601_0000_0064,train,"fnv1a32(sample_id)%10: train<6,val<8,test"
MixedDoc,mixeddoc_01596,0601_0001_0011,test,"fnv1a32(sample_id)%10: train<6,val<8,test"
MixedDoc,mixeddoc_01597,0601_0001_0015,val,"fnv1a32(sample_id)%10: train<6,val<8,test"
MixedDoc,mixeddoc_01598,0601_0001_0019,train,"fnv1a32(sample_id)%10: train<6,val<8,test"
MixedDoc,mixeddoc_01599,0601_0001_0029,train,"fnv1a32(sample_id)%10: train<6,val<8,test"
MixedDoc,mixeddoc_01600,0601_0001_0049,val,"fnv1a32(sample_id)%10: train<6,val<8,test"
MixedDoc,mixeddoc_01601,0601_0001_0053,train,"fnv1a32(sample_id)%10: train<6,val<8,test"
MixedDoc,mixeddoc_01602,0601_0001_0057,test,"fnv1a32(sample_id)%10: train<6,val<8,test"
MixedDoc,mixeddoc_01603,0601_0001_0059,val,"fnv1a32(sample_id)%10: train<6,val<8,test"
MixedDoc,mixeddoc_01604,0601_0002_0008,train,"fnv1a32(sample_id)%10: train<6,val<8,test"
MixedDoc,mixeddoc_01605,0601_0002_0014,test,"fnv1a32(sample_id)%10: train<6,val<8,test"
MixedDoc,mixeddoc_01606,0601_0002_0018,train,"fnv1a32(sample_id)%10: train<6,val<8,test"
MixedDoc,mixeddoc_01607,0601_0002_0025,train,"fnv1a32(sample_id)%10: train<6,val<8,test"
MixedDoc,mixeddoc_01608,0601_0002_0026,test,"fnv1a32(sample_id)%10: train<6,val<8,test"
MixedDoc,mixeddoc_01609,0601_0002_0033,val,"fnv1a32(sample_id)%10: train<6,val<8,test"
MixedDoc,mixeddoc_01610,0601_0002_0038,train,"fnv1a32(sample_id)%10: train<6,val<8,test"
MixedDoc,mixeddoc_01611,0601_0002_0040,val,"fnv1a32(sample_id)%10: train<6,val<8,test"
MixedDoc,mixeddoc_01612,0601_0002_0041,train,"fnv1a32(sample_id)%10: train<6,val<8,test"
MixedDoc,mixeddoc_01613,0601_0002_0042,train,"fnv1a32(sample_id)%10: train<6,val<8,test"
MixedDoc,mixeddoc_01614,0601_0002_0051,train,"fnv1a32(sample_id)%10: train<6,val<8,test"
MixedDoc,mixeddoc_01615,0601_0002_0055,train,"fnv1a32(sample_id)%10: train<6,val<8,test"
MixedDoc,mixeddoc_01616,0601_0002_0056,test,"fnv1a32(sample_id)%10: train<6,val<8,test"
MixedDoc,mixeddoc_01617,0601_0002_0058,train,"fnv1a32(sample_id)%10: train<6,val<8,test"
MixedDoc,mixeddoc_01618,0601_0003_0011,train,"fnv1a32(sample_id)%10: train<6,val<8,test"
MixedDoc,mixeddoc_01619,0601_0003_0012,train,"fnv1a32(sample_id)%10: train<6,val<8,test"
MixedDoc,mixeddoc_01620,0601_0003_0021,train,"fnv1a32(sample_id)%10: train<6,val<8,test"
MixedDoc,mixeddoc_01621,0601_0003_0022,train,"fnv1a32(sample_id)%10: train<6,val<8,test"
MixedDoc,mixeddoc_01622,0601_0003_0027,train,"fnv1a32(sample_id)%10: train<6,val<8,test"
MixedDoc,mixeddoc_01623,0601_0003_0029,test,"fnv1a32(sample_id)%10: train<6,val<8,test"
MixedDoc,mixeddoc_01624,0601_0003_0031,test,"fnv1a32(sample_id)%10: train<6,val<8,test"
MixedDoc,mixeddoc_01625,0601_0003_0033,val,"fnv1a32(sample_id)%10: train<6,val<8,test"
MixedDoc,mixeddoc_01626,0601_0003_0037,val,"fnv1a32(sample_id)%10: train<6,val<8,test"
MixedDoc,mixeddoc_01627,0601_0003_0041,train,"fnv1a32(sample_id)%10: train<6,val<8,test"
MixedDoc,mixeddoc_01628,0601_0003_0042,train,"fnv1a32(sample_id)%10: train<6,val<8,test"
MixedDoc,mixeddoc_01629,0601_0003_0045,train,"fnv1a32(sample_id)%10: train<6,val<8,test"
MixedDoc,mixeddoc_01630,0601_0003_0046,val,"fnv1a32(sample_id)%10: train<6,val<8,test"
MixedDoc,mixeddoc_01631,0601_0003_0048,test,"fnv1a32(sample_id)%10: train<6,val<8,test"
MixedDoc,mixeddoc_01632,0601_0003_0059,test,"fnv1a32(sample_id)%10: train<6,val<8,test"
MixedDoc,mixeddoc_01633,0601_0003_0061,train,"fnv1a32(sample_id)%10: train<6,val<8,test"
MixedDoc,mixeddoc_01634,0601_0003_0065,train,"fnv1a32(sample_id)%10: train<6,val<8,test"
MixedDoc,mixeddoc_01635,0601_0004_0008,train,"fnv1a32(sample_id)%10: train<6,val<8,test"
MixedDoc,mixeddoc_01636,0601_0004_0010,train,"fnv1a32(sample_id)%10: train<6,val<8,test"
MixedDoc,mixeddoc_01637,0601_0004_0012,val,"fnv1a32(sample_id)%10: train<6,val<8,test"
MixedDoc,mixeddoc_01638,0601_0004_0013,test,"fnv1a32(sample_id)%10: train<6,val<8,test"
MixedDoc,mixeddoc_01639,0601_0004_0017,train,"fnv1a32(sample_id)%10: train<6,val<8,test"
MixedDoc,mixeddoc_01640,0601_0005_0007,val,"fnv1a32(sample_id)%10: train<6,val<8,test"
MixedDoc,mixeddoc_01641,0601_0005_0019,train,"fnv1a32(sample_id)%10: train<6,val<8,test"
MixedDoc,mixeddoc_01642,0601_0005_0023,test,"fnv1a32(sample_id)%10: train<6,val<8,test"
MixedDoc,mixeddoc_01643,0601_0005_0059,val,"fnv1a32(sample_id)%10: train<6,val<8,test"
MixedDoc,mixeddoc_01644,0601_0006_0006,train,"fnv1a32(sample_id)%10: train<6,val<8,test"
MixedDoc,mixeddoc_01645,0601_0006_0007,train,"fnv1a32(sample_id)%10: train<6,val<8,test"
MixedDoc,mixeddoc_01646,0601_0006_0008,train,"fnv1a32(sample_id)%10: train<6,val<8,test"
MixedDoc,mixeddoc_01647,0601_0006_0009,train,"fnv1a32(sample_id)%10: train<6,val<8,test"
MixedDoc,mixeddoc_01648,0601_0006_0011,test,"fnv1a32(sample_id)%10: train<6,val<8,test"
MixedDoc,mixeddoc_01649,0601_0006_0021,val,"fnv1a32(sample_id)%10: train<6,val<8,test"
MixedDoc,mixeddoc_01650,0601_0006_0022,train,"fnv1a32(sample_id)%10: train<6,val<8,test"
MixedDoc,mixeddoc_01651,0601_0006_0029,val,"fnv1a32(sample_id)%10: train<6,val<8,test"
MixedDoc,mixeddoc_01652,0601_0006_0032,train,"fnv1a32(sample_id)%10: train<6,val<8,test"
MixedDoc,mixeddoc_01653,0601_0006_0036,train,"fnv1a32(sample_id)%10: train<6,val<8,test"
MixedDoc,mixeddoc_01654,0601_0006_0038,test,"fnv1a32(sample_id)%10: train<6,val<8,test"
MixedDoc,mixeddoc_01655,0601_0006_0047,train,"fnv1a32(sample_id)%10: train<6,val<8,test"
MixedDoc,mixeddoc_01656,0601_0006_0049,val,"fnv1a32(sample_id)%10: train<6,val<8,test"
MixedDoc,mixeddoc_01657,0601_0006_0052,test,"fnv1a32(sample_id)%10: train<6,val<8,test"
MixedDoc,mixeddoc_01658,0601_0006_0053,val,"fnv1a32(sample_id)%10: train<6,val<8,test"
MixedDoc,mixeddoc_01659,0601_0006_0058,test,"fnv1a32(sample_id)%10: train<6,val<8,test"
MixedDoc,mixeddoc_01660,0601_0006_0063,train,"fnv1a32(sample_id)%10: train<6,val<8,test"
MixedDoc,mixeddoc_01661,0601_0007_0012,train,"fnv1a32(sample_id)%10: train<6,val<8,test"
MixedDoc,mixeddoc_01662,0601_0007_0020,train,"fnv1a32(sample_id)%10: train<6,val<8,test"
MixedDoc,mixeddoc_01663,0601_0007_0022,train,"fnv1a32(sample_id)%10: train<6,val<8,test"
MixedDoc,mixeddoc_01664,0601_0007_0028,test,"fnv1a32(sample_id)%10: train<6,val<8,test"
MixedDoc,mixeddoc_01665,0601_0007_0030,val,"fnv1a32(sample_id)%10: train<6,val<8,test"
MixedDoc,mixeddoc_01666,0601_0007_0035,val,"fnv1a32(sample_id)%10: train<6,val<8,test"
MixedDoc,mixeddoc_01667,0601_0007_0037,train,"fnv1a32(sample_id)%10: train<6,val<8,test"
MixedDoc,mixeddoc_01668,0601_0007_0039,train,"fnv1a32(sample_id)%10: train<6,val<8,test"
MixedDoc,mixeddoc_01669,0601_0007_0041,train,"fnv1a32(sample_id)%10: train<6,val<8,test"
MixedDoc,mixeddoc_01670,0601_0007_0043,train,"fnv1a32(sample_id)%10: train<6,val<8,test"
MixedDoc,mixeddoc_01671,0601_0007_0045,val,"fnv1a32(sample_id)%10: train<6,val<8,test"
MixedDoc,mixeddoc_01672,0601_0007_0047,val,"fnv1a32(sample_id)%10: train<6,val<8,test"
MixedDoc,mixeddoc_01673,0601_0007_0050,test,"fnv1a32(sample_id)%10: train<6,val<8,test"
MixedDoc,mixeddoc_01674,0601_0007_0052,test,"fnv1a32(sample_id)%10: train<6,val<8,test"
MixedDoc,mixeddoc_01675,0601_0007_0054,train,"fnv1a32(sample_id)%10: train<6,val<8,test"
MixedDoc,mixeddoc_01676,0601_0007_0058,train,"fnv1a32(sample_id)%10: train<6,val<8,test"
MixedDoc,mixeddoc_01677,0601_0007_0062,train,"fnv1a32(sample_id)%10: train<6,val<8,test"
MixedDoc,mixeddoc_01678,0601_0008_0011,train,"fnv1a32(sample_id)%10: train<6,val<8,test"
MixedDoc,mixeddoc_01679,0601_0008_0014,train,"fnv1a32(sample_id)%10: train<6,val<8,test"
MixedDoc,mixeddoc_01680,0601_0008_0021,test,"fnv1a32(sample_id)%10: train<6,val<8,test"
MixedDoc,mixeddoc_01681,0601_0008_0024,val,"fnv1a32(sample_id)%10: train<6,val<8,test"
MixedDoc,mixeddoc_01682,0601_0008_0027,train,"fnv1a32(sample_id)%10: train<6,val<8,test"
MixedDoc,mixeddoc_01683,0601_0008_0029,test,"fnv1a32(sample_id)%10: train<6,val<8,test"
MixedDoc,mixeddoc_01684,0601_0008_0031,train,"fnv1a32(sample_id)%10: train<6,val<8,test"
MixedDoc,mixeddoc_01685,0601_0008_0033,train,"fnv1a32(sample_id)%10: train<6,val<8,test"
MixedDoc,mixeddoc_01686,0601_0008_0034,train,"fnv1a32(sample_id)%10: train<6,val<8,test"
MixedDoc,mixeddoc_01687,0601_0008_0036,train,"fnv1a32(sample_id)%10: train<6,val<8,test"
MixedDoc,mixeddoc_01688,0601_0008_0038,val,"fnv1a32(sample_id)%10: train<6,val<8,test"
MixedDoc,mixeddoc_01689,0601_0008_0040,train,"fnv1a32(sample_id)%10: train<6,val<8,test"
MixedDoc,mixeddoc_01690,0601_0008_0044,train,"fnv1a32(sample_id)%10: train<6,val<8,test"
MixedDoc,mixeddoc_01691,0601_0008_0046,train,"fnv1a32(sample_id)%10: train<6,val<8,test"
MixedDoc,mixeddoc_01692,0601_0008_0047,test,"fnv1a32(sample_id)%10: train<6,val<8,test"
MixedDoc,mixeddoc_01693,0601_0008_0059,train,"fnv1a32(sample_id)%10: train<6,val<8,test"
MixedDoc,mixeddoc_01694,0601_0008_0061,val,"fnv1a32(sample_id)%10: train<6,val<8,test"
MixedDoc,mixeddoc_01695,2000,test,"fnv1a32(sample_id)%10: train<6,val<8,test"
MixedDoc,mixeddoc_01696,2004,train,"fnv1a32(sample_id)%10: train<6,val<8,test"
MixedDoc,mixeddoc_01697,2008,val,"fnv1a32(sample_id)%10: train<6,val<8,test"
MixedDoc,mixeddoc_01698,2010,train,"fnv1a32(sample_id)%10: train<6,val<8,test"
MixedDoc,mixeddoc_01699,2011,train,"fnv1a32(sample_id)%10: train<6,val<8,test"
MixedDoc,mixeddoc_01700,2013,train,"fnv1a32(sample_id)%10: train<6,val<8,test"
MixedDoc,mixeddoc_01701,2014,train,"fnv1a32(sample_id)%10: train<6,val<8,test"
MixedDoc,mixeddoc_01702,2021,train,"fnv1a32(sample_id)%10: train<6,val<8,test"
MixedDoc,mixeddoc_01703,2022,val,"fnv1a32(sample_id)%10: train<6,val<8,test"
MixedDoc,mixeddoc_01704,2023,val,"fnv1a32(sample_id)%10: train<6,val<8,test"
MixedDoc,mixeddoc_01705,2024,test,"fnv1a32(sample_id)%10: train<6,val<8,test"
MixedDoc,mixeddoc_01706,2026,test,"fnv1a32(sample_id)%10: train<6,val<8,test"
MixedDoc,mixeddoc_01707,2027,train,"fnv1a32(sample_id)%10: train<6,val<8,test"
MixedDoc,mixeddoc_01708,2032,train,"fnv1a32(sample_id)%10: train<6,val<8,test"
MixedDoc,mixeddoc_01709,2034,train,"fnv1a32(sample_id)%10: train<6,val<8,test"
MixedDoc,mixeddoc_01710,2035,train,"fnv1a32(sample_id)%10: train<6,val<8,test"
MixedDoc,mixeddoc_01711,2036,train,"fnv1a32(sample_id)%10: train<6,val<8,test"
MixedDoc,mixeddoc_01712,2037,train,"fnv1a32(sample_id)%10: train<6,val<8,test"
MixedDoc,mixeddoc_01713,2046,train,"fnv1a32(sample_id)%10: train<6,val<8,test"
MixedDoc,mixeddoc_01714,2051,test,"fnv1a32(sample_id)%10: train<6,val<8,test"
MixedDoc,mixeddoc_01715,2052,val,"fnv1a32(sample_id)%10: train<6,val<8,test"
MixedDoc,mixeddoc_01716,2056,val,"fnv1a32(sample_id)%10: train<6,val<8,test"
MixedDoc,mixeddoc_01717,2058,train,"fnv1a32(sample_id)%10: train<6,val<8,test"
MixedDoc,mixeddoc_01718,2061,train,"fnv1a32(sample_id)%10: train<6,val<8,test"
MixedDoc,mixeddoc_01719,2068,train,"fnv1a32(sample_id)%10: train<6,val<8,test"
MixedDoc,mixeddoc_01720,2072,test,"fnv1a32(sample_id)%10: train<6,val<8,test"
MixedDoc,mixeddoc_01721,2073,train,"fnv1a32(sample_id)%10: train<6,val<8,test"
MixedDoc,mixeddoc_01722,2074,val,"fnv1a32(sample_id)%10: train<6,val<8,test"
MixedDoc,mixeddoc_01723,2076,test,"fnv1a32(sample_id)%10: train<6,val<8,test"
MixedDoc,mixeddoc_01724,2087,train,"fnv1a32(sample_id)%10: train<6,val<8,test"
MixedDoc,mixeddoc_01725,2089,train,"fnv1a32(sample_id)%10: train<6,val<8,test"
MixedDoc,mixeddoc_01726,2090,train,"fnv1a32(sample_id)%10: train<6,val<8,test"
MixedDoc,mixeddoc_01727,2094,train,"fnv1a32(sample_id)%10: train<6,val<8,test"
MixedDoc,mixeddoc_01728,2097,train,"fnv1a32(sample_id)%10: train<6,val<8,test"
MixedDoc,mixeddoc_01729,2099,train,"fnv1a32(sample_id)%10: train<6,val<8,test"
MixedDoc,mixeddoc_01730,2104,train,"fnv1a32(sample_id)%10: train<6,val<8,test"
MixedDoc,mixeddoc_01731,2105,train,"fnv1a32(sample_id)%10: train<6,val<8,test"
MixedDoc,mixeddoc_01732,2115,val,"fnv1a32(sample_id)%10: train<6,val<8,test"
MixedDoc,mixeddoc_01733,2117,train,"fnv1a32(sample_id)%10: train<6,val<8,test"
MixedDoc,mixeddoc_01734,2125,train,"fnv1a32(sample_id)%10: train<6,val<8,test"
MixedDoc,mixeddoc_01735,2133,test,"fnv1a32(sample_id)%10: train<6,val<8,test"
MixedDoc,mixeddoc_01736,2135,train,"fnv1a32(sample_id)%10: train<6,val<8,test"
MixedDoc,mixeddoc_01737,2140,train,"fnv1a32(sample_id)%10: train<6,val<8,test"
MixedDoc,mixeddoc_01738,2142,val,"fnv1a32(sample_id)%10: train<6,val<8,test"
MixedDoc,mixeddoc_01739,2157,train,"fnv1a32(sample_id)%10: train<6,val<8,test"
MixedDoc,mixeddoc_01740,2158,train,"fnv1a32(sample_id)%10: train<6,val<8,test"
MixedDoc,mixeddoc_01741,2163,val,"fnv1a32(sample_id)%10: train<6,val<8,test"
MixedDoc,mixeddoc_01742,2164,val,"fnv1a32(sample_id)%10: train<6,val<8,test"
MixedDoc,mixeddoc_01743,2166,test,"fnv1a32(sample_id)%10: train<6,val<8,test"
MixedDoc,mixeddoc_01744,2167,train,"fnv1a32(sample_id)%10: train<6,val<8,test"
MixedDoc,mixeddoc_01745,2170,train,"fnv1a32(sample_id)%10: train<6,val<8,test"
MixedDoc,mixeddoc_01746,2172,train,"fnv1a32(sample_id)%10: train<6,val<8,test"
MixedDoc,mixeddoc_01747,2173,train,"fnv1a32(sample_id)%10: train<6,val<8,test"
MixedDoc,mixeddoc_01748,2176,val,"fnv1a32(sample_id)%10: train<6,val<8,test"
MixedDoc,mixeddoc_01749,2177,test,"fnv1a32(sample_id)%10: train<6,val<8,test"
MixedDoc,mixeddoc_01750,2192,val,"fnv1a32(sample_id)%10: train<6,val<8,test"
MixedDoc,mixeddoc_01751,2193,train,"fnv1a32(sample_id)%10: train<6,val<8,test"
MixedDoc,mixeddoc_01752,2197,train,"fnv1a32(sample_id)%10: train<6,val<8,test"
MixedDoc,mixeddoc_01753,2198,train,"fnv1a32(sample_id)%10: train<6,val<8,test"
MixedDoc,mixeddoc_01754,2206,train,"fnv1a32(sample_id)%10: train<6,val<8,test"
MixedDoc,mixeddoc_01755,2207,train,"fnv1a32(sample_id)%10: train<6,val<8,test"
MixedDoc,mixeddoc_01756,2208,train,"fnv1a32(sample_id)%10: train<6,val<8,test"
MixedDoc,mixeddoc_01757,2209,test,"fnv1a32(sample_id)%10: train<6,val<8,test"
MixedDoc,mixeddoc_01758,2216,test,"fnv1a32(sample_id)%10: train<6,val<8,test"
MixedDoc,mixeddoc_01759,2217,val,"fnv1a32(sample_id)%10: train<6,val<8,test"
MixedDoc,mixeddoc_01760,2222,train,"fnv1a32(sample_id)%10: train<6,val<8,test"
MixedDoc,mixeddoc_01761,2223,train,"fnv1a32(sample_id)%10: train<6,val<8,test"
MixedDoc,mixeddoc_01762,2226,train,"fnv1a32(sample_id)%10: train<6,val<8,test"
MixedDoc,mixeddoc_01763,2227,train,"fnv1a32(sample_id)%10: train<6,val<8,test"
MixedDoc,mixeddoc_01764,2228,test,"fnv1a32(sample_id)%10: train<6,val<8,test"
MixedDoc,mixeddoc_01765,2229,train,"fnv1a32(sample_id)%10: train<6,val<8,test"
MixedDoc,mixeddoc_01766,2230,val,"fnv1a32(sample_id)%10: train<6,val<8,test"
MixedDoc,mixeddoc_01767,2231,test,"fnv1a32(sample_id)%10: train<6,val<8,test"
MixedDoc,mixeddoc_01768,2236,train,"fnv1a32(sample_id)%10: train<6,val<8,test"
MixedDoc,mixeddoc_01769,2238,train,"fnv1a32(sample_id)%10: train<6,val<8,test"
MixedDoc,mixeddoc_01770,2245,train,"fnv1a32(sample_id)%10: train<6,val<8,test"
MixedDoc,mixeddoc_01771,2248,train,"fnv1a32(sample_id)%10: train<6,val<8,test"
MixedDoc,mixeddoc_01772,2249,val,"fnv1a32(sample_id)%10: train<6,val<8,test"
MixedDoc,mixeddoc_01773,2254,train,"fnv1a32(sample_id)%10: train<6,val<8,test"
MixedDoc,mixeddoc_01774,2255,test,"fnv1a32(sample_id)%10: train<6,val<8,test"
MixedDoc,mixeddoc_01775,2269,val,"fnv1a32(sample_id)%10: train<6,val<8,test"
MixedDoc,mixeddoc_01776,2270,train,"fnv1a32(sample_id)%10: train<6,val<8,test"
MixedDoc,mixeddoc_01777,2272,test,"fnv1a32(sample_id)%10: train<6,val<8,test"
MixedDoc,mixeddoc_01778,2274,val,"fnv1a32(sample_id)%10: train<6,val<8,test"
MixedDoc,mixeddoc_01779,2276,train,"fnv1a32(sample_id)%10: train<6,val<8,test"
MixedDoc,mixeddoc_01780,2277,val,"fnv1a32(sample_id)%10: train<6,val<8,test"
MixedDoc,mixeddoc_01781,2279,test,"fnv1a32(sample_id)%10: train<6,val<8,test"
MixedDoc,mixeddoc_01782,2286,test,"fnv1a32(sample_id)%10: train<6,val<8,test"
MixedDoc,mixeddoc_01783,2289,train,"fnv1a32(sample_id)%10: train<6,val<8,test"
MixedDoc,mixeddoc_01784,2290,train,"fnv1a32(sample_id)%10: train<6,val<8,test"
MixedDoc,mixeddoc_01785,2292,train,"fnv1a32(sample_id)%10: train<6,val<8,test"
MixedDoc,mixeddoc_01786,2301,train,"fnv1a32(sample_id)%10: train<6,val<8,test"
MixedDoc,mixeddoc_01787,2302,train,"fnv1a32(sample_id)%10: train<6,val<8,test"
MixedDoc,mixeddoc_01788,2306,test,"fnv1a32(sample_id)%10: train<6,val<8,test"
MixedDoc,mixeddoc_01789,2307,train,"fnv1a32(sample_id)%10: train<6,val<8,test"
MixedDoc,mixeddoc_01790,2308,test,"fnv1a32(sample_id)%10: train<6,val<8,test"
MixedDoc,mixeddoc_01791,2312,val,"fnv1a32(sample_id)%10: train<6,val<8,test"
MixedDoc,mixeddoc_01792,2314,val,"fnv1a32(sample_id)%10: train<6,val<8,test"
MixedDoc,mixeddoc_01793,2319,train,"fnv1a32(sample_id)%10: train<6,val<8,test"
MixedDoc,mixeddoc_01794,2320,train,"fnv1a32(sample_id)%10: train<6,val<8,test"
MixedDoc,mixeddoc_01795,2328,train,"fnv1a32(sample_id)%10: train<6,val<8,test"
MixedDoc,mixeddoc_01796,2336,train,"fnv1a32(sample_id)%10: train<6,val<8,test"
MixedDoc,mixeddoc_01797,2341,test,"fnv1a32(sample_id)%10: train<6,val<8,test"
MixedDoc,mixeddoc_01798,2342,train,"fnv1a32(sample_id)%10: train<6,val<8,test"
MixedDoc,mixeddoc_01799,2343,test,"fnv1a32(sample_id)%10: train<6,val<8,test"
MixedDoc,mixeddoc_01800,2348,test,"fnv1a32(sample_id)%10: train<6,val<8,test"
MixedDoc,mixeddoc_01801,2349,val,"fnv1a32(sample_id)%10: train<6,val<8,test"
MixedDoc,mixeddoc_01802,2352,val,"fnv1a32(sample_id)%10: train<6,val<8,test"
MixedDoc,mixeddoc_01803,2356,train,"fnv1a32(sample_id)%10: train<6,val<8,test"
MixedDoc,mixeddoc_01804,2357,train,"fnv1a32(sample_id)%10: train<6,val<8,test"
MixedDoc,mixeddoc_01805,2359,train,"fnv1a32(sample_id)%10: train<6,val<8,test"
MixedDoc,mixeddoc_01806,2363,train,"fnv1a32(sample_id)%10: train<6,val<8,test"
MixedDoc,mixeddoc_01807,2368,train,"fnv1a32(sample_id)%10: train<6,val<8,test"
MixedDoc,mixeddoc_01808,2376,val,"fnv1a32(sample_id)%10: train<6,val<8,test"
MixedDoc,mixeddoc_01809,2377,train,"fnv1a32(sample_id)%10: train<6,val<8,test"
MixedDoc,mixeddoc_01810,2383,val,"fnv1a32(sample_id)%10: train<6,val<8,test"
MixedDoc,mixeddoc_01811,2392,test,"fnv1a32(sample_id)%10: train<6,val<8,test"
MixedDoc,mixeddoc_01812,2398,test,"fnv1a32(sample_id)%10: train<6,val<8,test"
MixedDoc,mixeddoc_01813,2401,train,"fnv1a32(sample_id)%10: train<6,val<8,test"
MixedDoc,mixeddoc_01814,2402,train,"fnv1a32(sample_id)%10: train<6,val<8,test"
MixedDoc,mixeddoc_01815,2411,train,"fnv1a32(sample_id)%10: train<6,val<8,test"
MixedDoc,mixeddoc_01816,2415,train,"fnv1a32(sample_id)%10: train<6,val<8,test"
MixedDoc,mixeddoc_01817,2419,val,"fnv1a32(sample_id)%10: train<6,val<8,test"
MixedDoc,mixeddoc_01818,2420,train,"fnv1a32(sample_id)%10: train<6,val<8,test"
MixedDoc,mixeddoc_01819,2424,val,"fnv1a32(sample_id)%10: train<6,val<8,test"
MixedDoc,mixeddoc_01820,2435,test,"fnv1a32(sample_id)%10: train<6,val<8,test"
MixedDoc,mixeddoc_01821,2440,val,"fnv1a32(sample_id)%10: train<6,val<8,test"
MixedDoc,mixeddoc_01822,2442,train,"fnv1a32(sample_id)%10: train<6,val<8,test"
MixedDoc,mixeddoc_01823,2451,test,"fnv1a32(sample_id)%10: train<6,val<8,test"
MixedDoc,mixeddoc_01824,2454,train,"fnv1a32(sample_id)%10: train<6,val<8,test"
MixedDoc,mixeddoc_01825,2455,train,"fnv1a32(sample_id)%10: train<6,val<8,test"
MixedDoc,mixeddoc_01826,2458,train,"fnv1a32(sample_id)%10: train<6,val<8,test"
MixedDoc,mixeddoc_01827,2462,train,"fnv1a32(sample_id)%10: train<6,val<8,test"
MixedDoc,mixeddoc_01828,2463,val,"fnv1a32(sample_id)%10: train<6,val<8,test"
MixedDoc,mixeddoc_01829,2465,train,"fnv1a32(sample_id)%10: train<6,val<8,test"
MixedDoc,mixeddoc_01830,2466,test,"fnv1a32(sample_id)%10: train<6,val<8,test"
MixedDoc,mixeddoc_01831,2472,train,"fnv1a32(sample_id)%10: train<6,val<8,test"
MixedDoc,mixeddoc_01832,2473,val,"fnv1a32(sample_id)%10: train<6,val<8,test"
MixedDoc,mixeddoc_01833,2475,test,"fnv1a32(sample_id)%10: train<6,val<8,test"
MixedDoc,mixeddoc_01834,2476,train,"fnv1a32(sample_id)%10: train<6,val<8,test"
MixedDoc,mixeddoc_01835,2483,val,"fnv1a32(sample_id)%10: train<6,val<8,test"
MixedDoc,mixeddoc_01836,2497,train,"fnv1a32(sample_id)%10: train<6,val<8,test"
