sample_id,region_minus_docres_psnr,region_minus_classical_psnr,region_risk_minus_docres,oracle_candidate,noise,mean_alpha
mixeddoc_00000,-0.017702904542602482,0.23921622122643527,-0.008122663949845576,docres_input_blend_0.80,['textWatermark'],0.8091029524803162
mixeddoc_00001,0.016042586678182147,-0.046334941346444225,-0.022603310521332465,classical_shadow_0.40,"['seal', 'GaussianBlur']",0.8128233551979065
mixeddoc_00002,0.8501884448808141,5.950690091217485,-0.02773197972965523,region_controller,"['shadow', 'textWatermark']",0.7937501668930054
mixeddoc_00003,-1.441043568531068,3.1753485575606923,-0.05561452589872051,docres_deshadow,"['SpeckleNoise', 'shadow', 'seal', 'textWatermark']",0.7670513987541199
mixeddoc_00004,-4.414839350765053,5.240792673078641,-0.04803956781381119,docres_deshadow,"['shadow', 'textWatermark', 'seal']",0.7982749938964844
mixeddoc_00005,-0.7835754620561364,2.0670044766988216,-0.11775340298085574,docres_deshadow,"['seal', 'DefocusBlur', 'shadow', 'textWatermark']",0.8084534406661987
mixeddoc_00006,0.797142225713527,1.740151706621937,-0.0483111266943273,region_controller,"['MotionBlur', 'shadow', 'GaussianNoise']",0.7817806005477905
mixeddoc_00007,0.059021303894333244,-0.4927217980184011,-0.00884008834926376,classical_shadow_0.40,"['textWatermark', 'seal']",0.803776741027832
mixeddoc_00008,1.0762254738352048,7.21407780879337,-0.03582183402192132,region_controller,"['shadow', 'textWatermark']",0.8018665909767151
mixeddoc_00009,-0.06937582175489254,0.6625768566104426,-0.006425889143197392,docres_deshadow,"['textWatermark', 'seal']",0.8131309747695923
mixeddoc_00010,-0.03496981288074963,0.1453940379940768,-0.005803920811774357,docres_input_blend_0.80,['seal'],0.8337081074714661
mixeddoc_00011,-1.5019586203197122,2.4214068568284386,-0.07367703502866502,docres_deshadow,"['DefocusBlur', 'shadow', 'textWatermark', 'seal']",0.8247191309928894
mixeddoc_00012,-1.0215877615152955,3.2929817784664337,-0.03230680231278399,docres_deshadow,"['seal', 'GaussianNoise', 'shadow', 'GlassBlur']",0.8039665222167969
mixeddoc_00013,-3.897418174783489,6.764139073398702,-0.03982561899721637,docres_deshadow,"['textWatermark', 'seal', 'shadow']",0.804291307926178
mixeddoc_00014,-0.4775640729065742,0.5556105610661497,-0.06312423429282257,docres_deshadow,"['shadow', 'ImpulseNoise', 'GlassBlur', 'textWatermark']",0.7833123207092285
mixeddoc_00015,0.2513942816109065,0.7966314255358231,-0.04904768982940505,region_controller,"['ZoomBlur', 'shadow', 'seal']",0.8040401935577393
mixeddoc_00016,1.4107171625928316,6.330534109898455,-0.027777426233245736,region_controller,"['textWatermark', 'seal']",0.7952696681022644
mixeddoc_00017,-0.010085483098182024,-0.12311462391345174,-0.012002352441253646,classical_shadow_0.40,"['textWatermark', 'ZoomBlur']",0.7727673053741455
mixeddoc_00018,-1.5112669477614347,5.036460228287758,-0.04724663893866565,docres_deshadow,"['GlassBlur', 'shadow', 'seal']",0.8009098172187805
mixeddoc_00019,-0.01169575274325041,2.344735973800333,-0.0177855518857249,docres_input_blend_0.80,"['textWatermark', 'seal']",0.8036819100379944
mixeddoc_00020,-0.7692890445918366,2.922795362978537,-0.08056700148135343,docres_deshadow,"['seal', 'ImpulseNoise', 'textWatermark']",0.7414757609367371
mixeddoc_00021,0.007933669862527637,0.1392890346207043,-0.010353660427761584,docres_input_blend_0.80,"['seal', 'textWatermark', 'DefocusBlur']",0.8020843863487244
mixeddoc_00022,-0.34988520920097343,1.9876848497222142,-0.038404848204162095,docres_deshadow,"['seal', 'shadow', 'MotionBlur']",0.8097085356712341
mixeddoc_00023,-0.4062389801377293,1.5574674820719903,-0.03408873809204985,docres_deshadow,"['seal', 'textWatermark', 'MotionBlur', 'shadow']",0.8220290541648865
mixeddoc_00024,0.02390497294681282,2.1479322188127625,-0.024267016759913884,docres_input_blend_0.90,"['shadow', 'ZoomBlur', 'textWatermark']",0.8137460947036743
mixeddoc_00025,-0.5258751641626205,-0.14067280156362116,-0.05148646271968538,docres_deshadow,"['shadow', 'textWatermark', 'GaussianBlur', 'seal']",0.820094883441925
mixeddoc_00026,-0.0694739293128741,0.18946943027436802,-0.011393514815281322,docres_deshadow,"['seal', 'textWatermark']",0.813621461391449
mixeddoc_00027,-0.7391188358292116,0.993480283492806,-0.0923908965990432,docres_deshadow,"['ShotNoise', 'ZoomBlur', 'seal', 'shadow']",0.801103413105011
mixeddoc_00028,-1.503889309370976,2.4855232756300722,-0.12295768055898426,docres_deshadow,"['shadow', 'textWatermark', 'ShotNoise', 'seal']",0.7455688714981079
mixeddoc_00029,-0.07594948864417717,0.13614341896540694,-0.006710652317589744,docres_deshadow,"['textWatermark', 'seal']",0.8112275004386902
mixeddoc_00030,-0.690958681694493,4.457113785682189,-0.020155962220396728,docres_deshadow,"['GlassBlur', 'textWatermark', 'shadow']",0.7963338494300842
mixeddoc_00031,-0.9440689445258101,4.217266689953503,-0.047551501164476706,docres_deshadow,"['seal', 'textWatermark', 'shadow']",0.7810252904891968
mixeddoc_00032,-0.04694999600174299,1.5390073392406762,-0.09352252788423054,docres_input_blend_0.90,"['ImpulseNoise', 'seal', 'shadow', 'MotionBlur', 'textWatermark']",0.7861525416374207
mixeddoc_00033,-2.4601909780823554,5.8648415071432645,-0.015106512432459668,docres_deshadow,"['seal', 'shadow']",0.8122293949127197
mixeddoc_00034,0.11527746545488249,0.5334353314744131,-0.02956828994386468,docres_input_blend_0.80,"['seal', 'textWatermark', 'MotionBlur']",0.8124859929084778
mixeddoc_00035,0.03809613850826565,-0.18905626709500112,-0.005957365351117405,classical_shadow_0.40,"['textWatermark', 'GaussianBlur']",0.8222521543502808
mixeddoc_00036,-0.3329931764165881,1.0456844248541604,-0.01734884910248441,docres_deshadow,"['ZoomBlur', 'shadow', 'textWatermark']",0.8149994611740112
mixeddoc_00037,0.4619953149486449,1.7907449919929483,-0.0297614255557154,region_controller,"['seal', 'MotionBlur']",0.801606297492981
mixeddoc_00038,-0.01751821151874111,2.3249816174598905,-0.042100897909821244,docres_input_blend_0.90,"['textWatermark', 'shadow', 'seal']",0.7956777811050415
mixeddoc_00039,-0.09184056438543031,0.4630745430069645,-0.023984278020676125,docres_deshadow,"['textWatermark', 'DefocusBlur', 'seal', 'shadow']",0.7984585165977478
mixeddoc_00040,-0.23890130887390093,0.6102584519773888,-0.027301337118318864,docres_deshadow,"['shadow', 'MotionBlur', 'textWatermark', 'seal']",0.8009985685348511
mixeddoc_00041,-2.3325380208014437,5.382995398674295,-0.027949893653964164,docres_deshadow,"['shadow', 'seal']",0.8005264401435852
mixeddoc_00042,-0.21422048006930616,1.2635141878759448,-0.021313719506013518,docres_deshadow,"['seal', 'MotionBlur', 'shadow']",0.803815484046936
mixeddoc_00043,-0.592868438581938,2.326020279922986,-0.040587946594689284,docres_deshadow,"['ShotNoise', 'textWatermark', 'shadow']",0.7571773529052734
mixeddoc_00044,-0.5495755302973695,1.8786096190425283,-0.07578618447021607,docres_deshadow,"['shadow', 'GlassBlur', 'seal', 'ImpulseNoise']",0.7515547871589661
mixeddoc_00045,-0.2638217098481199,1.259496439185071,-0.031027396235301208,docres_deshadow,"['textWatermark', 'seal', 'SpeckleNoise']",0.7830521464347839
mixeddoc_00046,-0.592657279741502,1.9678576939862396,-0.019621842947326967,docres_deshadow,"['seal', 'textWatermark', 'shadow']",0.7978259921073914
mixeddoc_00047,0.004477898778169731,-0.021484338534511593,-0.005672453563434099,classical_shadow_0.40,"['MotionBlur', 'seal']",0.8067653179168701
mixeddoc_00048,-0.03871100491225121,0.4070350035195567,-0.016037970714452975,docres_deshadow,"['shadow', 'textWatermark']",0.8145474791526794
mixeddoc_00049,-0.6491989823537168,2.093046334464214,-0.04132036442195419,docres_deshadow,"['shadow', 'SpeckleNoise', 'textWatermark']",0.7659435272216797
mixeddoc_00050,-3.239429278717683,6.777593878927156,-0.01705407852395094,docres_deshadow,"['shadow', 'seal']",0.8126290440559387
mixeddoc_00051,0.31734193781380426,1.1762625031898892,-0.012014563451330118,region_controller,['textWatermark'],0.7967323660850525
mixeddoc_00052,-0.023627252298322077,0.166277700260693,-0.030665077828141353,docres_deshadow,"['seal', 'ZoomBlur', 'textWatermark']",0.7960560917854309
mixeddoc_00053,-0.9113831039501541,2.034884491528924,-0.14286637098314098,docres_deshadow,"['SpeckleNoise', 'textWatermark', 'shadow', 'DefocusBlur']",0.819969117641449
mixeddoc_00054,-2.368438053498849,5.594453639492862,-0.007916859787458791,docres_deshadow,"['textWatermark', 'shadow']",0.8095104098320007
mixeddoc_00055,-5.070129668526956,6.556015764296678,-0.045833551307910336,docres_deshadow,"['shadow', 'textWatermark']",0.7966330051422119
mixeddoc_00056,0.049965080914287086,-0.08361813115716998,-0.011541890712819955,classical_shadow_0.40,['seal'],0.8205182552337646
mixeddoc_00057,-0.4577862653048559,0.9433026282893326,-0.044211328109145964,docres_deshadow,"['shadow', 'textWatermark', 'seal', 'MotionBlur']",0.798549234867096
mixeddoc_00058,-0.45294057618697003,1.5078369783270045,-0.05388351970963906,docres_deshadow,"['shadow', 'MotionBlur', 'seal', 'ImpulseNoise']",0.7428430914878845
mixeddoc_00059,-0.19806671384340646,1.3597020319542104,-0.060632327723567025,docres_deshadow,"['shadow', 'seal', 'ZoomBlur']",0.8096181750297546
mixeddoc_00060,-0.9042416954772392,2.782944656946171,-0.035005531128389056,docres_deshadow,"['shadow', 'seal', 'GaussianNoise']",0.8026984333992004
mixeddoc_00061,-0.7857305438059292,2.9310915958172394,-0.09431175197865221,docres_deshadow,"['shadow', 'textWatermark', 'DefocusBlur']",0.8176136016845703
mixeddoc_00062,-0.616911141144147,3.169219404779163,-0.058723078213150925,docres_deshadow,"['seal', 'shadow', 'GaussianBlur']",0.818973958492279
mixeddoc_00063,-0.017607608735012548,0.08552116286907108,-0.012546398917930746,docres_input_blend_0.80,"['ZoomBlur', 'textWatermark']",0.8157265186309814
mixeddoc_00064,-1.4849514772763257,1.9723838653510768,-0.048016952115933764,docres_deshadow,"['GaussianNoise', 'textWatermark', 'shadow', 'seal']",0.80063796043396
mixeddoc_00065,-1.7038269240495936,4.948542401566314,-0.020482457024324358,docres_deshadow,"['seal', 'textWatermark', 'shadow']",0.7973057627677917
mixeddoc_00066,-0.9489392659636646,2.4714565812061924,-0.07784831104338474,docres_deshadow,"['ShotNoise', 'shadow', 'textWatermark']",0.7386146187782288
mixeddoc_00067,-0.12110298497245964,0.5581111660412361,-0.010383105754051228,docres_deshadow,"['seal', 'textWatermark']",0.8185048699378967
mixeddoc_00068,-0.4346962559998371,1.3222616158684062,-0.07295960251902,docres_deshadow,"['MotionBlur', 'seal', 'SpeckleNoise', 'shadow', 'textWatermark']",0.7554792761802673
mixeddoc_00069,-0.09091182339365389,0.6883331694900541,-0.017567099814979087,docres_deshadow,"['shadow', 'GlassBlur', 'textWatermark']",0.8033929467201233
mixeddoc_00070,-0.2990845147065606,1.9585778496748318,-0.008886704629243895,docres_deshadow,"['shadow', 'textWatermark']",0.8094903826713562
mixeddoc_00071,-0.53959235548861,1.9179530589516602,-0.09261642686912153,docres_deshadow,"['shadow', 'GaussianBlur', 'seal']",0.8166540861129761
mixeddoc_00072,0.03814845725522531,-0.5129061140975928,-0.006751769935813133,classical_shadow_0.40,"['seal', 'textWatermark']",0.8298100829124451
mixeddoc_00073,-1.280009860465828,4.347413685788823,-0.016796972682789235,docres_deshadow,"['shadow', 'seal', 'textWatermark']",0.8003780841827393
mixeddoc_00074,-0.03155138266654234,0.29793731993182604,-0.013062345028326441,docres_input_blend_0.80,"['seal', 'GaussianNoise', 'DefocusBlur', 'textWatermark']",0.8116366863250732
mixeddoc_00075,-0.10217964404964874,-1.0369738925346148,-0.024336542695847882,classical_shadow_0.40,"['ZoomBlur', 'seal', 'textWatermark']",0.7994890213012695
mixeddoc_00076,-1.3742133986695215,3.2003532840146978,-0.09140659339286772,docres_deshadow,"['shadow', 'DefocusBlur', 'seal']",0.80704265832901
mixeddoc_00077,-0.6784107279621701,1.1413416810057928,-0.0330276444420933,docres_deshadow,"['seal', 'shadow', 'textWatermark', 'GaussianNoise']",0.7923665642738342
mixeddoc_00078,-2.4087785863834164,6.299338777872919,-0.011048006268831206,docres_deshadow,"['shadow', 'seal']",0.8108444213867188
mixeddoc_00079,-0.7085827383336998,2.7734083142408785,-0.12392901272262061,docres_deshadow,"['textWatermark', 'seal', 'ImpulseNoise', 'shadow']",0.7519899606704712
mixeddoc_00080,0.12750524683108466,3.0719563748221184,-0.010676049728531686,docres_input_blend_0.80,"['textWatermark', 'shadow', 'seal']",0.8089418411254883
mixeddoc_00081,0.47842592052464283,0.6150697094557565,-0.03264906630412859,docres_input_blend_0.80,"['textWatermark', 'shadow']",0.8029915690422058
mixeddoc_00082,0.14706434512560307,0.12260488346777976,-0.007702568795185296,docres_input_blend_0.80,"['seal', 'textWatermark']",0.7963703274726868
mixeddoc_00083,0.3491132362057314,0.7394073824095848,-0.021566774312818712,region_controller,"['seal', 'textWatermark']",0.7970371842384338
mixeddoc_00084,-4.32558299816273,7.466208212485752,-0.02898785895966355,docres_deshadow,"['shadow', 'seal']",0.7863583564758301
mixeddoc_00085,-0.7329666984964067,2.613512651361118,-0.08398899756389844,docres_deshadow,"['shadow', 'textWatermark', 'seal', 'ImpulseNoise']",0.7371808290481567
mixeddoc_00086,-0.11395656254970632,0.4689824956019031,-0.029253987208207544,docres_deshadow,"['shadow', 'ZoomBlur', 'seal']",0.8010963201522827
mixeddoc_00087,-1.3140828834172211,2.4047970741396334,-0.03518774459591881,docres_deshadow,"['textWatermark', 'shadow', 'seal', 'GaussianNoise']",0.7998104095458984
mixeddoc_00088,-0.07750116220478276,1.9964546631444389,-0.04246159483371642,docres_input_blend_0.90,"['DefocusBlur', 'shadow', 'textWatermark']",0.8074435591697693
mixeddoc_00089,-0.3120057644466243,1.484374688433519,-0.01734614087589212,docres_deshadow,"['seal', 'GaussianNoise', 'textWatermark']",0.7947326898574829
mixeddoc_00090,-9.919438403357766,8.458036967191418,-0.016509834975849125,docres_deshadow,['shadow'],0.8068736791610718
mixeddoc_00091,-0.5324757440083125,2.6938641537901376,-0.031372444646746794,docres_deshadow,"['shadow', 'textWatermark', 'GaussianBlur', 'ImpulseNoise']",0.7736030220985413
mixeddoc_00092,-0.8699932689469527,4.309514668543816,-0.17752907499110337,docres_deshadow,"['ZoomBlur', 'textWatermark', 'shadow']",0.828599750995636
mixeddoc_00093,-3.2067942641520624,6.471607526223238,-0.03569088085447669,docres_deshadow,"['seal', 'shadow']",0.8039781451225281
mixeddoc_00094,-0.22238246310355692,2.2852113422766003,-0.014931330307144039,docres_deshadow,"['shadow', 'textWatermark']",0.798030436038971
mixeddoc_00095,-9.655679105413789,7.61281171681911,-0.02788834201292484,docres_deshadow,['shadow'],0.8063188791275024
mixeddoc_00096,-3.347194210601245,5.2694980296415075,-0.18028323185748218,docres_deshadow,"['shadow', 'GaussianBlur', 'textWatermark']",0.8137432932853699
mixeddoc_00097,-0.5136240938100372,1.428839147970649,-0.05288730292974991,docres_deshadow,"['seal', 'textWatermark', 'SpeckleNoise', 'shadow', 'GlassBlur']",0.8224973082542419
mixeddoc_00098,0.029812618220283582,0.6149718040464691,-0.004664105245416668,docres_input_blend_0.80,['textWatermark'],0.8130452036857605
mixeddoc_00099,-0.10568086831227319,1.202646627091621,-0.014908917540915029,docres_deshadow,"['seal', 'textWatermark', 'shadow']",0.7970470786094666
mixeddoc_00100,-0.5936039227779286,2.641116633429382,-0.051523775125254134,docres_deshadow,"['shadow', 'MotionBlur', 'textWatermark']",0.8138574957847595
mixeddoc_00101,0.7115533984069842,1.7971226398527165,-0.03512090688711428,region_controller,"['shadow', 'DefocusBlur', 'textWatermark', 'seal']",0.8067503571510315
mixeddoc_00102,0.43177558932778837,-0.08755361741971512,-0.008601507171420521,classical_shadow_0.40,"['textWatermark', 'seal']",0.794826865196228
mixeddoc_00103,-0.0620413103492492,0.4831019310871465,-0.04234882667211462,docres_input_blend_0.90,"['SpeckleNoise', 'shadow', 'seal', 'MotionBlur']",0.788407564163208
mixeddoc_00104,0.25042152574847165,1.051912252879923,-0.01651735902381901,docres_input_blend_0.80,"['shadow', 'seal', 'textWatermark']",0.79841548204422
mixeddoc_00105,-0.1479512986292999,1.0301093847446854,-0.05315677416011866,docres_deshadow,"['shadow', 'MotionBlur', 'textWatermark']",0.8028982281684875
mixeddoc_00106,1.2883148099660922,-1.9704787973405402,-0.17435333999103847,classical_shadow_0.40,"['shadow', 'ZoomBlur', 'seal']",0.8149592280387878
mixeddoc_00107,-0.09331999607698549,1.1011053490492042,-0.023079553866412292,docres_deshadow,"['ImpulseNoise', 'seal', 'textWatermark']",0.7587969899177551
mixeddoc_00108,-1.8460397653253793,3.2930543342495184,-0.027094539609652135,docres_deshadow,"['shadow', 'seal']",0.7878038287162781
mixeddoc_00109,-0.2244068459134425,1.2038002506889018,-0.03578571835150063,docres_deshadow,"['GlassBlur', 'textWatermark', 'seal', 'shadow']",0.7893220782279968
mixeddoc_00110,-2.3531172705280046,4.594150417113289,-0.026321030255776368,docres_deshadow,"['textWatermark', 'shadow']",0.8004657030105591
mixeddoc_00111,-0.2446392671951365,1.758911045805963,-0.015484876418025734,docres_input_blend_0.90,"['shadow', 'seal', 'textWatermark']",0.802529513835907
mixeddoc_00112,-0.04736175835548195,0.793906715701084,-0.04195067777641656,docres_input_blend_0.90,"['shadow', 'textWatermark', 'MotionBlur', 'seal']",0.8034178018569946
mixeddoc_00113,0.08875110920949325,-0.15526165420439497,-0.015022612703247562,classical_shadow_0.40,"['ZoomBlur', 'seal']",0.797271192073822
mixeddoc_00114,-1.1230465752044978,4.391549979692954,-0.014838200069123147,docres_deshadow,"['shadow', 'GaussianNoise']",0.8017222285270691
mixeddoc_00115,0.2925646440722893,-0.15632475809122326,-0.04033129447328489,classical_shadow_0.40,"['textWatermark', 'seal']",0.8171887397766113
mixeddoc_00116,0.11892072028821943,0.03409911095741158,-0.017724385065100406,docres_input_blend_0.80,"['textWatermark', 'DefocusBlur']",0.8008991479873657
mixeddoc_00117,-0.45145160701035536,1.6122581988733025,-0.029600097556260807,docres_deshadow,"['shadow', 'textWatermark', 'seal']",0.7829051613807678
mixeddoc_00118,-0.6836555500357058,3.4877639115944543,-0.08129982569353417,docres_deshadow,"['shadow', 'textWatermark', 'ZoomBlur']",0.822170078754425
mixeddoc_00119,0.3181889622590557,-0.28507629660267675,-0.037690953313947645,classical_shadow_0.40,"['textWatermark', 'GaussianBlur', 'shadow', 'seal']",0.8055905103683472
mixeddoc_00120,-1.0271522779070281,3.6180463409018877,-0.020939454395562343,docres_deshadow,"['shadow', 'GaussianNoise', 'textWatermark']",0.781528115272522
mixeddoc_00121,-0.009253077958103262,0.41512924251563277,-0.011003606374231152,docres_input_blend_0.80,"['seal', 'textWatermark']",0.8048070669174194
mixeddoc_00122,0.09456643904479378,0.07279176103207163,-0.02465899314433942,region_controller,"['ZoomBlur', 'seal']",0.8001196980476379
mixeddoc_00123,-0.7069508737031818,2.6365530826112877,-0.09579581687427718,docres_deshadow,"['shadow', 'ZoomBlur', 'seal', 'textWatermark']",0.8142478466033936
mixeddoc_00124,-3.0775263379812277,5.274956929777735,-0.0534764627526253,docres_deshadow,"['seal', 'DefocusBlur', 'shadow']",0.8132245540618896
mixeddoc_00125,-0.3962440111574814,1.4714815229934732,-0.07331790852908635,docres_deshadow,"['MotionBlur', 'ShotNoise', 'seal', 'textWatermark']",0.7272199988365173
mixeddoc_00126,-10.431008929500862,7.831353058068805,-0.021381313555786985,docres_deshadow,['shadow'],0.7902796864509583
mixeddoc_00127,5.2829543733423634e-05,0.10930301864883063,-0.006576882032723476,docres_input_blend_0.80,"['seal', 'GlassBlur']",0.8011096119880676
mixeddoc_00128,-2.771771616749117,4.4579232165611415,-0.04576080742671007,docres_deshadow,"['shadow', 'seal', 'textWatermark']",0.7990162968635559
mixeddoc_00129,-1.3051684599793596,5.34420825362886,-0.16278971509467538,docres_deshadow,"['shadow', 'DefocusBlur']",0.8188701272010803
mixeddoc_00130,-6.638858124276396,7.855591477731588,-0.020192616444045408,docres_deshadow,"['seal', 'shadow']",0.8110666275024414
mixeddoc_00131,-0.6658705620799594,2.360925948652497,-0.03940749366716395,docres_deshadow,"['shadow', 'textWatermark', 'seal']",0.8051074147224426
mixeddoc_00132,-2.0093372593165313,2.9597122406720686,-0.10287579484071946,docres_deshadow,"['shadow', 'GaussianNoise', 'textWatermark']",0.797181248664856
mixeddoc_00133,0.00483323482763609,0.04259165205921178,-0.005270824321409798,docres_input_blend_0.80,['seal'],0.8143879771232605
mixeddoc_00134,-0.405726818776202,1.842667741782627,-0.027984924773584607,docres_deshadow,"['seal', 'textWatermark', 'shadow']",0.8112278580665588
mixeddoc_00135,-1.8559203104989965,3.141069336911583,-0.11768134680493136,docres_deshadow,"['ShotNoise', 'seal', 'shadow', 'textWatermark']",0.7595467567443848
mixeddoc_00136,-2.0592972635637388,4.265410136802661,-0.20708501139104984,docres_deshadow,"['ZoomBlur', 'shadow', 'textWatermark']",0.8304237723350525
mixeddoc_00137,-0.06986600414125022,0.7237991483424189,-0.02358335796130495,docres_input_blend_0.90,"['MotionBlur', 'shadow', 'textWatermark']",0.8014345765113831
mixeddoc_00138,-0.6203083016914732,1.7569380007392965,-0.06864789376338498,docres_deshadow,"['shadow', 'seal', 'ImpulseNoise', 'MotionBlur']",0.7941243052482605
mixeddoc_00139,-0.05686877292178494,1.2374611500178396,-0.04705749337163395,docres_input_blend_0.80,"['ImpulseNoise', 'seal', 'DefocusBlur']",0.7838904857635498
mixeddoc_00140,-1.501550587346081,5.533216955276046,-0.03614151157403847,docres_deshadow,"['shadow', 'textWatermark']",0.8105652332305908
mixeddoc_00141,-0.6542031559260391,2.215298042167758,-0.08484470283066992,docres_deshadow,"['ShotNoise', 'seal', 'textWatermark']",0.7231400012969971
mixeddoc_00142,0.034097708980638686,0.36789952308031104,-0.024669997737848948,docres_input_blend_0.80,"['textWatermark', 'seal', 'DefocusBlur']",0.8308278322219849
mixeddoc_00143,0.9135794214289206,0.05657495059772799,-0.009246931258027932,region_controller,"['shadow', 'seal']",0.8149306178092957
mixeddoc_00144,0.16555676027605593,0.2448974595306197,-0.014970015076842605,docres_input_blend_0.80,"['seal', 'DefocusBlur', 'textWatermark']",0.8112738728523254
mixeddoc_00145,-0.46676032762857034,2.3077815870782565,-0.027832287556725316,docres_deshadow,"['textWatermark', 'ImpulseNoise']",0.7626566886901855
mixeddoc_00146,0.28791346392277006,2.2207701235186796,-0.07160556682050617,region_controller,"['MotionBlur', 'seal', 'shadow']",0.8096175193786621
mixeddoc_00147,-5.25351974450426,6.450725216252049,-0.05514924534770638,docres_deshadow,"['seal', 'shadow', 'SpeckleNoise']",0.7848278284072876
mixeddoc_00148,-0.643018981062859,1.785958957168626,-0.037444076384699626,docres_deshadow,"['shadow', 'textWatermark']",0.7948809266090393
mixeddoc_00149,-2.3228525918530316,5.255778252617873,-0.05397529472553869,docres_deshadow,"['shadow', 'textWatermark', 'GaussianBlur', 'seal']",0.8071364760398865
mixeddoc_00150,-0.6686429015384832,2.436742699231516,-0.048279094745626416,docres_deshadow,"['shadow', 'ImpulseNoise', 'DefocusBlur', 'seal']",0.818823516368866
mixeddoc_00151,-0.21366033793843897,0.3271137255756926,-0.04075037663862319,docres_deshadow,"['SpeckleNoise', 'shadow', 'textWatermark', 'seal', 'ZoomBlur']",0.8111185431480408
mixeddoc_00152,-0.28626374428413826,0.9531399588899578,-0.037401693549924675,docres_deshadow,"['seal', 'ShotNoise', 'textWatermark']",0.7649763822555542
mixeddoc_00153,-1.6196331790120588,5.6394222541006975,-0.011446782047578,docres_deshadow,"['seal', 'shadow']",0.8129587769508362
mixeddoc_00154,-1.078582879259546,-0.4363034709461999,-0.08971435569411867,docres_deshadow,"['GaussianNoise', 'shadow', 'textWatermark']",0.782283365726471
mixeddoc_00155,-0.05542830674494681,-0.21357499240022548,-0.02066395047285445,classical_shadow_0.40,"['seal', 'textWatermark', 'GaussianNoise', 'ZoomBlur']",0.8113700151443481
mixeddoc_00156,-0.001973537528570546,0.03868013932486747,-0.014792710338190157,docres_input_blend_0.80,"['DefocusBlur', 'seal', 'textWatermark']",0.8122256398200989
mixeddoc_00157,-1.299245013560693,4.3361709531418455,-0.09491740607027804,docres_deshadow,"['seal', 'shadow', 'GaussianBlur']",0.8217277526855469
mixeddoc_00158,-0.28085305790228077,1.7837544541180392,-0.022237226512497044,docres_deshadow,"['DefocusBlur', 'textWatermark', 'shadow', 'seal']",0.8216628432273865
mixeddoc_00159,-0.023186002897428892,0.23140969004662537,-0.006135766936585643,docres_input_blend_0.80,"['GlassBlur', 'textWatermark', 'seal']",0.8103839159011841
mixeddoc_00160,-2.484928492822803,6.528336778413751,-0.15725062085304486,docres_deshadow,"['ZoomBlur', 'shadow', 'seal']",0.821506679058075
mixeddoc_00161,-0.9104477034591909,3.0191656624086427,-0.017361027844572302,docres_deshadow,"['shadow', 'textWatermark', 'seal']",0.8083621263504028
mixeddoc_00162,-1.3807740232680654,2.2378510287611757,-0.08733690742727324,docres_deshadow,"['ImpulseNoise', 'shadow']",0.7711869478225708
mixeddoc_00163,-0.8590466686647638,1.9337186382559075,-0.0332986652029659,docres_deshadow,"['seal', 'textWatermark', 'GaussianNoise', 'shadow']",0.7926949858665466
mixeddoc_00164,-0.5945907347052426,2.6184972691796204,-0.01467688272636214,docres_deshadow,"['seal', 'shadow', 'textWatermark']",0.8011470437049866
mixeddoc_00165,-1.0074112486960054,1.4499839888939405,-0.07937120861250146,docres_deshadow,"['shadow', 'seal', 'MotionBlur']",0.812008798122406
mixeddoc_00166,-0.5287861445443554,1.8297738368534215,-0.07623435123345285,docres_deshadow,"['GlassBlur', 'seal', 'textWatermark', 'ShotNoise', 'shadow']",0.7253572940826416
mixeddoc_00167,-0.8087538478138718,2.302745058900838,-0.06688222885804188,docres_deshadow,"['textWatermark', 'ImpulseNoise', 'shadow']",0.7444320321083069
mixeddoc_00168,0.07379466269730983,0.12054666668064229,-0.024720820925647147,region_controller,"['ZoomBlur', 'seal']",0.8053666353225708
mixeddoc_00169,-3.0663895415976796,7.312220053509293,-0.017928691712079836,docres_deshadow,"['seal', 'shadow']",0.8116378784179688
mixeddoc_00170,-4.961634085113033,7.567571092579524,-0.023051485745419598,docres_deshadow,"['shadow', 'seal']",0.808739960193634
mixeddoc_00171,-0.12142151295150683,0.7021484149517292,-0.01248551149850699,docres_deshadow,"['textWatermark', 'seal', 'shadow']",0.7914915680885315
mixeddoc_00172,-0.4792858325914402,2.3452850400351686,-0.03636171011472916,docres_deshadow,"['shadow', 'DefocusBlur', 'seal']",0.8050057291984558
mixeddoc_00173,-3.5349824959713203,6.154269565090278,-0.05765806032678511,docres_deshadow,"['textWatermark', 'shadow']",0.8047593832015991
mixeddoc_00174,-2.2134025845079535,4.883678834341392,-0.03030736702094411,docres_deshadow,"['shadow', 'textWatermark']",0.80275559425354
mixeddoc_00175,0.8051495225309289,7.092577117364005,-0.011722486771446931,docres_input_blend_0.80,['textWatermark'],0.8122066855430603
mixeddoc_00176,-0.36316997598708234,1.1362479298736599,-0.056617921298694834,docres_deshadow,"['shadow', 'textWatermark', 'ImpulseNoise']",0.7436371445655823
mixeddoc_00177,0.6455998129753837,5.609696990156824,-0.009207741114616294,docres_input_blend_0.80,['seal'],0.8120678663253784
mixeddoc_00178,0.7601260849207492,7.945699729732862,-0.015804598483804805,docres_input_blend_0.80,"['seal', 'textWatermark']",0.8273322582244873
mixeddoc_00179,-0.03619709618907763,0.8651983663299117,-0.02252039463644366,docres_input_blend_0.90,"['shadow', 'textWatermark']",0.7971290946006775
mixeddoc_00180,0.46996269665073953,6.971768587036255,-0.015464864041516507,docres_input_blend_0.80,"['textWatermark', 'seal']",0.8251465559005737
mixeddoc_00181,-2.9654041307102865,4.593789146862555,-0.022190805016681414,docres_deshadow,"['textWatermark', 'shadow', 'seal']",0.7981486916542053
mixeddoc_00182,-0.43832917894032164,2.6166318595738396,-0.041637787076529265,docres_deshadow,"['textWatermark', 'ImpulseNoise']",0.7694903016090393
mixeddoc_00183,-2.3405734156685085,3.831356934727337,-0.02955632790538787,docres_deshadow,"['textWatermark', 'shadow']",0.7959038615226746
mixeddoc_00184,-0.269383085499145,0.778670930136034,-0.027408679097695454,docres_deshadow,"['shadow', 'ZoomBlur', 'textWatermark']",0.8081287145614624
mixeddoc_00185,-1.2042525908228612,3.063614133752111,-0.02604515494384879,docres_deshadow,"['seal', 'textWatermark', 'shadow']",0.7890222668647766
mixeddoc_00186,-0.7844540517014096,1.1339177437009695,-0.08378403445129073,docres_deshadow,"['ImpulseNoise', 'shadow', 'textWatermark', 'seal', 'MotionBlur']",0.7873663306236267
mixeddoc_00187,-2.859957249421992,5.603057026305624,-0.01741937946353611,docres_deshadow,"['shadow', 'seal']",0.8022759556770325
mixeddoc_00188,-2.6427013062293767,5.458963942388937,-0.020387617579277872,docres_deshadow,"['textWatermark', 'shadow', 'seal']",0.7979133725166321
mixeddoc_00189,0.03264934607184955,0.17537849944267236,-0.01015618316952771,docres_input_blend_0.80,"['DefocusBlur', 'textWatermark']",0.7993100881576538
mixeddoc_00190,-0.4231365309198356,0.939632670499206,-0.06969192453370882,docres_deshadow,"['shadow', 'textWatermark', 'seal', 'GaussianBlur']",0.8101308941841125
mixeddoc_00191,-5.453937301923176,6.973308184694162,-0.030565561530797924,docres_deshadow,"['seal', 'textWatermark', 'shadow']",0.8033571243286133
mixeddoc_00192,0.06015989982755876,0.32289586356300504,-0.018747080449528553,docres_input_blend_0.80,"['ZoomBlur', 'textWatermark']",0.811748743057251
mixeddoc_00193,-1.7516143029182984,4.980050788576458,-0.02760011557877634,docres_deshadow,"['textWatermark', 'seal', 'shadow']",0.7961239814758301
mixeddoc_00194,-0.3248426512324194,1.7735991427285303,-0.06193434419610594,docres_deshadow,"['ZoomBlur', 'shadow', 'seal', 'textWatermark']",0.8121490478515625
mixeddoc_00195,-0.7438363352098811,2.961184470183367,-0.03599536666129821,docres_deshadow,"['shadow', 'GlassBlur', 'textWatermark']",0.8051949143409729
mixeddoc_00196,0.0867905158092519,0.26990355505494534,-0.010478803986446933,docres_input_blend_0.80,"['seal', 'textWatermark']",0.8039868474006653
mixeddoc_00197,0.035561323269973855,0.53322693916558,-0.01073178421810389,docres_input_blend_0.80,"['textWatermark', 'seal']",0.8024847507476807
mixeddoc_00198,-1.458038075025783,6.376916680016432,-0.017818978363439653,docres_deshadow,"['shadow', 'textWatermark']",0.8043025135993958
mixeddoc_00199,0.2683136220433795,3.419367885271047,-0.010196159752068945,region_controller,['textWatermark'],0.7998120784759521
mixeddoc_00200,-1.7938390735812533,9.4707217423909,-0.009780580572166464,docres_deshadow,"['shadow', 'textWatermark']",0.806596577167511
mixeddoc_00201,-0.6425104450649695,1.9783627843968556,-0.0735503392816857,docres_deshadow,"['seal', 'textWatermark', 'ShotNoise', 'shadow']",0.7327274084091187
mixeddoc_00202,0.0016723894329579991,0.2995819816489522,-0.009644228339626571,docres_input_blend_0.80,"['seal', 'textWatermark']",0.7893363237380981
mixeddoc_00203,-0.24870093120610015,1.536516507939318,-0.02571290257984929,docres_deshadow,"['shadow', 'textWatermark', 'MotionBlur']",0.8109220862388611
mixeddoc_00204,-0.08288929903858566,0.6659859217600523,-0.0653262740091852,docres_deshadow,"['ZoomBlur', 'seal', 'SpeckleNoise', 'textWatermark']",0.7445915341377258
mixeddoc_00205,-0.26138307671499916,1.2237784392237092,-0.03562098980773942,docres_deshadow,"['textWatermark', 'shadow', 'MotionBlur']",0.7902674674987793
mixeddoc_00206,-0.9945893153174445,3.4213123584885494,-0.06259383540080649,docres_deshadow,"['shadow', 'textWatermark', 'GaussianBlur']",0.8001397252082825
mixeddoc_00207,-7.63211494323199,7.966880520930943,-0.027994000057149637,docres_deshadow,"['seal', 'shadow']",0.7970252633094788
mixeddoc_00208,-0.7711753507333086,4.137791877146757,-0.012518798417058025,docres_deshadow,"['shadow', 'seal', 'textWatermark']",0.803605318069458
mixeddoc_00209,-0.9723672067560543,2.7818371151308643,-0.04476565852841749,docres_deshadow,"['ShotNoise', 'shadow']",0.7679774761199951
mixeddoc_00210,-1.0249047285413297,1.735756317335838,-0.05878719929041498,docres_deshadow,"['shadow', 'textWatermark', 'ImpulseNoise', 'seal']",0.7702691555023193
mixeddoc_00211,-0.597676900388123,2.5457047811823337,-0.025490969191111934,docres_deshadow,"['seal', 'DefocusBlur', 'textWatermark', 'shadow']",0.8000887036323547
mixeddoc_00212,-1.9780595124891018,3.0485533531976348,-0.017362538838644137,docres_deshadow,"['textWatermark', 'shadow', 'seal', 'DefocusBlur']",0.802385151386261
mixeddoc_00213,-1.6968046075348155,4.2844159667501724,-0.15421372082139229,docres_deshadow,"['textWatermark', 'shadow', 'seal', 'MotionBlur']",0.8190752863883972
mixeddoc_00214,-0.6393552445499591,1.0601977689955628,-0.06893764242655975,docres_deshadow,"['shadow', 'ShotNoise', 'seal']",0.745004415512085
mixeddoc_00215,-0.29532482036650975,1.09256639215727,-0.0114092410000418,docres_deshadow,"['textWatermark', 'GaussianBlur', 'shadow', 'seal']",0.8065283298492432
mixeddoc_00216,-0.6465903578626069,2.2363581339283503,-0.04121339385454301,docres_deshadow,"['MotionBlur', 'shadow', 'textWatermark', 'seal']",0.796310544013977
mixeddoc_00217,-1.192053844184926,2.9073778850344745,-0.024705095920102005,docres_deshadow,"['shadow', 'textWatermark', 'GaussianNoise']",0.8050866723060608
mixeddoc_00218,0.11811665064958632,2.940196793660615,-0.012566443077729125,docres_input_blend_0.80,"['textWatermark', 'seal']",0.7921182513237
mixeddoc_00219,-1.6040075355544268,8.418484128874724,-0.014150716006648661,docres_deshadow,"['seal', 'shadow']",0.8029317259788513
mixeddoc_00220,-1.073962231891386,4.624613726100067,-0.055242131699933195,docres_deshadow,"['ZoomBlur', 'shadow', 'textWatermark']",0.8287304043769836
mixeddoc_00221,-5.856826038797081,7.605687105835166,-0.1813823192930824,docres_deshadow,"['shadow', 'textWatermark', 'seal']",0.8098858594894409
mixeddoc_00222,0.1821826225345049,-0.7454797207376735,-0.009677211509229955,classical_shadow_0.40,"['textWatermark', 'seal']",0.8034926652908325
mixeddoc_00223,-1.3578482262474338,1.580472132772801,-0.08321663605312152,docres_deshadow,"['seal', 'shadow', 'textWatermark']",0.800857663154602
mixeddoc_00224,0.20319542531033896,0.8801527287034521,-0.02348692659046739,region_controller,"['seal', 'textWatermark', 'MotionBlur']",0.7997596263885498
mixeddoc_00225,0.02768971545923904,0.12316934269112778,-0.011290345284807012,region_controller,"['seal', 'MotionBlur', 'textWatermark']",0.8042493462562561
mixeddoc_00226,-4.911366181050621,9.229711826078747,-0.031874711712841175,docres_deshadow,"['seal', 'shadow']",0.8096764087677002
mixeddoc_00227,-0.16046163848348627,0.48592940193460876,-0.006503221641269215,docres_deshadow,['textWatermark'],0.8104307651519775
mixeddoc_00228,-1.016430095136048,4.855368573828306,-0.0551276785453782,docres_deshadow,"['seal', 'shadow', 'DefocusBlur']",0.8177763819694519
mixeddoc_00229,-0.8112513686645695,2.6960172872896457,-0.06883125776428514,docres_deshadow,"['shadow', 'GaussianBlur', 'seal', 'ImpulseNoise']",0.746524453163147
mixeddoc_00230,-1.7458419784752337,2.630174711202521,-0.04397299230902618,docres_deshadow,"['shadow', 'seal', 'textWatermark']",0.8004396557807922
mixeddoc_00231,-1.075636542598465,2.5135720197669684,-0.09067164891898327,docres_deshadow,"['textWatermark', 'shadow', 'GaussianBlur', 'seal']",0.8203132748603821
mixeddoc_00232,-0.5853233411877099,2.366843224281018,-0.030254747994748976,docres_deshadow,"['textWatermark', 'shadow', 'seal']",0.7957585453987122
mixeddoc_00233,-0.1180761906757617,0.3260803731180282,-0.014383301864652323,docres_deshadow,"['shadow', 'seal', 'textWatermark', 'GaussianBlur']",0.8044007420539856
mixeddoc_00234,-4.256235796758428,7.243293558794882,-0.0268354346693343,docres_deshadow,"['shadow', 'seal']",0.8021640777587891
mixeddoc_00235,-0.2528266914902808,2.3487167412088397,-0.02152836848561901,docres_input_blend_0.90,"['shadow', 'textWatermark']",0.8058338761329651
mixeddoc_00236,0.14403929889979317,-0.10934385888364595,-0.05392592871546009,classical_shadow_0.40,"['textWatermark', 'ZoomBlur', 'seal']",0.800858199596405
mixeddoc_00237,-0.5790450610040114,2.333581339050623,-0.06649167059645428,docres_deshadow,"['seal', 'textWatermark', 'GlassBlur', 'shadow']",0.8012081384658813
mixeddoc_00238,-0.02726839927056801,0.060451695485589596,-0.009779511097461446,docres_deshadow,"['textWatermark', 'seal', 'DefocusBlur']",0.8240038752555847
mixeddoc_00239,-1.8102250214953344,4.885019872888565,-0.031180436289445668,docres_deshadow,"['textWatermark', 'seal', 'shadow']",0.8099884390830994
mixeddoc_00240,-0.37944820045089767,-1.417675070323388,-0.052268927295730155,classical_shadow_0.40,"['shadow', 'ImpulseNoise', 'GlassBlur', 'seal']",0.7747216820716858
mixeddoc_00241,-0.3416693179697532,1.341556240382694,-0.07547180209173787,docres_deshadow,"['seal', 'ZoomBlur', 'shadow', 'SpeckleNoise']",0.7856899499893188
mixeddoc_00242,-0.380833081099361,2.6337458928370943,-0.02083242689412171,docres_deshadow,"['textWatermark', 'shadow', 'GlassBlur']",0.8001870512962341
mixeddoc_00243,-0.46164276045131736,0.9817175796638011,-0.07194170746872039,docres_deshadow,"['ZoomBlur', 'seal', 'ShotNoise', 'shadow', 'textWatermark']",0.7417791485786438
mixeddoc_00244,-0.041439057977850524,1.4557376691982409,-0.030219096557878355,docres_input_blend_0.90,"['GaussianBlur', 'textWatermark', 'shadow', 'seal']",0.8192338943481445
mixeddoc_00245,-0.13825873236785569,0.7388716144127301,-0.009129389113941254,docres_deshadow,"['textWatermark', 'shadow']",0.80967116355896
mixeddoc_00246,-3.2224702575988893,5.664438519435851,-0.032085096174333416,docres_deshadow,"['textWatermark', 'shadow']",0.8015417456626892
mixeddoc_00247,-1.0250278374147364,2.828299098012966,-0.019866932488063233,docres_deshadow,"['shadow', 'GaussianNoise', 'textWatermark']",0.802129864692688
mixeddoc_00248,0.02567823446964468,-0.21994097268710888,-0.020992381136793026,classical_shadow_0.40,"['textWatermark', 'DefocusBlur', 'seal']",0.8174768090248108
mixeddoc_00249,-0.6358269671860661,2.559760593428102,-0.08044689975082736,docres_deshadow,"['shadow', 'ZoomBlur', 'textWatermark', 'seal']",0.8203682899475098
mixeddoc_00250,-0.8451642155866139,2.7014285925440547,-0.04377206563065261,docres_deshadow,"['textWatermark', 'SpeckleNoise', 'seal', 'shadow']",0.7627612352371216
mixeddoc_00251,-0.2926950419579306,1.5529290146303865,-0.007887130520466412,docres_deshadow,['textWatermark'],0.7974012494087219
mixeddoc_00252,-5.278910633884067,6.885603074672879,-0.029446706250731314,docres_deshadow,"['seal', 'shadow']",0.7957332134246826
mixeddoc_00253,-0.5722563662358944,1.4664025648321442,-0.028052409912276033,docres_deshadow,"['shadow', 'textWatermark']",0.8092663884162903
mixeddoc_00254,0.26692247708584915,0.8168729648802504,-0.026224166641406532,region_controller,"['textWatermark', 'seal', 'GaussianBlur']",0.7908595204353333
mixeddoc_00255,-0.3677205649762776,-0.9319886772767205,-0.03850634863194802,classical_shadow_0.40,"['textWatermark', 'DefocusBlur', 'shadow']",0.8221945762634277
mixeddoc_00256,0.8729262869754137,0.426545513215288,-0.017701993869182406,region_controller,['textWatermark'],0.805705726146698
mixeddoc_00257,0.013042275426705885,0.0057536260076780366,-0.004939222219398898,docres_input_blend_0.80,"['seal', 'textWatermark']",0.8024417161941528
mixeddoc_00258,-2.357495720514617,4.586717502559317,-0.0341693065550886,docres_deshadow,"['textWatermark', 'shadow', 'seal']",0.7972580194473267
mixeddoc_00259,-1.1608736671053137,4.003333590725083,-0.1513979139388676,docres_deshadow,"['seal', 'ZoomBlur', 'shadow', 'textWatermark']",0.8239322900772095
mixeddoc_00260,-0.636755859120921,1.9651122425011494,-0.01841492339558444,docres_deshadow,"['textWatermark', 'seal', 'shadow']",0.7996634840965271
mixeddoc_00261,-0.005629467403768018,0.39008271899324853,-0.020961509317611315,docres_input_blend_0.80,"['textWatermark', 'DefocusBlur', 'seal']",0.8133776783943176
mixeddoc_00262,-2.4271455468706904,5.055512437021978,-0.06491878996282807,docres_deshadow,"['textWatermark', 'shadow']",0.8056644201278687
mixeddoc_00263,-0.7866546930349259,3.5515538841227166,-0.1519846429122892,docres_deshadow,"['textWatermark', 'shadow', 'ZoomBlur']",0.8233532309532166
mixeddoc_00264,-3.554344658951056,6.258209581310526,-0.030169967020560295,docres_deshadow,"['seal', 'textWatermark', 'shadow']",0.8062007427215576
mixeddoc_00265,-0.20935909993730561,1.247988802403281,-0.02802552653518317,docres_deshadow,"['GlassBlur', 'shadow', 'textWatermark']",0.8003246784210205
mixeddoc_00266,0.012662906068136692,-0.14776012389382132,-0.0058142775770499075,classical_shadow_0.40,"['seal', 'textWatermark']",0.8038961291313171
mixeddoc_00267,-1.3307475946913279,3.6833619468485654,-0.038659066651894836,docres_deshadow,"['seal', 'shadow', 'SpeckleNoise']",0.7700485587120056
mixeddoc_00268,-0.37480766036398094,2.1230328809859564,-0.03844685732969144,docres_deshadow,"['MotionBlur', 'shadow', 'seal']",0.8056999444961548
mixeddoc_00269,-0.5567616489870453,3.779113426874275,-0.013535837206722731,docres_deshadow,"['shadow', 'seal']",0.8037808537483215
mixeddoc_00270,-0.09334575968720138,0.3895398580800684,-0.01549836702491543,docres_deshadow,"['textWatermark', 'GlassBlur', 'seal', 'shadow']",0.7984204888343811
mixeddoc_00271,-1.6221450198032823,3.769055437545477,-0.07980607137062451,docres_deshadow,"['shadow', 'SpeckleNoise', 'seal']",0.7633580565452576
mixeddoc_00272,-1.074619087193792,3.4842958163971076,-0.022127953317957028,docres_deshadow,"['seal', 'textWatermark', 'shadow']",0.7967981696128845
mixeddoc_00273,1.4613999112076144,4.315075707859849,-0.0793254556764566,region_controller,"['ZoomBlur', 'seal']",0.8428851962089539
mixeddoc_00274,-7.978678142134662,6.98930807152178,-0.040866931901902326,docres_deshadow,"['seal', 'shadow']",0.7978047728538513
mixeddoc_00275,0.05928347345767904,-0.09924258915035011,-0.05232772968702498,classical_shadow_0.40,"['seal', 'ZoomBlur', 'textWatermark']",0.8108204007148743
mixeddoc_00276,-0.21440999816224604,1.8771646968106737,-0.026701048018708068,docres_deshadow,"['shadow', 'textWatermark', 'GlassBlur', 'seal']",0.8045351505279541
mixeddoc_00277,-0.08383072290259719,0.6047849400478515,-0.028668475513159403,docres_deshadow,"['MotionBlur', 'shadow', 'textWatermark', 'seal']",0.796771228313446
mixeddoc_00278,-3.345912862548836,8.1396154824257,-0.0318732778461962,docres_deshadow,"['shadow', 'seal']",0.8219882249832153
mixeddoc_00279,-0.4770813341859217,2.5666483989694875,-0.05489541046610896,docres_deshadow,"['MotionBlur', 'shadow', 'textWatermark', 'seal']",0.804069995880127
mixeddoc_00280,-1.2266971335070789,0.45551329075385105,-0.05383224830726435,docres_deshadow,"['seal', 'GaussianNoise', 'shadow', 'textWatermark']",0.7899478077888489
mixeddoc_00281,0.11109537799043778,-0.04676850027008328,-0.011810010997217166,classical_shadow_0.40,"['textWatermark', 'seal', 'GlassBlur']",0.826352059841156
mixeddoc_00282,-0.5657423309403562,5.330249769737234,-0.028139132616574858,docres_deshadow,"['shadow', 'seal', 'textWatermark']",0.7979559898376465
mixeddoc_00283,0.19734369427377274,1.6057574938597767,-0.005433609446914081,region_controller,['seal'],0.8147684335708618
mixeddoc_00284,-0.8577277466091306,1.2679105672969726,-0.06550121010827986,docres_deshadow,"['GlassBlur', 'shadow', 'SpeckleNoise', 'seal']",0.7773104906082153
mixeddoc_00285,-0.17986257500387026,2.089145340944082,-0.007826832470054834,docres_deshadow,"['seal', 'shadow']",0.8058351874351501
mixeddoc_00286,-2.1521414809395587,4.026592123424619,-0.03201914930648597,docres_deshadow,"['shadow', 'GlassBlur', 'seal']",0.7978476881980896
mixeddoc_00287,-0.8762142577029692,2.1727788186290535,-0.04345592266215509,docres_deshadow,"['SpeckleNoise', 'shadow', 'textWatermark']",0.7780457735061646
mixeddoc_00288,-5.662289007900448,7.43592215761354,-0.013043744840331661,docres_deshadow,"['textWatermark', 'shadow']",0.7985631823539734
mixeddoc_00289,-2.670844836797375,4.330586227432658,-0.04001602144276506,docres_deshadow,"['shadow', 'seal']",0.8055144548416138
mixeddoc_00290,-0.36633654873520527,1.9032365803374773,-0.017125765603853677,docres_deshadow,"['seal', 'shadow', 'textWatermark']",0.805456817150116
mixeddoc_00291,-1.5012872685103673,6.71219206992086,-0.01142091773280006,docres_deshadow,"['shadow', 'seal']",0.8096538782119751
mixeddoc_00292,-0.3974756782350575,2.255266819707469,-0.05768617066201043,docres_deshadow,"['seal', 'shadow', 'textWatermark', 'MotionBlur']",0.807129979133606
mixeddoc_00293,1.1797843010428828,5.495027079439442,-0.03296203384141458,region_controller,"['seal', 'shadow']",0.8028355240821838
mixeddoc_00294,1.4534074031762394,1.1471519280507927,-0.020606983505859988,region_controller,"['shadow', 'textWatermark']",0.8107563853263855
mixeddoc_00295,-0.567230164955216,1.6957563784270366,-0.026016490081911675,docres_deshadow,"['textWatermark', 'seal', 'shadow']",0.8019270896911621
mixeddoc_00296,-2.6040823925408016,3.6038701748250723,-0.19822737274342084,docres_deshadow,"['shadow', 'textWatermark', 'seal']",0.8032655119895935
mixeddoc_00297,1.9693335064210942,2.4392834295024137,-0.0410866904361592,region_controller,"['textWatermark', 'shadow']",0.7983862161636353
mixeddoc_00298,-0.01787664489989993,1.7092472801540417,-0.04882085452540155,docres_input_blend_0.90,"['seal', 'textWatermark', 'shadow', 'DefocusBlur']",0.8120782375335693
mixeddoc_00299,0.09715022054038158,0.07091774218984526,-0.010355503369270158,docres_input_blend_0.80,"['textWatermark', 'seal']",0.7995570302009583
mixeddoc_00300,-5.074551768306971,6.431212280576304,-0.028699216193438626,docres_deshadow,"['seal', 'shadow']",0.8024198412895203
mixeddoc_00301,-0.35461214584668355,2.8295662313659307,-0.011754126920408212,docres_deshadow,"['shadow', 'textWatermark']",0.7897666692733765
mixeddoc_00302,-0.48522617616468366,1.9355313855972263,-0.025093857861449534,docres_deshadow,"['shadow', 'seal', 'textWatermark']",0.8004537224769592
mixeddoc_00303,-0.3231286256364818,0.18591362545435075,-0.06302256251231075,docres_deshadow,"['shadow', 'seal', 'DefocusBlur', 'textWatermark']",0.8076618313789368
mixeddoc_00304,-2.2570177197730565,6.290490710439393,-0.03698535133944969,docres_deshadow,"['shadow', 'DefocusBlur']",0.8128858208656311
mixeddoc_00305,-0.7412561500126085,2.0498998139792306,-0.040602346120712784,docres_deshadow,"['textWatermark', 'shadow']",0.7976692914962769
mixeddoc_00306,-0.13394811294459785,0.2710759598106307,-0.09016562214308782,docres_deshadow,"['textWatermark', 'shadow', 'ZoomBlur']",0.8210919499397278
mixeddoc_00307,-1.295399989460961,2.7354432060089575,-0.03209450487304599,docres_deshadow,"['shadow', 'seal', 'GaussianNoise']",0.780239999294281
mixeddoc_00308,-1.0501947421158349,3.6738495814059107,-0.01968920500999094,docres_deshadow,"['seal', 'textWatermark', 'shadow']",0.8026435375213623
mixeddoc_00309,0.1365767187442426,0.22050866432694605,-0.06283275737450386,region_controller,"['textWatermark', 'ZoomBlur', 'GaussianNoise', 'seal']",0.790533721446991
mixeddoc_00310,-1.5950863232214694,2.4746974242565276,-0.2078428400564012,docres_deshadow,"['DefocusBlur', 'shadow', 'GaussianNoise', 'seal']",0.7584163546562195
mixeddoc_00311,-0.0056101068740765925,0.008426881362652239,-0.007577859797919535,docres_input_blend_0.90,"['textWatermark', 'seal', 'DefocusBlur', 'shadow']",0.8020973205566406
mixeddoc_00312,-0.432259333230089,1.828867192390863,-0.016192938422390557,docres_deshadow,"['shadow', 'seal', 'textWatermark']",0.7969303131103516
mixeddoc_00313,-0.7098642227188883,3.0137493857032585,-0.03562171327967906,docres_deshadow,"['textWatermark', 'shadow', 'seal']",0.8022085428237915
mixeddoc_00314,-0.5251986984145258,1.6132131531467877,-0.05054438047760232,docres_deshadow,"['shadow', 'textWatermark', 'DefocusBlur']",0.8019121289253235
mixeddoc_00315,-0.12430132441292763,0.8066418950564724,-0.03042969356075806,docres_deshadow,"['GaussianBlur', 'textWatermark', 'shadow']",0.801819920539856
mixeddoc_00316,-0.3402685313970579,2.0216668234541064,-0.06727411248189424,docres_deshadow,"['MotionBlur', 'textWatermark', 'shadow']",0.8080392479896545
mixeddoc_00317,0.22488088846025533,-0.33307208080462836,-0.06344863094650577,classical_shadow_0.40,"['textWatermark', 'ZoomBlur', 'seal']",0.8052442669868469
mixeddoc_00318,-0.07000668404997867,0.15750880916129262,-0.005875849314048165,docres_deshadow,"['textWatermark', 'seal']",0.8201707601547241
mixeddoc_00319,-0.018348855313977452,-0.0012118857757492663,-0.010796148141831802,docres_input_blend_0.80,"['textWatermark', 'seal']",0.8050515055656433
mixeddoc_00320,-6.90856417821108,7.762247499790925,-0.022827155568809543,docres_deshadow,"['seal', 'shadow']",0.8025974631309509
mixeddoc_00321,-0.32924954722479427,1.1567811266679442,-0.013859858005308964,docres_deshadow,"['shadow', 'seal', 'textWatermark']",0.8002747297286987
mixeddoc_00322,-2.4801423226005603,5.007420979658603,-0.030366090753209507,docres_deshadow,"['seal', 'textWatermark', 'shadow']",0.7925364971160889
mixeddoc_00323,-0.30104474301018413,1.3176942906698539,-0.01788268613666083,docres_deshadow,"['seal', 'shadow', 'textWatermark']",0.8013262152671814
mixeddoc_00324,-0.915385919316364,2.943730019741494,-0.022186596034151906,docres_deshadow,"['GaussianBlur', 'textWatermark', 'shadow']",0.7981373071670532
mixeddoc_00325,-0.18571884925220772,0.877199001158866,-0.04088340086364531,docres_deshadow,"['ImpulseNoise', 'seal', 'GlassBlur', 'textWatermark']",0.7583805918693542
mixeddoc_00326,0.006477602916099556,0.17248199302752454,-0.008952692241755746,docres_input_blend_0.80,"['MotionBlur', 'seal']",0.8076092004776001
mixeddoc_00327,-0.21999941412054724,0.028090869443206046,-0.025831497028207653,docres_deshadow,"['textWatermark', 'shadow', 'seal']",0.7887126803398132
mixeddoc_00328,0.04867440318861682,-0.0060836451832066984,-0.009937102362000183,docres_input_blend_0.80,"['seal', 'DefocusBlur', 'textWatermark']",0.8084287047386169
mixeddoc_00329,0.05359082283940353,-0.21533896210479142,-0.00729312212197503,classical_shadow_0.40,"['textWatermark', 'seal']",0.7969748377799988
mixeddoc_00330,-0.14588399466878244,0.7673734565658457,-0.021334211647641182,docres_deshadow,"['textWatermark', 'MotionBlur', 'shadow', 'seal']",0.800109326839447
mixeddoc_00331,-1.4123831339938562,3.6630121704217586,-0.1539502539385536,docres_deshadow,"['shadow', 'textWatermark', 'GlassBlur']",0.8079432249069214
mixeddoc_00332,-3.3918222648893916,3.364622041733541,-0.022098573465021976,docres_deshadow,"['seal', 'textWatermark', 'GaussianNoise', 'shadow']",0.7464160323143005
mixeddoc_00333,-0.08721847467784016,0.7715622131259767,-0.04603557781295592,docres_input_blend_0.90,"['MotionBlur', 'shadow']",0.8011376857757568
mixeddoc_00334,-0.09946317890165446,0.7203755035819697,-0.018167937395398515,docres_deshadow,"['seal', 'shadow', 'textWatermark', 'GlassBlur']",0.7994320392608643
mixeddoc_00335,0.03874258219372351,2.3958203565714413,-0.02452052411596771,docres_input_blend_0.80,"['shadow', 'MotionBlur']",0.7802315354347229
mixeddoc_00336,-0.8316147424460123,3.00510856238985,-0.13467255997266053,docres_deshadow,"['textWatermark', 'ZoomBlur', 'seal', 'shadow']",0.8132602572441101
mixeddoc_00337,-0.13614947158783153,0.7501214443375801,-0.008754440910732679,docres_deshadow,"['textWatermark', 'shadow']",0.7938997149467468
mixeddoc_00338,-0.019599175451116224,-0.05313696115475963,-0.007175950781849374,classical_shadow_0.40,"['seal', 'textWatermark', 'shadow']",0.7987159490585327
mixeddoc_00339,-0.17914048668053262,0.5708246602940363,-0.019603441834823904,docres_deshadow,"['seal', 'textWatermark', 'GlassBlur', 'shadow']",0.7945173382759094
mixeddoc_00340,-0.042067222233285406,0.6092352510182746,-0.07066652344187457,docres_input_blend_0.90,"['ZoomBlur', 'textWatermark', 'shadow']",0.8149853944778442
mixeddoc_00341,-2.0398631628986337,2.9210494474934308,-0.0337823836845938,docres_deshadow,"['shadow', 'seal', 'textWatermark']",0.790986955165863
mixeddoc_00342,-2.8193278133487105,5.386359341519656,-0.03686390363057457,docres_deshadow,"['shadow', 'seal']",0.8048550486564636
mixeddoc_00343,-0.20107364627405744,1.2276907186114343,-0.08004734409137304,docres_deshadow,"['shadow', 'ZoomBlur', 'seal', 'textWatermark']",0.8159559369087219
mixeddoc_00344,-3.2719568201403533,5.570202904731998,-0.03586336299876569,docres_deshadow,"['shadow', 'GaussianBlur', 'textWatermark']",0.79975825548172
mixeddoc_00345,-1.1012211219755095,3.991693034397395,-0.12931508386005464,docres_deshadow,"['MotionBlur', 'seal', 'shadow']",0.8148241639137268
mixeddoc_00346,-0.08334171589993744,0.0779905805145269,-0.005458919592606533,docres_deshadow,['textWatermark'],0.8084844350814819
mixeddoc_00347,-0.7689142503594617,2.6616896491327573,-0.18380794095687258,docres_deshadow,"['textWatermark', 'shadow']",0.8185544610023499
mixeddoc_00348,-1.1269858911880046,2.33842843055559,-0.04500542702000587,docres_deshadow,"['shadow', 'GaussianNoise', 'textWatermark']",0.7799144387245178
mixeddoc_00349,-1.3771736191828907,2.4259703092107436,-0.06419762189324318,docres_deshadow,"['seal', 'shadow', 'textWatermark', 'GaussianNoise']",0.794266939163208
mixeddoc_00350,0.07546234498297366,0.10832983607532043,-0.011009568882812737,docres_input_blend_0.80,"['textWatermark', 'seal', 'shadow']",0.8095516562461853
mixeddoc_00351,0.8374686116018726,-0.26024148787569423,-0.07713034671915037,classical_shadow_0.40,"['seal', 'textWatermark', 'ZoomBlur']",0.8038792014122009
mixeddoc_00352,-0.3656564296002749,0.9112285040658108,-0.02948370042174503,docres_deshadow,"['textWatermark', 'GaussianNoise', 'shadow']",0.7949448227882385
mixeddoc_00353,0.7857979445227024,3.000928946393433,-0.020209482107180377,region_controller,"['seal', 'textWatermark', 'shadow']",0.811324417591095
mixeddoc_00354,-0.01713822297177714,0.24167114673991108,-0.005702016271989078,docres_input_blend_0.80,['seal'],0.8121650815010071
mixeddoc_00355,-0.22120117358828395,0.8172756715659766,-0.01989019611094424,docres_deshadow,"['textWatermark', 'seal', 'GaussianNoise']",0.7985020279884338
mixeddoc_00356,-10.768163950584686,9.604332135429335,-0.013937417099320809,docres_deshadow,['shadow'],0.8064785003662109
mixeddoc_00357,0.06969528427050875,0.13372110688244732,-0.007539467466306824,docres_input_blend_0.80,"['shadow', 'textWatermark']",0.8033143877983093
mixeddoc_00358,-1.0961477879610282,1.5431487577614966,-0.09337216407944965,docres_deshadow,"['SpeckleNoise', 'textWatermark', 'shadow', 'seal']",0.7626084685325623
mixeddoc_00359,-0.21579469145279617,1.5193710830727518,-0.015145889948358207,docres_input_blend_0.90,"['shadow', 'textWatermark']",0.7982985973358154
mixeddoc_00360,-0.7277700817994237,2.0620812213301356,-0.011905128957679936,docres_deshadow,"['seal', 'textWatermark', 'shadow']",0.8082780838012695
mixeddoc_00361,-0.033627880353616746,0.608343881991015,-0.027478487015411918,docres_deshadow,"['textWatermark', 'seal', 'GaussianBlur']",0.8163589239120483
mixeddoc_00362,-0.9286262925860918,1.5918488675259326,-0.06961650817387244,docres_deshadow,"['textWatermark', 'shadow', 'MotionBlur', 'GaussianNoise']",0.7950937747955322
mixeddoc_00363,-0.368900736588774,0.7820247585935469,-0.051640152669191114,docres_deshadow,"['shadow', 'seal', 'SpeckleNoise', 'textWatermark']",0.7603130340576172
mixeddoc_00364,-0.5493906156842527,1.387221909440985,-0.023721787191521862,docres_deshadow,"['seal', 'textWatermark', 'shadow']",0.803630530834198
mixeddoc_00365,-1.7043635789235356,3.9415977532949746,-0.17209168046574552,docres_deshadow,"['shadow', 'ZoomBlur', 'textWatermark']",0.8121570944786072
mixeddoc_00366,-1.3512585400751078,4.996640631043764,-0.012701198350416804,docres_deshadow,"['shadow', 'textWatermark', 'seal']",0.8063521385192871
mixeddoc_00367,-0.010592691638322549,0.7884904764655332,-0.10228924427355929,docres_input_blend_0.80,"['textWatermark', 'shadow']",0.8123265504837036
mixeddoc_00368,-0.29962358447370363,1.1383477044423262,-0.05377018164242153,docres_deshadow,"['DefocusBlur', 'seal', 'GaussianNoise', 'shadow']",0.8019130229949951
mixeddoc_00369,-2.2581808235931273,1.350500658128622,-0.08156642560762661,docres_deshadow,"['shadow', 'seal', 'textWatermark']",0.7970162630081177
mixeddoc_00370,-0.3845080965471368,7.914040472744674,-0.01322932531440324,docres_deshadow,"['shadow', 'seal']",0.8390964269638062
mixeddoc_00371,-3.7621554589548403,7.299144735889948,-0.04006250612313511,docres_deshadow,"['shadow', 'seal']",0.8030686974525452
mixeddoc_00372,-0.0414985437751163,0.5888236786305256,-0.006486312486465754,docres_input_blend_0.80,"['seal', 'GaussianBlur', 'textWatermark']",0.8038497567176819
mixeddoc_00373,-1.920660885479979,3.673484993478752,-0.03799560180477435,docres_deshadow,"['seal', 'SpeckleNoise', 'GlassBlur', 'shadow']",0.801011860370636
mixeddoc_00374,-0.2710891982741117,1.2716269450234527,-0.026879934886913176,docres_deshadow,"['seal', 'GaussianNoise', 'textWatermark']",0.7829838395118713
mixeddoc_00375,0.10641555778023104,-0.012356811960422931,-0.029005825142019104,docres_input_blend_0.80,"['DefocusBlur', 'textWatermark', 'seal']",0.8119468688964844
mixeddoc_00376,-0.7345751187115397,3.9632629279222016,-0.020595183195646835,docres_deshadow,"['shadow', 'seal']",0.7971444725990295
mixeddoc_00377,-0.3218117412541126,5.7526036762504305,-0.03951922772918387,docres_input_blend_0.90,"['seal', 'shadow']",0.8079210519790649
mixeddoc_00378,-0.3139475620598109,1.7041055969937169,-0.03791166263149784,docres_deshadow,"['textWatermark', 'DefocusBlur', 'shadow']",0.7981369495391846
mixeddoc_00379,-0.10979024977939389,0.08990778514123932,-0.006173489829278223,docres_deshadow,"['textWatermark', 'seal']",0.8055082559585571
mixeddoc_00380,0.06538581799802756,-0.34797891299368544,-0.004572427722575476,classical_shadow_0.40,['textWatermark'],0.8118103742599487
mixeddoc_00381,-0.8147174093767084,2.5004478878655316,-0.07202832444659102,docres_deshadow,"['ImpulseNoise', 'seal', 'shadow']",0.7330714464187622
mixeddoc_00382,-0.6563842137865255,1.0049327502596928,-0.08840901368115822,docres_deshadow,"['shadow', 'seal', 'GaussianNoise', 'textWatermark']",0.7772358059883118
mixeddoc_00383,-0.5379295872672749,0.5494941855513673,-0.04989243719370495,docres_deshadow,"['shadow', 'seal', 'ImpulseNoise', 'MotionBlur', 'textWatermark']",0.7826955914497375
mixeddoc_00384,-0.7667308562635515,2.1540944533442996,-0.055057911952155925,docres_deshadow,"['seal', 'shadow', 'textWatermark', 'ImpulseNoise']",0.7594721913337708
mixeddoc_00385,0.024619486619780417,2.0328927365285843,-0.04817039138727863,docres_input_blend_0.90,"['textWatermark', 'shadow', 'DefocusBlur']",0.8260774612426758
mixeddoc_00386,0.08553430475716794,-0.18872427142062875,-0.01081674628162698,classical_shadow_0.40,"['textWatermark', 'seal', 'MotionBlur']",0.7997863292694092
mixeddoc_00387,-0.274828125886728,1.5801836808189051,-0.017497388268094244,docres_deshadow,"['GaussianBlur', 'seal', 'textWatermark', 'shadow']",0.804955244064331
mixeddoc_00388,0.0037999027621964387,-0.5466039100026414,-0.01651837999459159,classical_shadow_0.40,"['ZoomBlur', 'textWatermark', 'seal']",0.8104826807975769
mixeddoc_00389,-1.6502084326549884,4.145510865276123,-0.0588413319133797,docres_deshadow,"['textWatermark', 'shadow', 'GaussianBlur']",0.8179453015327454
mixeddoc_00390,0.42591277175220377,1.8490034753582592,-0.11088483960372153,region_controller,"['GaussianNoise', 'seal', 'ZoomBlur', 'shadow']",0.8431811928749084
mixeddoc_00391,0.06507812162508841,0.7025175873020864,-0.012657967583780197,docres_input_blend_0.80,"['textWatermark', 'shadow', 'GlassBlur']",0.7926957607269287
mixeddoc_00392,0.14283464841463456,0.4959111435988497,-0.021149748071697727,docres_input_blend_0.80,"['seal', 'textWatermark', 'MotionBlur']",0.8132545351982117
mixeddoc_00393,0.18873979630819804,6.044886727273148,-0.030189051613689427,region_controller,"['shadow', 'textWatermark', 'seal']",0.8082961440086365
mixeddoc_00394,-0.1543702461782388,2.807141113247134,-0.025215265004750437,docres_input_blend_0.90,"['seal', 'textWatermark', 'shadow', 'GlassBlur']",0.8092401027679443
mixeddoc_00395,-0.7096936679383354,1.4814665723034235,-0.05116703340150505,docres_deshadow,"['shadow', 'seal', 'textWatermark']",0.7882619500160217
mixeddoc_00396,0.8930455356000948,-0.7944573379956879,-0.038262221839008737,classical_shadow_0.40,"['seal', 'textWatermark', 'DefocusBlur']",0.8225476741790771
mixeddoc_00397,-0.5164062693054667,1.8545925666901422,-0.03208441490837333,docres_deshadow,"['shadow', 'seal', 'textWatermark']",0.7969216108322144
mixeddoc_00398,-0.44860222789302995,3.1078448258757128,-0.02688061221762511,docres_deshadow,"['seal', 'shadow', 'textWatermark']",0.8042958974838257
mixeddoc_00399,-0.7035727870302644,3.1460677158025714,-0.05274620136886454,docres_deshadow,"['textWatermark', 'shadow']",0.7961118817329407
mixeddoc_00400,0.09338953869766797,3.5144773519741257,-0.022890322332969018,docres_input_blend_0.80,"['seal', 'shadow', 'textWatermark']",0.7926269173622131
mixeddoc_00401,-0.13885447560574526,1.2780457513297652,-0.04235214841306781,docres_deshadow,"['SpeckleNoise', 'textWatermark', 'seal']",0.7674577832221985
mixeddoc_00402,-3.129126662161436,6.6257842934469835,-0.02863161450820667,docres_deshadow,"['shadow', 'seal']",0.8050397634506226
mixeddoc_00403,-0.3613477577903481,1.4619634924166647,-0.01990179156338201,docres_deshadow,"['seal', 'shadow', 'textWatermark']",0.796699047088623
mixeddoc_00404,-2.1413731439238752,6.934998590332583,-0.032050259518713736,docres_deshadow,"['seal', 'shadow']",0.815336287021637
mixeddoc_00405,0.780962855972863,0.2713158268707403,-0.04286962887795348,region_controller,"['textWatermark', 'seal', 'DefocusBlur']",0.814810037612915
mixeddoc_00406,-1.0171178731534845,2.444937512000287,-0.07192676482472637,docres_deshadow,"['SpeckleNoise', 'textWatermark', 'seal', 'shadow']",0.7709051370620728
mixeddoc_00407,-2.1950650116884187,3.5955360587336287,-0.03713731815430743,docres_deshadow,"['shadow', 'textWatermark', 'GlassBlur', 'seal']",0.8020604848861694
mixeddoc_00408,0.6903781240836508,-0.518844914226019,-0.029764044656484523,classical_shadow_0.40,"['DefocusBlur', 'textWatermark', 'seal']",0.8107306361198425
mixeddoc_00409,-0.2367057750230117,3.9010150404288453,-0.022971609988838126,docres_input_blend_0.90,"['shadow', 'textWatermark']",0.8093674182891846
mixeddoc_00410,0.49889837275976134,1.3107865560568648,-0.037127091984980265,docres_input_blend_0.80,"['DefocusBlur', 'seal', 'textWatermark']",0.821380078792572
mixeddoc_00411,-0.02120998710650923,0.9307779609992686,-0.004228751234822692,docres_input_blend_0.80,"['seal', 'textWatermark']",0.8076474666595459
mixeddoc_00412,0.12053749718018913,1.6316706697853771,-0.13357210292970217,docres_input_blend_0.80,"['seal', 'ZoomBlur', 'SpeckleNoise', 'shadow', 'textWatermark']",0.7838867902755737
mixeddoc_00413,-0.18119953555684631,1.7899341902698467,-0.019511019839557303,docres_deshadow,"['textWatermark', 'GaussianNoise', 'seal']",0.7908743619918823
mixeddoc_00414,-0.6196354746916892,2.528118187274819,-0.0554455085513198,docres_deshadow,"['ShotNoise', 'seal']",0.7508887052536011
mixeddoc_00415,-0.27826132556766936,3.412445180069117,-0.05782901543833813,docres_deshadow,"['seal', 'ShotNoise']",0.7556403875350952
mixeddoc_00416,-0.935587804217004,3.4324866546027586,-0.0420571801901623,docres_deshadow,"['seal', 'shadow', 'textWatermark']",0.7998055219650269
mixeddoc_00417,-1.0090420891738319,5.892235353516618,-0.027834524843319775,docres_deshadow,"['shadow', 'seal']",0.8052247762680054
mixeddoc_00418,-2.1822572528421027,4.7665574780561375,-0.028326506890300363,docres_deshadow,"['textWatermark', 'shadow']",0.8057352304458618
mixeddoc_00419,-1.7755318015079666,5.744518871289209,-0.040322080984162345,docres_deshadow,"['GaussianBlur', 'textWatermark', 'shadow']",0.7980032563209534
mixeddoc_00420,-0.41871717474655945,2.345944491799612,-0.059175059992800705,docres_deshadow,"['GaussianBlur', 'textWatermark', 'shadow', 'seal']",0.8204006552696228
mixeddoc_00421,-4.483143250495935,7.0895799481812425,-0.02044192493377872,docres_deshadow,"['seal', 'GaussianBlur', 'shadow']",0.8089377284049988
mixeddoc_00422,-2.2355340273510187,4.444552288892977,-0.03483388895419259,docres_deshadow,"['shadow', 'seal', 'textWatermark']",0.787513256072998
mixeddoc_00423,-0.6919646279814717,2.1297643461490257,-0.07970326512881559,docres_deshadow,"['ShotNoise', 'seal', 'textWatermark', 'shadow']",0.7274889945983887
mixeddoc_00424,-3.28357733950957,5.322282648361693,-0.03224857500726802,docres_deshadow,"['shadow', 'textWatermark']",0.7912325859069824
mixeddoc_00425,-3.03284509970128,6.5532175217216775,-0.03024847026778016,docres_deshadow,"['seal', 'shadow']",0.8116611838340759
mixeddoc_00426,-0.5390888709874346,2.7689470074707394,-0.04440551319347663,docres_deshadow,"['shadow', 'GlassBlur', 'textWatermark']",0.795362114906311
mixeddoc_00427,-1.389909943984538,2.9443827062732204,-0.044389993309496,docres_deshadow,"['shadow', 'textWatermark', 'seal']",0.7892694473266602
mixeddoc_00428,-0.5344602854936671,2.3526630757202067,-0.03996859482076673,docres_deshadow,"['shadow', 'seal', 'ImpulseNoise']",0.7571495771408081
mixeddoc_00429,0.1331438992488856,0.9207197739231034,-0.016805724092052485,region_controller,"['textWatermark', 'seal', 'MotionBlur']",0.8069881200790405
mixeddoc_00430,-0.34629477586563695,1.479136339881478,-0.02723443195703787,docres_deshadow,"['textWatermark', 'seal', 'shadow']",0.8049669861793518
mixeddoc_00431,-0.2276951942540908,1.0440125586560143,-0.043866693443005256,docres_deshadow,"['shadow', 'DefocusBlur', 'ImpulseNoise', 'seal', 'textWatermark']",0.7467939853668213
mixeddoc_00432,-0.7337699712562866,1.7847089671828975,-0.040549598500363215,docres_deshadow,"['GaussianNoise', 'GaussianBlur', 'shadow', 'textWatermark']",0.8123440146446228
mixeddoc_00433,0.018803672566050977,0.38583221706779725,-0.02556313659324544,docres_input_blend_0.80,"['seal', 'textWatermark', 'shadow']",0.7910745739936829
mixeddoc_00434,-2.0357366639174224,4.649037543373215,-0.03979347376046022,docres_deshadow,"['seal', 'textWatermark', 'shadow']",0.8062145113945007
mixeddoc_00435,-0.7306163127803593,8.584012917864799,-0.03501744825921965,docres_input_blend_0.90,"['textWatermark', 'shadow']",0.808243989944458
mixeddoc_00436,0.3553183608424071,2.4531967860889807,-0.054218246999656855,region_controller,"['GaussianNoise', 'seal', 'textWatermark']",0.7579975724220276
mixeddoc_00437,-0.009186178463380656,0.06447235910423998,-0.014031937028924447,docres_input_blend_0.80,"['MotionBlur', 'seal', 'shadow']",0.8070478439331055
mixeddoc_00438,-0.7342165631208246,2.4938333567880306,-0.03971894870684489,docres_deshadow,"['MotionBlur', 'shadow', 'textWatermark', 'seal']",0.8102107048034668
mixeddoc_00439,-0.04172043137485559,2.4778476550925763,-0.05885373685232065,docres_input_blend_0.90,"['ZoomBlur', 'shadow', 'textWatermark']",0.8104771375656128
mixeddoc_00440,-0.31299381463055553,2.0271760810833896,-0.01025620120657926,docres_deshadow,"['seal', 'textWatermark', 'shadow']",0.7962252497673035
mixeddoc_00441,0.33833132431026414,6.575757275590593,-0.03148885853376815,docres_input_blend_0.80,"['shadow', 'seal', 'textWatermark']",0.8058953285217285
mixeddoc_00442,-0.5631446593420044,2.297689389478956,-0.05245477378238045,docres_deshadow,"['ImpulseNoise', 'textWatermark', 'shadow']",0.7468156218528748
mixeddoc_00443,-1.2378505262568353,4.087813252609454,-0.06159746812446126,docres_deshadow,"['shadow', 'seal', 'DefocusBlur']",0.8116810917854309
mixeddoc_00444,-3.830317366055933,5.197061714826567,-0.02474035141232045,docres_deshadow,"['shadow', 'seal']",0.794223427772522
mixeddoc_00445,-5.828862801899103,7.139804075771501,-0.008040186295609875,docres_deshadow,"['seal', 'textWatermark', 'shadow']",0.7972145080566406
mixeddoc_00446,-7.477235403732898,7.55937851950074,-0.02844935077054611,docres_deshadow,"['GaussianBlur', 'seal', 'shadow']",0.8107128739356995
mixeddoc_00447,-0.419409260869692,1.9878309020689588,-0.039715145964240334,docres_deshadow,"['textWatermark', 'SpeckleNoise', 'seal']",0.7548749446868896
mixeddoc_00448,-0.6850340461377442,3.7409093740127304,-0.013228926341502259,docres_deshadow,"['shadow', 'textWatermark']",0.8015474081039429
mixeddoc_00449,-0.7607337781440471,2.0281874530791857,-0.0705297622974998,docres_deshadow,"['shadow', 'textWatermark', 'DefocusBlur']",0.8079620003700256
mixeddoc_00450,-4.357135672296316,8.367264446047734,-0.028670557627179877,docres_deshadow,"['seal', 'shadow']",0.8058434724807739
mixeddoc_00451,-0.35698257132475675,1.022595405361173,-0.031464123814769845,docres_deshadow,"['seal', 'GaussianNoise', 'textWatermark']",0.7895283102989197
mixeddoc_00452,-0.40033712783865383,1.78369764015655,-0.034184509138346086,docres_deshadow,"['seal', 'SpeckleNoise', 'textWatermark']",0.7743030786514282
mixeddoc_00453,-0.9494864793015942,2.442713909283622,-0.047666821948013444,docres_deshadow,"['shadow', 'seal', 'SpeckleNoise']",0.7685788869857788
mixeddoc_00454,-1.2642039887560017,3.4299698089093162,-0.022912497316287153,docres_deshadow,"['seal', 'shadow']",0.7982686758041382
mixeddoc_00455,-0.5567843426986947,2.8522676378147622,-0.022519177657472106,docres_deshadow,"['shadow', 'textWatermark', 'seal']",0.8008860349655151
mixeddoc_00456,0.026396309902576576,1.076917237124288,-0.017505536644084177,docres_input_blend_0.80,['textWatermark'],0.8062720894813538
mixeddoc_00457,0.4013871612902129,3.151736790566048,-0.016329805873313286,region_controller,"['GaussianBlur', 'textWatermark', 'seal']",0.8174285292625427
mixeddoc_00458,-0.9552982688054215,0.5175408867367821,-0.07991789309290798,docres_deshadow,"['shadow', 'textWatermark', 'ShotNoise']",0.7525020241737366
mixeddoc_00459,-0.8738534851094784,2.592332939036112,-0.04341494354442238,docres_deshadow,"['GlassBlur', 'SpeckleNoise', 'shadow', 'seal']",0.7930914759635925
mixeddoc_00460,0.13140560039484228,2.5625576265217873,-0.011882062144993141,region_controller,['textWatermark'],0.8017386794090271
mixeddoc_00461,0.003828144731965466,4.841230097426573,-0.03526311378834218,docres_input_blend_0.80,"['SpeckleNoise', 'shadow']",0.7772684097290039
mixeddoc_00462,1.263818560113716,5.151585861435883,-0.03344376324600373,docres_input_blend_0.80,"['textWatermark', 'shadow']",0.8489240407943726
mixeddoc_00463,-1.029755472530404,3.5650350080544335,-0.009647163671417977,docres_deshadow,"['seal', 'shadow']",0.8176547288894653
mixeddoc_00464,-0.8362140356062575,2.1097654614856562,-0.11231291326027976,docres_deshadow,"['shadow', 'ZoomBlur', 'seal', 'textWatermark']",0.8242942094802856
mixeddoc_00465,-1.0180247993113376,1.129356765166058,-0.07341254670977507,docres_deshadow,"['seal', 'ShotNoise', 'shadow', 'textWatermark']",0.7565759420394897
mixeddoc_00466,-2.951722290736992,6.0401533487235675,-0.21225124704889897,docres_deshadow,"['textWatermark', 'ZoomBlur', 'shadow']",0.822676956653595
mixeddoc_00467,0.1766763720706379,5.636274464043925,-0.013362221664216398,docres_input_blend_0.80,"['GaussianBlur', 'textWatermark', 'seal']",0.8301325440406799
mixeddoc_00468,-1.226796715134796,2.4582030872502774,-0.04988622968082351,docres_deshadow,"['shadow', 'seal', 'textWatermark']",0.7960577011108398
mixeddoc_00469,-0.3797907219568373,2.238827003535768,-0.036504853444759816,docres_deshadow,"['seal', 'MotionBlur', 'shadow', 'textWatermark']",0.7973355054855347
mixeddoc_00470,-0.10004995293675911,0.2523506446054533,-0.041961574483444786,docres_deshadow,"['GaussianBlur', 'textWatermark', 'ShotNoise', 'shadow']",0.7513831853866577
mixeddoc_00471,-0.05479432271676288,0.3527064607865569,-0.006983289729194993,docres_deshadow,"['seal', 'GlassBlur', 'textWatermark']",0.8032019734382629
mixeddoc_00472,-1.1795931427631174,3.555421545156232,-0.01998716450191701,docres_deshadow,"['shadow', 'textWatermark']",0.8153501152992249
mixeddoc_00473,-0.6355565548352562,0.7019275882957601,-0.07110425394917883,docres_deshadow,"['DefocusBlur', 'shadow', 'ShotNoise', 'seal']",0.746847927570343
mixeddoc_00474,-0.3182500173249103,2.322416851382801,-0.043884873955410436,docres_input_blend_0.90,"['seal', 'shadow', 'textWatermark']",0.7845875024795532
mixeddoc_00475,-0.48910269969333875,0.04707338214417334,-0.04531143814162808,docres_deshadow,"['shadow', 'GlassBlur', 'textWatermark', 'seal']",0.8057979345321655
mixeddoc_00476,-1.8376544560007506,4.1029048764104346,-0.04702062560087361,docres_deshadow,"['ZoomBlur', 'textWatermark', 'SpeckleNoise', 'seal', 'shadow']",0.7749859094619751
mixeddoc_00477,-6.3502172510380746,7.36026222756146,-0.25206755726850955,docres_deshadow,"['shadow', 'GlassBlur']",0.816797137260437
mixeddoc_00478,-0.6684630742878745,1.4284180260389245,-0.06341132794124688,docres_deshadow,"['shadow', 'GaussianNoise', 'textWatermark']",0.7710279822349548
mixeddoc_00479,0.39661641172843076,5.765095407373288,-0.01686173064759077,region_controller,"['textWatermark', 'seal']",0.8022556900978088
mixeddoc_00480,-2.0423307431686943,5.792247014949037,-0.06535528284285935,docres_deshadow,"['shadow', 'seal', 'DefocusBlur', 'textWatermark']",0.8232781291007996
mixeddoc_00481,-0.10788585372363713,0.772674302619734,-0.02372430820395849,docres_deshadow,"['shadow', 'textWatermark', 'MotionBlur']",0.8140494227409363
mixeddoc_00482,0.874179808668611,2.0371921853096,-0.01611809633608756,region_controller,"['seal', 'textWatermark']",0.7799877524375916
mixeddoc_00483,-0.4762734220661855,1.5004493958774532,-0.04564028205331272,docres_deshadow,"['seal', 'textWatermark', 'shadow', 'MotionBlur']",0.7786514163017273
mixeddoc_00484,0.0976204199213413,2.9451899645518864,-0.00513538834196153,docres_input_blend_0.80,"['seal', 'textWatermark']",0.7855936288833618
mixeddoc_00485,-0.647008591605811,2.1209750877314804,-0.02280182894008756,docres_deshadow,"['shadow', 'textWatermark', 'ImpulseNoise']",0.7753838896751404
mixeddoc_00486,-0.2458783698743261,0.8014307191004058,-0.026595814725184935,docres_deshadow,"['seal', 'textWatermark', 'GaussianBlur', 'shadow']",0.783463716506958
mixeddoc_00487,-0.03645275796015568,0.15092130932222858,-0.027801979765380985,docres_deshadow,"['seal', 'ZoomBlur', 'shadow']",0.782791018486023
mixeddoc_00488,-10.332066929923322,7.454719609957202,-0.04877690610328783,docres_deshadow,"['shadow', 'seal']",0.7836471199989319
mixeddoc_00489,-0.6688319061314765,1.7482858880982626,-0.037086372598645556,docres_deshadow,"['seal', 'shadow', 'ImpulseNoise', 'textWatermark']",0.7543004751205444
mixeddoc_00490,-1.6154285455533053,3.734534280767674,-0.07024694502698103,docres_deshadow,"['shadow', 'seal', 'textWatermark']",0.7789465188980103
mixeddoc_00491,-1.4770779327281218,3.488409198264515,-0.06764886604946807,docres_deshadow,"['GlassBlur', 'textWatermark', 'seal', 'shadow']",0.7828159332275391
mixeddoc_00492,0.05953305570747247,0.3096770650638767,-0.01994238760343378,region_controller,"['shadow', 'MotionBlur', 'textWatermark', 'seal']",0.791025698184967
mixeddoc_00493,1.0749108748624963,4.090808797261488,-0.02071172928541884,region_controller,['textWatermark'],0.7853718400001526
mixeddoc_00494,-0.22001286881735993,0.9464582669065322,-0.023205599453711395,docres_deshadow,"['GlassBlur', 'textWatermark', 'shadow']",0.783791184425354
mixeddoc_00495,-0.4007138533307497,1.561028046518011,-0.03484232216755925,docres_deshadow,"['ImpulseNoise', 'textWatermark', 'seal']",0.756779134273529
mixeddoc_00496,-0.06047347928761049,0.5089822940517301,-0.02027282775756828,docres_deshadow,"['shadow', 'MotionBlur', 'seal', 'textWatermark']",0.7664241194725037
mixeddoc_00497,0.5296772782121124,2.8106798769799575,-0.055666054112290225,docres_input_blend_0.80,"['shadow', 'textWatermark', 'seal']",0.7799453139305115
mixeddoc_00498,-0.6251640729850436,0.08071275990220173,-0.04418785024995886,docres_deshadow,"['textWatermark', 'ImpulseNoise', 'shadow', 'seal']",0.7556632161140442
mixeddoc_00499,-1.698459815883556,3.716058936759847,-0.031284009573529614,docres_deshadow,"['seal', 'textWatermark', 'shadow']",0.7778968214988708
mixeddoc_00500,0.04281904452113139,0.28697794651823116,-0.004880389385697358,docres_input_blend_0.80,"['seal', 'textWatermark']",0.7998807430267334
mixeddoc_00501,-1.2446532194773532,2.0901504040278702,-0.021669044357690986,docres_deshadow,"['shadow', 'seal']",0.7883628606796265
mixeddoc_00502,0.1925894166065092,-0.1808824135628253,-0.016350246062897172,classical_shadow_0.40,"['shadow', 'textWatermark', 'GaussianBlur']",0.7832499146461487
mixeddoc_00503,-5.85520753585309,6.412330371158916,-0.01767248320534126,docres_deshadow,"['shadow', 'seal']",0.7859272956848145
mixeddoc_00504,-3.063963966129581,4.900631477141298,-0.027998191487190183,docres_deshadow,"['shadow', 'textWatermark']",0.7761440277099609
mixeddoc_00505,-0.6541306407885621,1.0920240967476644,-0.04359729717612032,docres_deshadow,"['shadow', 'DefocusBlur', 'SpeckleNoise', 'textWatermark', 'seal']",0.7774511575698853
mixeddoc_00506,1.7443114566482407,-0.9946460307215759,-0.01678952581215279,classical_shadow_0.40,"['textWatermark', 'seal']",0.7860153913497925
mixeddoc_00507,-0.08552259593979272,0.48712776217998766,-0.0048752933715568575,docres_deshadow,"['textWatermark', 'seal']",0.7990502119064331
mixeddoc_00508,-0.4500427475817155,2.3670866581855154,-0.04283807696707298,docres_deshadow,"['ZoomBlur', 'seal', 'shadow']",0.8053364157676697
mixeddoc_00509,-0.1848410831492906,0.8259688416454019,-0.009856525704516145,docres_deshadow,"['GlassBlur', 'shadow', 'seal', 'textWatermark']",0.7867332696914673
mixeddoc_00510,-0.757064957241127,3.1806721099003923,-0.04103794016911422,docres_deshadow,"['textWatermark', 'shadow', 'seal']",0.7780629396438599
mixeddoc_00511,0.4565573023529943,8.747923551743607,-0.013306392402248415,docres_input_blend_0.80,"['seal', 'shadow']",0.788658618927002
mixeddoc_00512,0.060197828816715315,0.08584509622316716,-0.007069267434132255,docres_input_blend_0.80,"['GaussianBlur', 'seal', 'textWatermark']",0.7832924127578735
mixeddoc_00513,-1.0362290304870747,2.8380680823053055,-0.021019632702023797,docres_deshadow,"['shadow', 'textWatermark', 'seal']",0.777763843536377
mixeddoc_00514,-0.9177486079360548,2.085258658061438,-0.03950216320285871,docres_deshadow,"['ImpulseNoise', 'shadow', 'textWatermark']",0.7752164006233215
mixeddoc_00515,-0.4629415584934726,2.1407436782283433,-0.010790294623175385,docres_deshadow,"['textWatermark', 'shadow']",0.7802351117134094
mixeddoc_00516,-0.9069894576021262,1.085568935725302,-0.04348090205224048,docres_deshadow,"['shadow', 'ShotNoise', 'seal']",0.7633854150772095
mixeddoc_00517,-1.5211339443894545,6.325098896038032,-0.023530559039567245,docres_deshadow,"['shadow', 'GaussianNoise', 'seal']",0.794810950756073
mixeddoc_00518,-6.14407457411966,6.739003547439614,-0.04332812972616662,docres_deshadow,"['textWatermark', 'shadow']",0.7838988900184631
mixeddoc_00519,0.9510730917166867,0.8129363125619591,-0.008267774539468593,region_controller,"['shadow', 'seal']",0.7912027835845947
mixeddoc_00520,-0.5423208551301997,1.031510881049293,-0.025346647828083615,docres_deshadow,"['seal', 'GaussianNoise', 'textWatermark', 'shadow']",0.7769929766654968
mixeddoc_00521,-0.9433810685749631,1.0476669623808412,-0.08056771068810359,docres_deshadow,"['textWatermark', 'shadow', 'GlassBlur', 'SpeckleNoise']",0.783452033996582
mixeddoc_00522,-0.7532938926808548,2.941254576049854,-0.01900279963511181,docres_deshadow,"['shadow', 'GlassBlur', 'seal']",0.7901387810707092
mixeddoc_00523,-0.2793076567725947,1.0247273300288775,-0.03690888765940023,docres_deshadow,"['textWatermark', 'seal', 'MotionBlur', 'shadow']",0.7835568189620972
mixeddoc_00524,-0.5007789386892529,1.0982504696717896,-0.04107156622918992,docres_deshadow,"['MotionBlur', 'textWatermark', 'ShotNoise', 'shadow', 'seal']",0.7685208916664124
mixeddoc_00525,-0.3020576376476587,0.9974356314842829,-0.01629227811128879,docres_deshadow,"['textWatermark', 'shadow']",0.7702151536941528
mixeddoc_00526,-0.034286745650874195,3.1944821137580455,-0.012274605408534534,docres_input_blend_0.80,"['seal', 'textWatermark', 'shadow']",0.7809377312660217
mixeddoc_00527,-0.37375758790887303,1.4028532521256274,-0.014195365111356245,docres_deshadow,"['SpeckleNoise', 'seal', 'textWatermark']",0.7968599796295166
mixeddoc_00528,-0.26279489043672655,1.2573255955430866,-0.036492006928103726,docres_deshadow,"['shadow', 'seal', 'MotionBlur']",0.7860012054443359
mixeddoc_00529,-0.45555803892499824,1.242240856405619,-0.032659657726403,docres_deshadow,"['SpeckleNoise', 'shadow', 'ZoomBlur', 'seal']",0.8112210631370544
mixeddoc_00530,0.1268293616059779,2.593110533261811,-0.03888443356664964,docres_input_blend_0.90,"['shadow', 'textWatermark']",0.7802879810333252
mixeddoc_00531,0.2502575827476292,1.1600422026351893,-0.007445803470653378,region_controller,"['textWatermark', 'seal']",0.7809060215950012
mixeddoc_00532,-0.04725554049406,0.7195580039272329,-0.0037966239410748767,docres_input_blend_0.80,['textWatermark'],0.8091188669204712
mixeddoc_00533,-4.605872241122444,6.444923193953127,-0.025747702106614645,docres_deshadow,"['shadow', 'seal']",0.7889315485954285
mixeddoc_00534,-1.9493885939778508,6.813746133360453,-0.007969555838027144,docres_deshadow,['shadow'],0.7957040667533875
mixeddoc_00535,-0.1584268686668473,0.9468504180523727,-0.020105963356395404,docres_deshadow,"['shadow', 'seal', 'GlassBlur', 'textWatermark']",0.7812772989273071
mixeddoc_00536,-0.5560316548244018,1.0963935495317294,-0.02833037638703162,docres_deshadow,"['seal', 'shadow', 'textWatermark', 'ShotNoise']",0.7699155211448669
mixeddoc_00537,-0.14194315914683386,-0.33030699766946015,-0.02767731205848334,classical_shadow_0.40,"['textWatermark', 'SpeckleNoise', 'shadow', 'GaussianBlur', 'seal']",0.790300190448761
mixeddoc_00538,-0.14951353786952382,0.9922141594283538,-0.011183958637461106,docres_deshadow,"['seal', 'textWatermark']",0.7876931428909302
mixeddoc_00539,0.6537285741837202,2.035273509670109,-0.020939484649317733,region_controller,"['shadow', 'textWatermark', 'seal']",0.7925929427146912
mixeddoc_00540,0.5153176031388931,1.5196725871260703,-0.029537834346092168,region_controller,"['seal', 'textWatermark']",0.7806623578071594
mixeddoc_00541,0.4726503223891356,1.854949561313905,-0.015226921199957055,docres_input_blend_0.80,"['shadow', 'textWatermark']",0.7817928194999695
mixeddoc_00542,0.28976631237329187,-0.19540038152493366,-0.0240875776018335,classical_shadow_0.40,"['shadow', 'ZoomBlur', 'seal', 'textWatermark']",0.781075119972229
mixeddoc_00543,0.18408802268120894,0.38985059514005727,-0.012768237465473536,docres_input_blend_0.80,"['shadow', 'textWatermark', 'seal']",0.7824791073799133
mixeddoc_00544,-0.27624187842535797,-0.13852484059713355,-0.025601749408531937,docres_deshadow,"['seal', 'ShotNoise', 'shadow', 'GlassBlur']",0.7596086859703064
mixeddoc_00545,-0.09674691017963255,1.424166556475452,-0.040631752267995314,docres_input_blend_0.90,"['shadow', 'MotionBlur']",0.7933650612831116
mixeddoc_00546,-0.21723267066947116,0.9845884094361423,-0.02224575667052052,docres_deshadow,"['shadow', 'seal', 'ImpulseNoise']",0.7754399180412292
mixeddoc_00547,-0.026597438828794395,0.07517759624911946,-0.005600167203073075,docres_input_blend_0.80,"['textWatermark', 'seal', 'shadow']",0.7765980362892151
mixeddoc_00548,-0.42611020788687526,-0.2949134232837771,-0.04732315020618133,docres_deshadow,"['ZoomBlur', 'ImpulseNoise', 'seal', 'shadow']",0.7828038334846497
mixeddoc_00549,-0.24015889978853266,0.6827610774534882,-0.013788576934508523,docres_deshadow,"['DefocusBlur', 'seal', 'shadow', 'textWatermark']",0.781363844871521
mixeddoc_00550,-0.28117141474160334,3.2803696252933783,-0.03594309508893012,docres_input_blend_0.90,"['textWatermark', 'shadow']",0.7924246788024902
mixeddoc_00551,0.7468715622855768,0.3450274019617954,-0.04330420947653896,region_controller,"['MotionBlur', 'textWatermark']",0.7923130393028259
mixeddoc_00552,0.6400818967666453,4.302997954981581,-0.023049358681549698,region_controller,"['textWatermark', 'shadow']",0.778633713722229
mixeddoc_00553,-0.3341995658830079,0.051115489770232614,-0.02144257461802719,docres_deshadow,"['ImpulseNoise', 'seal', 'shadow']",0.7771576642990112
mixeddoc_00554,-3.5279569155458717,6.672672210041057,-0.017287228727700832,docres_deshadow,"['shadow', 'seal']",0.7884112000465393
mixeddoc_00555,0.31478634766721925,1.025556202577853,-0.033952994098691625,region_controller,"['textWatermark', 'GaussianBlur', 'shadow']",0.7917181849479675
mixeddoc_00556,-0.0436937315584327,0.09065386514579821,-0.05774984482731588,docres_deshadow,"['textWatermark', 'seal', 'shadow', 'ZoomBlur']",0.7611715793609619
mixeddoc_00557,-0.834804525259564,1.8697190229927436,-0.023390690270440856,docres_deshadow,"['shadow', 'textWatermark', 'SpeckleNoise']",0.7811602354049683
mixeddoc_00558,0.3068838007680448,0.079271001962951,-0.024911370631689966,docres_input_blend_0.80,"['shadow', 'textWatermark', 'ZoomBlur', 'seal']",0.8071247339248657
mixeddoc_00559,0.001521985283606142,0.010758463363712778,-0.011318083276695215,docres_input_blend_0.80,"['MotionBlur', 'seal', 'textWatermark']",0.7855411767959595
mixeddoc_00560,-0.6169341614743509,2.158788063327755,-0.005852671077687263,docres_deshadow,"['textWatermark', 'seal', 'shadow']",0.7854697108268738
mixeddoc_00561,-0.0901880742193164,1.062930898141662,-0.005717654975054932,docres_deshadow,"['shadow', 'textWatermark']",0.781062126159668
mixeddoc_00562,0.863917099424528,-0.7789310154458295,-0.137583616682731,classical_shadow_0.40,"['shadow', 'ZoomBlur', 'seal', 'textWatermark']",0.8101579546928406
mixeddoc_00563,0.4445218205973731,-0.1508166134563318,-0.10761795594749726,classical_shadow_0.40,"['seal', 'textWatermark', 'ZoomBlur', 'shadow']",0.8058308959007263
mixeddoc_00564,-0.032606713549270694,0.7450250090461594,-0.0037769034579826465,docres_input_blend_0.80,"['textWatermark', 'seal']",0.7806434035301208
mixeddoc_00565,0.15592398554391806,0.694216846158362,-0.011282378907822285,docres_input_blend_0.80,"['shadow', 'seal', 'textWatermark']",0.7764415740966797
mixeddoc_00566,0.1365214007287534,0.7775906504773147,-0.009760359004571319,docres_input_blend_0.80,"['seal', 'textWatermark']",0.7877848744392395
mixeddoc_00567,1.3506231660878747,-0.533111998688856,-0.06224458731550436,classical_shadow_0.40,"['GaussianBlur', 'seal']",0.8039389252662659
mixeddoc_00568,-0.00656993200459155,0.01821698350479295,-0.008325346994301347,docres_input_blend_0.80,"['GaussianBlur', 'seal', 'textWatermark']",0.780787467956543
mixeddoc_00569,1.5130734067871323,5.941641773884147,-0.0121255090002787,region_controller,"['shadow', 'seal']",0.7837393879890442
mixeddoc_00570,-0.5743906086951043,5.796908726958112,-0.004741864543525737,docres_input_blend_0.90,"['seal', 'shadow']",0.7906419634819031
mixeddoc_00571,-0.9936147118786067,2.215459554951263,-0.01843765889997606,docres_deshadow,"['seal', 'textWatermark', 'shadow']",0.7844772338867188
mixeddoc_00572,-2.471729377439477,5.388542843257849,-0.03214392952050557,docres_deshadow,"['textWatermark', 'shadow', 'seal']",0.7836827635765076
mixeddoc_00573,-0.3224566274630689,-0.3897788064596721,-0.05589040357863717,classical_shadow_0.40,"['ZoomBlur', 'shadow', 'ImpulseNoise', 'seal', 'textWatermark']",0.7746715545654297
mixeddoc_00574,0.05556195758394722,0.9767075092686248,-0.009174688020069086,region_controller,"['shadow', 'GlassBlur', 'seal']",0.7926514744758606
mixeddoc_00575,0.8233635003341178,2.190466886961927,-0.03193068567175056,region_controller,"['textWatermark', 'GlassBlur', 'shadow']",0.7885987162590027
mixeddoc_00576,-0.04595167208872297,0.4398198766402821,-0.02691121273840491,docres_input_blend_0.90,"['seal', 'shadow', 'DefocusBlur']",0.7891391515731812
mixeddoc_00577,0.6084447114974445,5.459181000529355,-0.011906387950253457,docres_input_blend_0.80,"['seal', 'textWatermark', 'shadow']",0.7807817459106445
mixeddoc_00578,1.5685426363188704,5.485330361706442,-0.010329285861775693,docres_input_blend_0.80,"['seal', 'shadow']",0.7883368730545044
mixeddoc_00579,0.154287744213633,0.9192740353630349,-0.031279674212730535,docres_input_blend_0.80,"['seal', 'DefocusBlur', 'shadow']",0.810535192489624
mixeddoc_00580,-2.4845511417267545,3.850956684053564,-0.005536209867468389,docres_deshadow,"['seal', 'textWatermark', 'shadow']",0.7788087129592896
mixeddoc_00581,1.2428981219093984,10.550254349609592,-0.012197589793487187,region_controller,"['shadow', 'seal']",0.7915477156639099
mixeddoc_00582,-0.2233119324964683,4.617705049485249,-0.03374584959301194,docres_input_blend_0.90,"['DefocusBlur', 'shadow']",0.7898408770561218
mixeddoc_00583,0.16687615683900248,0.41931965008902594,-0.04027594382958086,docres_input_blend_0.80,"['shadow', 'MotionBlur', 'seal', 'GaussianNoise', 'textWatermark']",0.7787262797355652
mixeddoc_00584,0.6498429132587784,0.0932734294982751,-0.06571083216406046,region_controller,"['ZoomBlur', 'textWatermark', 'shadow']",0.8069350719451904
mixeddoc_00585,-0.2708287313125801,2.0028836654459674,-0.031182883434958925,docres_deshadow,"['textWatermark', 'ShotNoise']",0.7544751167297363
mixeddoc_00586,0.29441049469298264,5.839145224020761,-0.006845284193836228,region_controller,['seal'],0.8001595139503479
mixeddoc_00587,0.23253503345480375,0.16282713164004647,-0.029222222493768435,docres_input_blend_0.80,"['shadow', 'seal', 'textWatermark', 'ZoomBlur']",0.805173933506012
mixeddoc_00588,-0.1536053617587676,0.7155835942045847,-0.015839033644363468,docres_deshadow,"['GaussianNoise', 'textWatermark', 'shadow', 'seal']",0.7647855877876282
mixeddoc_00589,-0.2209351828485886,1.67919210777643,-0.017117002146108326,docres_deshadow,"['shadow', 'DefocusBlur', 'seal', 'textWatermark']",0.7810525298118591
mixeddoc_00590,0.03160854920028555,1.4802044554552296,-0.07108828854203825,docres_input_blend_0.90,"['shadow', 'seal', 'textWatermark', 'MotionBlur']",0.7993893623352051
mixeddoc_00591,0.19656397497959688,1.2174169201273095,-0.008215444452944969,region_controller,"['textWatermark', 'seal']",0.7787846922874451
mixeddoc_00592,-0.19167050999808666,1.2726592634509508,-0.005034135910450436,docres_deshadow,"['seal', 'GaussianNoise']",0.7935612201690674
mixeddoc_00593,0.5908196428964096,0.17690036349385174,-0.07850228317680527,region_controller,"['seal', 'ZoomBlur', 'textWatermark', 'shadow']",0.7967928647994995
mixeddoc_00594,-3.3198943476012452,4.878815081647421,-0.033894181212309554,docres_deshadow,"['shadow', 'textWatermark', 'seal']",0.7799450755119324
mixeddoc_00595,-0.503394617363405,3.75965231068672,-0.0357333097923474,docres_deshadow,"['MotionBlur', 'shadow', 'seal']",0.7986797094345093
mixeddoc_00596,0.5827692184897124,-0.6237829677576396,-0.025569023037902372,classical_shadow_0.40,"['seal', 'ZoomBlur', 'shadow']",0.8137891292572021
mixeddoc_00597,0.04834172636118694,0.05101027313646256,-0.04039896631061536,docres_input_blend_0.80,"['seal', 'ZoomBlur', 'textWatermark']",0.8254565596580505
mixeddoc_00598,1.3276219287228344,8.902847171609977,-0.013302690076563532,region_controller,"['shadow', 'seal']",0.7987390756607056
mixeddoc_00599,-4.378299071840917,7.54565420086948,-0.0372613634756922,docres_deshadow,"['textWatermark', 'shadow']",0.7914965748786926
mixeddoc_00600,-0.3055088719730321,1.5149416231720139,-0.01282612099431744,docres_deshadow,"['textWatermark', 'shadow', 'seal']",0.7825887203216553
mixeddoc_00601,1.2697302968485875,-1.2325750232728279,-0.09968143682421937,classical_shadow_0.40,"['shadow', 'textWatermark', 'seal', 'ZoomBlur']",0.8168333768844604
mixeddoc_00602,0.9037878038414178,2.302099243329037,-0.047514511880498655,region_controller,"['seal', 'shadow', 'textWatermark']",0.7812201380729675
mixeddoc_00603,1.8704448060176873,2.8932909529818573,-0.0321022007348431,docres_input_blend_0.80,"['seal', 'shadow']",0.7967019081115723
mixeddoc_00604,0.5392174921658217,1.852792465870234,-0.018348552354914158,region_controller,"['textWatermark', 'shadow', 'seal']",0.7784022092819214
mixeddoc_00605,1.927178309890703,2.6481824214375003,-0.010429914717758774,region_controller,['shadow'],0.7890780568122864
mixeddoc_00606,-0.0697502018737648,0.559985792824234,-0.03075633578742515,docres_deshadow,"['seal', 'shadow', 'ZoomBlur']",0.8061916828155518
mixeddoc_00607,0.5084325710850859,0.39343049151564635,-0.05320576638316343,docres_input_blend_0.80,"['shadow', 'seal', 'GaussianNoise', 'ZoomBlur']",0.8061172366142273
mixeddoc_00608,1.979017295122258,2.412181192996332,-0.02979959393217535,region_controller,['shadow'],0.7937631011009216
mixeddoc_00609,0.4482136117754365,0.5501654317821121,-0.020653359267582563,region_controller,"['seal', 'textWatermark']",0.7807352542877197
mixeddoc_00610,-0.3559694344533213,1.1675016535346465,-0.017846007118047805,docres_deshadow,"['seal', 'shadow', 'ShotNoise', 'textWatermark']",0.7757577300071716
mixeddoc_00611,0.7374036376359463,6.343984430658896,-0.015053657720559124,docres_input_blend_0.80,"['seal', 'shadow']",0.7953519225120544
mixeddoc_00612,-0.1552871202730195,0.14117994624373154,-0.012968776192430198,docres_deshadow,"['textWatermark', 'MotionBlur', 'seal', 'ShotNoise']",0.8067103624343872
mixeddoc_00613,1.1129807853800031,2.817687551189394,-0.04755375746040974,region_controller,"['seal', 'textWatermark', 'shadow', 'GaussianBlur']",0.7823600172996521
mixeddoc_00614,1.6165223078367852,6.771959309773187,-0.020635368860649483,region_controller,"['seal', 'shadow']",0.7919816970825195
mixeddoc_00615,0.1608474015575112,0.9706179910570789,-0.030669570215792558,docres_input_blend_0.80,"['seal', 'shadow', 'textWatermark', 'GaussianBlur']",0.7781558632850647
mixeddoc_00616,1.2090525221777817,4.163816670166522,-0.00948789068458191,region_controller,"['textWatermark', 'seal']",0.7835603952407837
mixeddoc_00617,0.20542544672412433,4.832319357559232,-0.010494720105900572,docres_input_blend_0.80,"['GlassBlur', 'textWatermark', 'shadow']",0.7875245809555054
mixeddoc_00618,0.7004088291162649,0.6794705919856447,-0.046113904413988216,region_controller,"['shadow', 'ImpulseNoise', 'MotionBlur', 'seal', 'textWatermark']",0.7889388203620911
mixeddoc_00619,-0.0954570481408048,0.9568429009123758,-0.02344177451405212,docres_deshadow,"['textWatermark', 'ShotNoise', 'shadow', 'seal']",0.7775460481643677
mixeddoc_00620,-0.7443911016127132,5.175352015070036,-0.029360356235300325,docres_deshadow,"['ImpulseNoise', 'shadow', 'seal']",0.7915060520172119
mixeddoc_00621,0.5103262104383095,0.01565490082102272,-0.16655762683642,region_controller,"['ZoomBlur', 'shadow']",0.811160683631897
mixeddoc_00622,-0.28619411882692347,1.7884558256139798,-0.01289038664955873,docres_deshadow,"['ShotNoise', 'GlassBlur', 'seal', 'shadow', 'textWatermark']",0.7912281155586243
mixeddoc_00623,0.8184899326938755,5.638095419686664,-0.008152915102406427,docres_input_blend_0.80,"['shadow', 'seal']",0.7886765599250793
mixeddoc_00624,0.1960308974970708,3.1558327870893237,-0.0324705795240513,docres_input_blend_0.80,"['ShotNoise', 'textWatermark', 'seal']",0.7829185724258423
mixeddoc_00625,0.5714073321388078,1.8925082098951407,-0.03215031867196155,docres_input_blend_0.80,"['textWatermark', 'GaussianBlur', 'shadow']",0.7832204103469849
mixeddoc_00626,0.26509960425025625,1.9549129740239586,-0.0233619802444352,docres_input_blend_0.80,"['GlassBlur', 'textWatermark', 'shadow', 'seal']",0.7905911207199097
mixeddoc_00627,1.4518782428847032,4.779102821839441,-0.03078661114196747,region_controller,"['shadow', 'textWatermark', 'seal']",0.7876352071762085
mixeddoc_00628,-0.8424618902976722,1.7753319193670176,-0.042104203777577925,docres_deshadow,"['shadow', 'GaussianBlur', 'textWatermark', 'seal']",0.7743065357208252
mixeddoc_00629,-0.8070299521238429,3.513560837491063,-0.04911311920082484,docres_deshadow,"['seal', 'ZoomBlur', 'shadow']",0.8093312978744507
mixeddoc_00630,0.3405167907324369,-0.05552320433600144,-0.0068353576038108,classical_shadow_0.40,"['seal', 'textWatermark']",0.819697916507721
mixeddoc_00631,1.5717400242934723,5.407299446382439,-0.024154157937053694,region_controller,"['textWatermark', 'seal']",0.7763991355895996
mixeddoc_00632,-0.027331441925891653,0.31172540599623133,-0.012327173377673042,docres_deshadow,"['shadow', 'MotionBlur', 'seal', 'textWatermark']",0.7808917164802551
mixeddoc_00633,0.6133220792772356,-0.07814855179007907,-0.010442231090697397,classical_shadow_0.40,"['textWatermark', 'seal']",0.7853724360466003
mixeddoc_00634,0.27832650445720475,2.091930758329461,-0.020832183059479453,docres_input_blend_0.80,"['seal', 'textWatermark', 'shadow']",0.784846842288971
mixeddoc_00635,1.330521178945446,2.8089103830553555,-0.01982505471134227,region_controller,"['seal', 'textWatermark', 'DefocusBlur']",0.7895715832710266
mixeddoc_00636,1.8676541227853676,0.33220499042127827,-0.03455513613074673,region_controller,"['shadow', 'seal', 'textWatermark', 'DefocusBlur']",0.7926271557807922
mixeddoc_00637,1.490163852900725,7.390113883509734,-0.02473641842333299,region_controller,"['GaussianBlur', 'seal', 'textWatermark']",0.7891369462013245
mixeddoc_00638,-0.32594493640968025,0.586021678500309,-0.007110294991418686,docres_deshadow,"['shadow', 'textWatermark', 'SpeckleNoise']",0.7894168496131897
mixeddoc_00639,-0.48216441354280803,-0.8063981959957758,-0.04032725138408555,classical_shadow_0.40,"['seal', 'GaussianBlur', 'shadow', 'ImpulseNoise']",0.779430091381073
mixeddoc_00640,0.15260975640612529,1.9109698999968217,-0.0541379538603709,docres_input_blend_0.80,"['textWatermark', 'ZoomBlur', 'shadow']",0.8042228817939758
mixeddoc_00641,-0.5406193754815227,0.6907295300950018,-0.050053609814030176,docres_deshadow,"['shadow', 'ImpulseNoise', 'seal']",0.7725474834442139
mixeddoc_00642,0.8678243671913961,2.1787898346303685,-0.02837589015169696,region_controller,"['seal', 'textWatermark']",0.7865614891052246
mixeddoc_00643,-0.382237450877021,3.3556390354035237,-0.01861989772123901,docres_input_blend_0.90,"['textWatermark', 'shadow']",0.7857898473739624
mixeddoc_00644,-5.352315279957644,8.012091254291228,-0.01704548988377398,docres_deshadow,"['shadow', 'seal']",0.791804850101471
mixeddoc_00645,-0.5573466211666904,2.050975083106156,-0.018545259399200292,docres_deshadow,"['seal', 'textWatermark', 'shadow']",0.7853974103927612
mixeddoc_00646,1.9360275381709897,2.084911027194792,-0.039825822967004765,region_controller,"['seal', 'shadow']",0.7939803004264832
mixeddoc_00647,-0.330388601864847,1.4347481126117643,-0.009607927592766602,docres_deshadow,"['shadow', 'DefocusBlur', 'textWatermark']",0.7743372321128845
mixeddoc_00648,1.4418077048165117,4.61569193217418,-0.02504434989215021,region_controller,"['textWatermark', 'shadow']",0.786489725112915
mixeddoc_00649,1.372462120191603,1.461639940842538,-0.023273184502627803,region_controller,"['shadow', 'textWatermark']",0.794669508934021
mixeddoc_00650,0.7148606869327381,-0.5984481721340487,-0.007763389319858441,classical_shadow_0.40,"['seal', 'textWatermark']",0.7996668219566345
mixeddoc_00651,1.2221422716581394,0.30772747761138675,-0.034076287439994385,region_controller,"['seal', 'textWatermark', 'shadow']",0.7936382293701172
mixeddoc_00652,0.950359733127641,2.0762693802416905,-0.021322494361910707,region_controller,"['textWatermark', 'shadow']",0.7855639457702637
mixeddoc_00653,1.2682396309066988,2.0799298348712725,-0.02328343553257735,region_controller,['textWatermark'],0.7887747883796692
mixeddoc_00654,-1.6818739016411008,4.295510182824813,-0.07840753982940712,docres_deshadow,"['textWatermark', 'seal', 'shadow']",0.7831502556800842
mixeddoc_00655,0.5018136518505614,2.9571874978836377,-0.015050314292820569,docres_input_blend_0.80,"['seal', 'shadow', 'textWatermark']",0.8003010153770447
mixeddoc_00656,1.7691103510096902,1.5402018113391698,-0.027373241542849897,docres_input_blend_0.80,"['textWatermark', 'GaussianBlur', 'shadow']",0.7941350340843201
mixeddoc_00657,-0.6047210734115609,2.2555558051950335,-0.03870290818210198,docres_deshadow,"['ImpulseNoise', 'seal', 'shadow']",0.7580897808074951
mixeddoc_00658,-0.19844066949816863,1.831259059729117,-0.01858632528489383,docres_deshadow,"['seal', 'GaussianBlur', 'textWatermark', 'GaussianNoise']",0.7904674410820007
mixeddoc_00659,0.009856283967810242,2.7354771155036133,-0.05195465410233943,docres_input_blend_0.90,"['GaussianBlur', 'textWatermark', 'seal', 'shadow']",0.7985576391220093
mixeddoc_00660,0.682261569950299,-0.29122562898297133,-0.09997037364515468,classical_shadow_0.40,"['shadow', 'textWatermark', 'ZoomBlur']",0.8098132610321045
mixeddoc_00661,-0.6453081586059923,3.137469153923675,-0.05578218728497086,docres_deshadow,"['ZoomBlur', 'textWatermark', 'shadow']",0.8031323552131653
mixeddoc_00662,0.38541909637581995,1.0819247317207434,-0.0276128524448582,region_controller,"['seal', 'shadow', 'MotionBlur']",0.7960426807403564
mixeddoc_00663,0.531700006191901,0.06081569242624596,-0.0441578803917593,region_controller,"['GaussianBlur', 'textWatermark', 'seal']",0.7962082624435425
mixeddoc_00664,0.8079698173391527,3.744149369155405,-0.03362610765711255,region_controller,"['seal', 'shadow', 'textWatermark']",0.7901514768600464
mixeddoc_00665,0.49031102362896917,4.710438412102651,-0.050932176865772755,region_controller,"['shadow', 'textWatermark']",0.7827751636505127
mixeddoc_00666,-0.4947550149964641,1.459687619967081,-0.012097041591489693,docres_deshadow,"['textWatermark', 'shadow']",0.7865231037139893
mixeddoc_00667,-0.6955221109990424,-0.7060558668430925,-0.06049005476418953,classical_shadow_0.40,"['seal', 'ShotNoise', 'shadow', 'textWatermark']",0.7430327534675598
mixeddoc_00668,-1.2183114910510078,0.8972360365609369,-0.034023392120806795,docres_deshadow,"['textWatermark', 'shadow', 'GaussianNoise']",0.790519118309021
mixeddoc_00669,-4.861762548969065,7.306966097972609,-0.023393483362580264,docres_deshadow,"['textWatermark', 'shadow']",0.8009716272354126
mixeddoc_00670,-0.1418795545216387,0.8298895258113141,-0.020974564504584403,docres_deshadow,"['textWatermark', 'shadow', 'ZoomBlur']",0.8080277442932129
mixeddoc_00671,-0.6364459746545705,0.44297528204074155,-0.05997494288044633,docres_deshadow,"['seal', 'shadow', 'textWatermark', 'DefocusBlur', 'ShotNoise']",0.763786792755127
mixeddoc_00672,0.6296347012585919,2.187937940488819,-0.020161631183529885,region_controller,"['textWatermark', 'seal']",0.7908540964126587
mixeddoc_00673,0.5541321903989882,5.051929701386877,-0.026236151420406806,region_controller,"['textWatermark', 'seal', 'shadow']",0.8016266226768494
mixeddoc_00674,-1.1156859277714766,2.6625630568679384,-0.09531396483039833,docres_deshadow,"['shadow', 'textWatermark', 'DefocusBlur', 'seal']",0.7991676330566406
mixeddoc_00675,-0.09014622393433669,4.381954814562246,-0.0403962736967953,docres_deshadow,"['ImpulseNoise', 'textWatermark', 'shadow', 'seal']",0.7633774876594543
mixeddoc_00676,-0.12466329053823344,0.5117441310660489,-0.011890451894604262,docres_deshadow,"['shadow', 'DefocusBlur']",0.7982204556465149
mixeddoc_00677,-0.8582328482179147,-0.3835402529530558,-0.04063965776610384,docres_deshadow,"['seal', 'shadow', 'textWatermark']",0.797301173210144
mixeddoc_00678,-1.3342122572051665,6.264979318055502,-0.006149052960729526,docres_deshadow,"['seal', 'shadow']",0.8070517182350159
mixeddoc_00679,-1.6350522141079438,9.26446868352194,-0.008056831390988256,docres_deshadow,"['shadow', 'seal']",0.7947834730148315
mixeddoc_00680,2.2949294679583527,0.593270925276169,-0.07326041351117524,docres_input_blend_0.80,['shadow'],0.808882474899292
mixeddoc_00681,1.5243137239019315,-0.052744253759977155,-0.06256582193209312,classical_shadow_0.40,"['GlassBlur', 'textWatermark']",0.7994439601898193
mixeddoc_00682,-1.3998980749532777,3.2386334902706153,-0.03143269867584564,docres_deshadow,"['textWatermark', 'shadow', 'seal']",0.7922114133834839
mixeddoc_00683,1.202073004275043,0.9376997705571597,-0.03650092864040819,region_controller,"['seal', 'DefocusBlur', 'shadow', 'textWatermark']",0.7993472814559937
mixeddoc_00684,0.8637161572816705,-0.08471042707741638,-0.13631553322973022,docres_input_blend_0.80,"['ZoomBlur', 'seal', 'textWatermark', 'shadow']",0.8267747163772583
mixeddoc_00685,-0.06925805506828908,0.16602984856353764,-0.02067070988933961,docres_deshadow,"['SpeckleNoise', 'textWatermark']",0.7706978917121887
mixeddoc_00686,0.40160558138546065,2.878939710077944,-0.012676723405187704,region_controller,"['shadow', 'seal', 'textWatermark']",0.7933298349380493
mixeddoc_00687,-1.6380361426867758,3.0147462312973445,-0.04392919248500238,docres_deshadow,"['SpeckleNoise', 'shadow', 'textWatermark']",0.789008617401123
mixeddoc_00688,-0.4228943689089366,1.3583141560332468,-0.04098073983984754,docres_deshadow,"['shadow', 'textWatermark', 'ShotNoise', 'seal']",0.7548626065254211
mixeddoc_00689,1.3988317920693483,6.3819685891718585,-0.01793810396051243,region_controller,"['seal', 'textWatermark']",0.7846156358718872
mixeddoc_00690,-0.35605930290966725,2.026195808820823,-0.02330211984654701,docres_deshadow,"['textWatermark', 'shadow', 'GaussianNoise', 'ZoomBlur']",0.8198947310447693
mixeddoc_00691,-1.7335102447651707,2.6852318447040613,-0.04914193880343426,docres_deshadow,"['GaussianNoise', 'textWatermark', 'shadow']",0.7790947556495667
mixeddoc_00692,1.5471501988279215,4.7072888939989355,-0.022107803201234594,region_controller,"['seal', 'shadow']",0.7970916032791138
mixeddoc_00693,-0.4934869495673695,1.6520624033472355,-0.0692544221971404,docres_deshadow,"['seal', 'shadow', 'MotionBlur']",0.7911071181297302
mixeddoc_00694,-0.30785734404245346,0.42740464004641154,-0.037572914678160485,docres_deshadow,"['seal', 'MotionBlur', 'shadow', 'SpeckleNoise']",0.7731549143791199
mixeddoc_00695,-0.8479747552464048,5.722485141159915,-0.011384387693283711,docres_deshadow,"['shadow', 'seal', 'GaussianNoise']",0.8047537803649902
mixeddoc_00696,1.9540061652038077,3.779459213744694,-0.024080172189232862,region_controller,"['shadow', 'seal']",0.8094557523727417
mixeddoc_00697,-0.32060268745830633,0.8106337908876995,-0.046319273523107385,docres_deshadow,"['shadow', 'textWatermark', 'MotionBlur', 'seal', 'ImpulseNoise']",0.7503958344459534
mixeddoc_00698,-4.756515401148093,4.831735726640982,-0.0441518701403546,docres_deshadow,"['shadow', 'seal', 'SpeckleNoise']",0.7747523188591003
mixeddoc_00699,-0.28651740332154496,2.634663952785072,-0.09775303900753418,docres_input_blend_0.90,"['shadow', 'textWatermark', 'ZoomBlur']",0.8123353719711304
mixeddoc_00700,0.12128832343001861,1.5600947371290665,-0.011237960217155056,region_controller,"['seal', 'DefocusBlur', 'shadow']",0.791697084903717
mixeddoc_00701,-0.16711811056445391,1.14574277940058,-0.026363011598268704,docres_deshadow,"['ZoomBlur', 'textWatermark', 'shadow']",0.8167648911476135
mixeddoc_00702,-0.00816817836632211,0.5477239978903974,-0.041412819901225,docres_input_blend_0.80,"['shadow', 'ImpulseNoise', 'GlassBlur', 'seal']",0.7753854990005493
mixeddoc_00703,-0.007876677264388121,0.20950797169640367,-0.010340963874931677,docres_input_blend_0.80,"['MotionBlur', 'textWatermark', 'seal']",0.7940167784690857
mixeddoc_00704,-0.4285192403655316,2.4450880150590066,-0.01959913417728515,docres_deshadow,"['seal', 'shadow', 'MotionBlur']",0.8003460764884949
mixeddoc_00705,1.1355193008398956,0.6356522248718868,-0.06000143103537367,docres_input_blend_0.80,"['MotionBlur', 'seal', 'textWatermark']",0.8103522062301636
mixeddoc_00706,0.019886591100831907,-0.08273022269451857,-0.010206432444167218,classical_shadow_0.40,"['seal', 'GlassBlur', 'textWatermark']",0.8054161071777344
mixeddoc_00707,0.024100858590301755,0.004388261956982831,-0.005680391717233741,docres_input_blend_0.80,"['seal', 'textWatermark']",0.7749348282814026
mixeddoc_00708,-0.1346780938164649,0.5978683179605504,-0.012910906757271912,docres_deshadow,"['DefocusBlur', 'textWatermark', 'shadow', 'seal']",0.7888662219047546
mixeddoc_00709,0.07727679690248834,0.8169243283307495,-0.01936002398035938,docres_input_blend_0.80,"['textWatermark', 'seal', 'SpeckleNoise']",0.7862050533294678
mixeddoc_00710,0.7951382407994068,3.408725163721037,-0.02726845723333729,docres_input_blend_0.80,"['GaussianBlur', 'seal', 'shadow']",0.7882264256477356
mixeddoc_00711,-0.6918537479565288,2.0859008812571354,-0.01822177813231507,docres_deshadow,"['seal', 'textWatermark', 'shadow']",0.7961891889572144
mixeddoc_00712,0.8751069001225673,-0.8681503621176088,-0.12818277749703116,classical_shadow_0.40,"['seal', 'ZoomBlur']",0.8021528124809265
mixeddoc_00713,0.7485442517988972,-0.15140665884091575,-0.06634028467307668,classical_shadow_0.40,"['textWatermark', 'seal', 'shadow', 'ZoomBlur']",0.8142862319946289
mixeddoc_00714,1.4210641186436668,-1.5831073122338495,-0.024001560716058495,classical_shadow_0.40,"['seal', 'textWatermark', 'shadow']",0.8083107471466064
mixeddoc_00715,0.21382125352135262,1.7040664157958645,-0.015404901333032822,region_controller,"['seal', 'shadow', 'GlassBlur', 'textWatermark']",0.7937426567077637
mixeddoc_00716,0.38189015396965154,0.8359236835448858,-0.14224954384399036,docres_input_blend_0.80,"['shadow', 'textWatermark', 'ZoomBlur']",0.8061131834983826
mixeddoc_00717,0.5473345153935085,-0.46457672162969743,-0.012545716000592518,classical_shadow_0.40,"['seal', 'textWatermark']",0.7893106937408447
mixeddoc_00718,-1.136203782573343,3.4890639701768826,-0.0591086507896087,docres_deshadow,"['shadow', 'textWatermark', 'MotionBlur']",0.8199728727340698
mixeddoc_00719,1.6611839310980692,-0.999453868004025,-0.03349306977867328,classical_shadow_0.40,"['textWatermark', 'seal']",0.7945983409881592
mixeddoc_00720,2.0335921115525686,4.117837658670155,-0.028493791857402834,region_controller,['seal'],0.7990913987159729
mixeddoc_00721,-0.7118282901581665,2.6477450380442633,-0.013849827505641343,docres_deshadow,"['textWatermark', 'seal', 'GaussianNoise', 'shadow']",0.7895534038543701
mixeddoc_00722,-0.1465186842659545,0.31823554359840145,-0.01353761150553573,docres_deshadow,"['shadow', 'seal', 'textWatermark']",0.779170572757721
mixeddoc_00723,0.4065938907150155,0.7698366021872474,-0.018249057224669823,region_controller,"['seal', 'textWatermark', 'MotionBlur']",0.7938204407691956
mixeddoc_00724,0.2813718631453952,0.282881894228467,-0.008916404436448352,docres_input_blend_0.80,"['shadow', 'textWatermark']",0.7887872457504272
mixeddoc_00725,-0.25838824406447003,1.418026107551455,-0.009327475507990332,docres_deshadow,"['textWatermark', 'GlassBlur', 'shadow', 'seal']",0.8053570985794067
mixeddoc_00726,-0.298320812280334,1.6912316570877124,-0.01275498340474629,docres_deshadow,"['shadow', 'textWatermark', 'seal']",0.7889689207077026
mixeddoc_00727,-1.010182528616749,2.491125509587551,-0.022693969139688908,docres_deshadow,"['textWatermark', 'SpeckleNoise', 'shadow', 'seal']",0.78975909948349
mixeddoc_00728,1.247180996699651,0.9776040685941965,-0.01933353188620672,region_controller,"['shadow', 'seal', 'textWatermark']",0.7871997356414795
mixeddoc_00729,-0.1568413455911397,0.9587241077349837,-0.005906519005571126,docres_deshadow,"['shadow', 'textWatermark']",0.7991682887077332
mixeddoc_00730,1.8457259457318003,1.8676787399690618,-0.02771325203339506,region_controller,"['seal', 'shadow']",0.8010395765304565
mixeddoc_00731,-0.2683948917569623,0.9381784109952953,-0.01367846509414955,docres_deshadow,"['textWatermark', 'GaussianBlur', 'shadow']",0.7928546071052551
mixeddoc_00732,2.169220500584963,-0.9857283013850484,-0.03353830981980849,classical_shadow_0.40,"['shadow', 'seal']",0.7977414727210999
mixeddoc_00733,0.42239339352028793,3.167661119456408,-0.07675298640446976,region_controller,"['textWatermark', 'seal']",0.7889782786369324
mixeddoc_00734,0.7862120779539534,0.31889125286022235,-0.04053547078771483,region_controller,"['shadow', 'MotionBlur', 'textWatermark', 'seal']",0.7982122898101807
mixeddoc_00735,0.4544507152603252,1.5060830681395103,-0.016414782082994336,region_controller,"['shadow', 'textWatermark']",0.7784950733184814
mixeddoc_00736,0.8026401468095727,0.14143918419485502,-0.024109044021454973,docres_input_blend_0.80,"['shadow', 'GaussianBlur', 'textWatermark']",0.7909317016601562
mixeddoc_00737,-0.026754443989513987,-0.09707847182187024,-0.023532217874415076,classical_shadow_0.40,"['seal', 'ZoomBlur', 'textWatermark']",0.7783373594284058
mixeddoc_00738,-6.155776192255729,7.339840477917079,-0.0321448917221685,docres_deshadow,"['textWatermark', 'shadow']",0.8015144467353821
mixeddoc_00739,0.30560026384140215,0.7111990888086908,-0.007272240356203809,docres_input_blend_0.80,"['shadow', 'textWatermark']",0.795563280582428
mixeddoc_00740,-0.8588785596670618,3.2065600899428794,-0.020246846289216844,docres_deshadow,"['shadow', 'GaussianBlur', 'SpeckleNoise', 'seal']",0.7906208038330078
mixeddoc_00741,1.1437404286454722,4.1863281062382995,-0.018760014072784333,region_controller,"['GaussianBlur', 'textWatermark', 'seal']",0.797153651714325
mixeddoc_00742,1.5066575850914248,4.901518815229679,-0.03049237713896509,region_controller,"['textWatermark', 'seal']",0.7826768159866333
mixeddoc_00743,0.0320892956828871,0.055876531153220554,-0.016921253364010055,docres_input_blend_0.80,"['seal', 'DefocusBlur']",0.7978512048721313
mixeddoc_00744,-0.8048997888246809,2.592850905594993,-0.03965931227094904,docres_input_blend_0.90,"['seal', 'textWatermark', 'shadow']",0.7965479493141174
mixeddoc_00745,2.1539931008320536,4.956070466703354,-0.09910184457542126,docres_input_blend_0.80,"['shadow', 'DefocusBlur']",0.8119149804115295
mixeddoc_00746,-0.106039318077503,0.9604662756972147,-0.023398182537554588,docres_deshadow,"['ImpulseNoise', 'textWatermark', 'shadow']",0.7732263207435608
mixeddoc_00747,0.3262227133918998,0.010181569375465216,-0.006919360159542094,docres_input_blend_0.80,"['seal', 'textWatermark']",0.7899250388145447
mixeddoc_00748,-0.04463430596914719,4.012862998634137,-0.011392795108168,docres_input_blend_0.90,"['shadow', 'textWatermark', 'seal']",0.7863682508468628
mixeddoc_00749,0.11119864926135392,0.21334192965892385,-0.014386310021728091,docres_input_blend_0.80,"['textWatermark', 'shadow']",0.7731850147247314
mixeddoc_00750,0.930972811418556,-1.1617770700989212,-0.012039448714990172,classical_shadow_0.40,"['textWatermark', 'seal']",0.792090892791748
mixeddoc_00751,0.8297539729143111,0.47499546780267643,-0.05775910266305545,region_controller,"['ZoomBlur', 'textWatermark', 'shadow']",0.8101887702941895
mixeddoc_00752,0.4773904102874198,0.017580041872644614,-0.015231101400582751,region_controller,"['seal', 'textWatermark']",0.7849416732788086
mixeddoc_00753,-0.3312456976264322,1.6119618488590142,-0.006814331648977434,docres_deshadow,"['shadow', 'textWatermark']",0.7892311811447144
mixeddoc_00754,2.1336434094001397,15.81575999073793,-0.012361887390735543,region_controller,['shadow'],0.7972021102905273
mixeddoc_00755,0.052001630016533795,-0.11743752925593753,-0.017213307309869585,classical_shadow_0.40,"['shadow', 'MotionBlur', 'seal', 'textWatermark']",0.7919577360153198
mixeddoc_00756,0.14797329508341406,1.674006024649323,-0.011124986227142974,docres_input_blend_0.80,"['shadow', 'seal', 'textWatermark']",0.796556830406189
mixeddoc_00757,0.2378980390990364,5.502373161064382,-0.007872263502753496,docres_input_blend_0.80,"['seal', 'textWatermark']",0.7914925813674927
mixeddoc_00758,0.356063329456596,-0.02725691864983837,-0.02500117986328615,classical_shadow_0.40,"['textWatermark', 'MotionBlur', 'seal']",0.7771682739257812
mixeddoc_00759,-0.09199648656381498,1.4477413957081762,-0.018623914841390393,docres_deshadow,"['textWatermark', 'SpeckleNoise']",0.7785468101501465
mixeddoc_00760,1.613573403239311,2.489938199539658,-0.015712282346975193,region_controller,"['seal', 'shadow']",0.7930381298065186
mixeddoc_00761,0.5348105351848389,-0.14260296798256178,-0.01740593837504012,classical_shadow_0.40,['textWatermark'],0.802288293838501
mixeddoc_00762,0.566225656398391,2.626498544318789,-0.018466624458467723,region_controller,"['textWatermark', 'seal', 'shadow']",0.7859808206558228
mixeddoc_00763,0.44811096515030613,0.041968919594612686,-0.03182331168033681,region_controller,"['textWatermark', 'seal', 'GaussianBlur']",0.8083215355873108
mixeddoc_00764,-0.567107031475615,2.249371108059105,-0.05908740868752552,docres_deshadow,"['GlassBlur', 'textWatermark', 'shadow']",0.7923240065574646
mixeddoc_00765,-0.3718447497937021,0.9421337224632929,-0.011415036751695161,docres_deshadow,"['textWatermark', 'shadow']",0.7874554991722107
mixeddoc_00766,0.8346595213807859,-0.41612194626144117,-0.04273021478709449,classical_shadow_0.40,"['shadow', 'seal', 'DefocusBlur']",0.8051252365112305
mixeddoc_00767,0.5167551270751041,-0.6372241659539242,-0.16248474938167512,classical_shadow_0.40,"['ZoomBlur', 'textWatermark', 'seal']",0.8277074694633484
mixeddoc_00768,-1.4832751614005968,0.9739562877492833,-0.10114970416081476,docres_deshadow,"['textWatermark', 'ShotNoise', 'seal', 'shadow']",0.7615029215812683
mixeddoc_00769,0.1557141720500823,5.1569261836738285,-0.005045923806012386,docres_input_blend_0.80,"['textWatermark', 'seal']",0.8012761473655701
mixeddoc_00770,0.4312145080293561,-0.5747722902655781,-0.026180181240817474,classical_shadow_0.40,"['MotionBlur', 'seal', 'textWatermark']",0.7885263562202454
mixeddoc_00771,-2.408816511872235,2.8874112081207794,-0.13610827230067973,docres_deshadow,"['shadow', 'GaussianNoise', 'textWatermark', 'seal']",0.7930407524108887
mixeddoc_00772,-0.8547569981288436,0.9711903039757424,-0.051656258422044604,docres_deshadow,"['seal', 'ShotNoise', 'shadow']",0.762027382850647
mixeddoc_00773,-2.1003787833924292,6.046190642878578,-0.010633706176767274,docres_deshadow,"['seal', 'shadow']",0.804801881313324
mixeddoc_00774,0.620194714060899,0.5720169316153196,-0.04906575150416115,docres_input_blend_0.80,"['seal', 'GlassBlur', 'shadow', 'textWatermark']",0.7987391352653503
mixeddoc_00775,1.1732168417902962,1.9432470152698365,-0.03087400081761188,region_controller,"['textWatermark', 'seal']",0.7982979416847229
mixeddoc_00776,-0.4470925751084778,2.734925296838785,-0.1429593349058682,docres_deshadow,"['seal', 'textWatermark', 'shadow', 'ZoomBlur']",0.8213710784912109
mixeddoc_00777,1.3636243396512597,-0.16084931659925772,-0.035818336311203514,classical_shadow_0.40,"['shadow', 'seal', 'GlassBlur']",0.7965617179870605
mixeddoc_00778,0.7434942531049096,1.2790933784828482,-0.013562474291551559,region_controller,"['seal', 'textWatermark']",0.7966419458389282
mixeddoc_00779,-3.818604124922821,6.616482116758178,-0.01383108356403194,docres_deshadow,"['seal', 'shadow']",0.7990705370903015
mixeddoc_00780,0.26617707655971756,1.9160149725545672,-0.046182732520807734,docres_input_blend_0.80,"['textWatermark', 'MotionBlur', 'shadow']",0.8030561208724976
mixeddoc_00781,-0.9484563160456148,2.2000469554825983,-0.04070696798084622,docres_deshadow,"['ImpulseNoise', 'seal', 'shadow']",0.7720994353294373
mixeddoc_00782,0.53868668337714,3.0668427994144842,-0.10255459266915068,docres_input_blend_0.80,"['seal', 'MotionBlur', 'shadow']",0.8107059597969055
mixeddoc_00783,-2.870194703885627,6.916090239187895,-0.02866094416998169,docres_deshadow,"['seal', 'shadow']",0.7967810034751892
mixeddoc_00784,-0.25049940978147944,1.0004201774148136,-0.02368947911727963,docres_deshadow,"['MotionBlur', 'textWatermark', 'shadow', 'seal']",0.7930912971496582
mixeddoc_00785,-0.06308494456379776,0.271059664533599,-0.007260028912816133,docres_deshadow,"['textWatermark', 'seal']",0.794114887714386
mixeddoc_00786,-0.4650685544001405,2.007118925565223,-0.012234780470609219,docres_deshadow,"['shadow', 'GaussianBlur', 'textWatermark']",0.7912585139274597
mixeddoc_00787,0.7551754464471898,11.23556283727999,-0.006222598397736173,region_controller,['seal'],0.7999455332756042
mixeddoc_00788,-0.4949178943925716,2.1850691534873796,-0.01729448211841038,docres_deshadow,"['DefocusBlur', 'shadow', 'seal']",0.7983487248420715
mixeddoc_00789,-0.016328084912125007,2.0915763594226675,-0.03398778167298855,docres_input_blend_0.90,"['shadow', 'GlassBlur', 'seal']",0.8017274141311646
mixeddoc_00790,-0.9016087306231864,1.0055980498918053,-0.06372840261932691,docres_deshadow,"['shadow', 'seal', 'ShotNoise']",0.7569817900657654
mixeddoc_00791,-0.2786561061055046,0.5004718820001504,-0.03329114095290572,docres_deshadow,"['seal', 'textWatermark', 'ShotNoise', 'GlassBlur']",0.76312255859375
mixeddoc_00792,-1.9751148690850364,5.942087526690091,-0.2280087973010052,docres_deshadow,"['shadow', 'seal', 'ZoomBlur']",0.8175012469291687
mixeddoc_00793,-0.5067376367326979,2.7197361993571256,-0.023703183408226747,docres_deshadow,"['seal', 'shadow', 'textWatermark']",0.7917565107345581
mixeddoc_00794,-1.8328984696144488,3.7492002640754407,-0.022464360506541325,docres_deshadow,"['textWatermark', 'shadow']",0.7955933213233948
mixeddoc_00795,-0.35463224556348294,1.8709963283199755,-0.04256662580371964,docres_deshadow,"['textWatermark', 'ImpulseNoise', 'shadow', 'seal']",0.767297625541687
mixeddoc_00796,-0.02801127861088304,0.7813794036245376,-0.004714226766207277,docres_input_blend_0.80,['seal'],0.8117169737815857
mixeddoc_00797,0.05949000347102995,0.7433798621832608,-0.033232853537326384,docres_input_blend_0.80,"['shadow', 'GlassBlur', 'seal', 'textWatermark']",0.7877817153930664
mixeddoc_00798,-0.40228005189292304,0.3076453642677599,-0.03149928378742012,docres_deshadow,"['seal', 'shadow', 'textWatermark', 'ShotNoise', 'GlassBlur']",0.777898371219635
mixeddoc_00799,-0.9147328313789576,1.340627026568093,-0.04901612719679849,docres_deshadow,"['shadow', 'textWatermark', 'seal']",0.7906473278999329
mixeddoc_00800,0.0509106098505292,-0.002720539431212643,-0.006852696218977002,docres_input_blend_0.80,"['seal', 'GlassBlur', 'textWatermark']",0.7872653603553772
mixeddoc_00801,0.07229443453251605,1.8942322648462202,-0.16820499629817465,docres_input_blend_0.90,"['shadow', 'ZoomBlur', 'textWatermark']",0.8190162777900696
mixeddoc_00802,-0.2847948069649284,1.7798434126336886,-0.02506106604780428,docres_deshadow,"['shadow', 'seal', 'textWatermark']",0.7881590723991394
mixeddoc_00803,-0.14175993905867657,-0.35633324401986854,-0.014602471096433027,classical_shadow_0.40,"['shadow', 'textWatermark', 'seal']",0.7957457900047302
mixeddoc_00804,1.1775911850457597,0.5877835278539791,-0.04011442765188497,region_controller,"['textWatermark', 'shadow', 'seal']",0.7885696887969971
mixeddoc_00805,-1.325165884857391,3.7777006030870197,-0.030462933719780316,docres_deshadow,"['textWatermark', 'shadow']",0.794624924659729
mixeddoc_00806,0.002245828465014199,0.5868466900705869,-0.02058758563374638,docres_input_blend_0.80,"['seal', 'textWatermark', 'shadow', 'GaussianBlur']",0.7870664596557617
mixeddoc_00807,-0.632772659763301,1.4644113841328448,-0.042545658039634726,docres_deshadow,"['SpeckleNoise', 'shadow', 'GlassBlur']",0.811630129814148
mixeddoc_00808,-0.09719893665628021,-1.01088597793877,-0.03201167352661963,classical_shadow_0.40,"['seal', 'SpeckleNoise', 'textWatermark', 'GaussianBlur']",0.8136522769927979
mixeddoc_00809,-1.7016992146217405,4.228610345550791,-0.026002164949401496,docres_deshadow,"['seal', 'shadow', 'textWatermark']",0.7916121482849121
mixeddoc_00810,-0.2869551816361984,0.46368258314675614,-0.051766093932427176,docres_deshadow,"['ZoomBlur', 'textWatermark', 'shadow']",0.7974548935890198
mixeddoc_00811,-3.2063674427369833,6.638142652144081,-0.24301127022604307,docres_deshadow,"['seal', 'shadow', 'ZoomBlur']",0.8178379535675049
mixeddoc_00812,-0.16638610937057052,0.807528215403277,-0.014053231355094134,docres_deshadow,"['shadow', 'textWatermark']",0.803791344165802
mixeddoc_00813,-1.7185889719308989,2.3232378323209772,-0.04255294153854901,docres_deshadow,"['seal', 'shadow', 'GaussianNoise']",0.7949020862579346
mixeddoc_00814,-4.481610991690996,7.577500380879318,-0.012315098259800164,docres_deshadow,"['shadow', 'seal']",0.7987171411514282
mixeddoc_00815,-0.568927490016101,1.4223340576282535,-0.038410210926740185,docres_deshadow,"['shadow', 'seal', 'ShotNoise']",0.76777583360672
mixeddoc_00816,-1.0648660266391587,3.294631456671299,-0.05937083630083562,docres_deshadow,"['GaussianBlur', 'textWatermark', 'seal', 'shadow']",0.7945529222488403
mixeddoc_00817,-0.8597320378116287,1.3128029417125902,-0.024230078083114837,docres_deshadow,"['shadow', 'seal', 'textWatermark', 'GaussianNoise']",0.7851014733314514
mixeddoc_00818,0.6475788871877057,2.918332781190408,-0.014281825438017114,region_controller,"['seal', 'textWatermark']",0.793006181716919
mixeddoc_00819,1.4050741206823822,12.990967610068697,-0.014968115273293794,region_controller,"['seal', 'shadow']",0.8021910190582275
mixeddoc_00820,-0.6153892464449804,3.78093262769438,-0.0318084242817992,docres_deshadow,"['seal', 'shadow', 'textWatermark', 'GaussianBlur']",0.7938627600669861
mixeddoc_00821,-0.4896586858945078,2.284800289708798,-0.015385603202198103,docres_deshadow,"['textWatermark', 'seal', 'shadow']",0.8063291907310486
mixeddoc_00822,0.8841528226645963,-0.703382435166894,-0.0527578725294966,classical_shadow_0.40,"['seal', 'shadow', 'textWatermark', 'ZoomBlur']",0.8108728528022766
mixeddoc_00823,-5.821010980677176,8.11636139825561,-0.01238743075899798,docres_deshadow,['shadow'],0.8019853830337524
mixeddoc_00824,-0.18431313426850693,0.19550286520415483,-0.017480311653217756,docres_deshadow,"['GaussianNoise', 'GaussianBlur', 'seal', 'textWatermark', 'shadow']",0.7955529689788818
mixeddoc_00825,0.02182637018970013,0.35455431617302224,-0.006818708925184054,region_controller,['textWatermark'],0.8149593472480774
mixeddoc_00826,-0.46364429097967985,1.94170952337657,-0.014756949207442124,docres_deshadow,"['shadow', 'textWatermark']",0.7797706723213196
mixeddoc_00827,-0.20449505583135874,7.091054487785442,-0.019641544088541213,docres_input_blend_0.90,"['GaussianBlur', 'shadow']",0.7940218448638916
mixeddoc_00828,-0.01835715914391045,0.12605492004305674,-0.008396600047158885,docres_deshadow,"['textWatermark', 'seal', 'GaussianBlur']",0.7958706617355347
mixeddoc_00829,0.015442445938944616,0.11805948633889685,-0.006838380479079219,docres_input_blend_0.80,"['textWatermark', 'MotionBlur', 'seal']",0.793917179107666
mixeddoc_00830,0.0834270398676118,-0.42041506209655566,-0.010954379497446438,classical_shadow_0.40,"['textWatermark', 'seal']",0.7919785380363464
mixeddoc_00831,-0.1168477608513463,0.6343449571252684,-0.012439468779296706,docres_deshadow,"['GlassBlur', 'shadow', 'seal', 'textWatermark']",0.7836170196533203
mixeddoc_00832,-0.30200506505523705,1.568765013101192,-0.04042776975177681,docres_deshadow,"['shadow', 'seal', 'ZoomBlur', 'textWatermark']",0.8187283873558044
mixeddoc_00833,-0.006470875806755316,-0.0375080027785657,-0.01920527030161291,classical_shadow_0.40,"['textWatermark', 'ZoomBlur']",0.8024837374687195
mixeddoc_00834,0.9425987389562316,2.401567801589728,-0.018611819027369296,region_controller,"['seal', 'GaussianNoise', 'shadow']",0.792317271232605
mixeddoc_00835,-1.6440131858389861,3.8230003883331882,-0.029637643553072107,docres_deshadow,"['textWatermark', 'shadow']",0.7898682355880737
mixeddoc_00836,-0.2606128046751639,1.1610880303838318,-0.041312568179174114,docres_deshadow,"['textWatermark', 'shadow', 'ZoomBlur']",0.8190160989761353
mixeddoc_00837,0.012765611626349482,0.03501901491798165,-0.02421069847534056,docres_input_blend_0.80,"['textWatermark', 'ZoomBlur', 'seal']",0.7955658435821533
mixeddoc_00838,1.0219505198639176,3.531813051430099,-0.02384011492834652,region_controller,"['textWatermark', 'shadow']",0.7921314835548401
mixeddoc_00839,0.2782164615217759,1.2855972350154445,-0.013299826823700733,region_controller,"['seal', 'textWatermark']",0.7878499627113342
mixeddoc_00840,0.1516468641173958,-0.4635531424438355,-0.01996021020250785,classical_shadow_0.40,"['seal', 'GlassBlur', 'textWatermark']",0.801929771900177
mixeddoc_00841,-1.199386965720116,3.3995466166220645,-0.08650739365339732,docres_deshadow,"['DefocusBlur', 'textWatermark', 'shadow']",0.8042875528335571
mixeddoc_00842,0.7373259459379717,1.2068533497223726,-0.015303602642951136,region_controller,"['shadow', 'textWatermark']",0.7932566404342651
mixeddoc_00843,0.03866253985396639,-0.2309441007896602,-0.004505281719330692,classical_shadow_0.40,"['textWatermark', 'seal']",0.804171085357666
mixeddoc_00844,1.4095645952799494,2.7960299634980146,-0.01942103287472613,region_controller,"['shadow', 'seal']",0.8114355206489563
mixeddoc_00845,-0.11257129055944048,0.535131466028453,-0.02178392994822502,docres_deshadow,"['MotionBlur', 'shadow', 'textWatermark', 'seal']",0.790144681930542
mixeddoc_00846,-0.052232897794070254,0.0621984572234382,-0.004493476746150499,docres_deshadow,"['seal', 'textWatermark']",0.8163425922393799
mixeddoc_00847,1.5876808931163566,-1.4593288455918874,-0.05480655765399692,classical_shadow_0.40,"['seal', 'textWatermark']",0.7778905630111694
mixeddoc_00848,0.5536645167175323,0.19714853684778433,-0.01904372845676912,region_controller,"['seal', 'textWatermark']",0.7816779613494873
mixeddoc_00849,0.4478249513524304,7.603810422683072,-0.02053039236896255,docres_input_blend_0.90,"['seal', 'shadow']",0.7919192910194397
mixeddoc_00850,-5.71334098784029,7.887677123296026,-0.013493224018033045,docres_deshadow,"['shadow', 'seal']",0.7962870597839355
mixeddoc_00851,-0.020494138239580906,0.1498615556853835,-0.02765355682315311,docres_deshadow,"['ZoomBlur', 'shadow', 'textWatermark']",0.7894221544265747
mixeddoc_00852,0.36564474453168216,0.5412931808326213,-0.01751678272151891,region_controller,"['shadow', 'textWatermark']",0.7900164127349854
mixeddoc_00853,-0.06769109740485746,0.20984369261471159,-0.006415720882724279,docres_input_blend_0.80,"['textWatermark', 'seal']",0.812860906124115
mixeddoc_00854,0.18978849525224817,0.46594526436838635,-0.015868641430237543,docres_input_blend_0.80,"['textWatermark', 'seal']",0.7972316145896912
mixeddoc_00855,0.025184039976828387,-0.1792811092403639,-0.008115260839580717,classical_shadow_0.40,"['textWatermark', 'MotionBlur', 'seal']",0.7931652069091797
mixeddoc_00856,2.4012069355017758,2.9389222808693987,-0.03129697504269774,docres_input_blend_0.80,"['textWatermark', 'shadow']",0.8026779890060425
mixeddoc_00857,-0.4195877537819612,1.5673626107620642,-0.009477918058951942,docres_deshadow,"['seal', 'textWatermark', 'shadow']",0.7884700298309326
mixeddoc_00858,-1.092826803300703,3.237646541297007,-0.08058023229292821,docres_deshadow,"['textWatermark', 'seal', 'shadow', 'MotionBlur']",0.7952589988708496
mixeddoc_00859,0.3337819519413614,1.2769980298637904,-0.022101861783339893,docres_input_blend_0.80,"['shadow', 'textWatermark', 'GlassBlur']",0.7870602607727051
mixeddoc_00860,-1.4470429680795611,8.156347046749747,-0.033654376369692374,docres_deshadow,"['ImpulseNoise', 'seal', 'shadow']",0.77935391664505
mixeddoc_00861,-0.15042797129564534,-0.008227040099384908,-0.0254518126363468,docres_deshadow,"['MotionBlur', 'shadow', 'textWatermark', 'ImpulseNoise']",0.7720970511436462
mixeddoc_00862,0.19194609908582194,0.4190691043940973,-0.013930853652133993,docres_input_blend_0.80,"['seal', 'textWatermark']",0.7940460443496704
mixeddoc_00863,-2.13316499069942,7.701092828803141,-0.010197482991747761,docres_deshadow,['shadow'],0.8085687756538391
mixeddoc_00864,1.429354867833613,2.000008077723237,-0.019424144543736824,docres_input_blend_0.80,"['seal', 'shadow']",0.7968399524688721
mixeddoc_00865,-0.3847442135041774,1.63696167521827,-0.02691734123839662,docres_deshadow,"['shadow', 'textWatermark', 'GlassBlur', 'seal']",0.7876877784729004
mixeddoc_00866,-0.7733163180660014,1.8893629415396944,-0.06410563141529091,docres_deshadow,"['MotionBlur', 'shadow', 'textWatermark', 'seal']",0.7949689030647278
mixeddoc_00867,1.1783539963095215,0.2710922006902159,-0.03559858441218672,region_controller,"['seal', 'textWatermark', 'DefocusBlur']",0.7951120734214783
mixeddoc_00868,-4.283345570843636,7.299944656165209,-0.00929163223668357,docres_deshadow,"['seal', 'shadow']",0.7983605265617371
mixeddoc_00869,-0.022564513106964057,-0.05730268072179712,-0.020082325898896906,classical_shadow_0.40,"['ZoomBlur', 'seal', 'textWatermark']",0.8051730394363403
mixeddoc_00870,-0.4287320547393527,1.1645553672674858,-0.0112356767754761,docres_deshadow,"['textWatermark', 'seal', 'shadow']",0.784824013710022
mixeddoc_00871,1.7031771586422337,-0.7962088640658607,-0.03733176130462296,classical_shadow_0.40,"['GaussianBlur', 'textWatermark']",0.7984691858291626
mixeddoc_00872,0.053843280690827555,4.058214781368427,-0.011429905191423013,docres_input_blend_0.80,"['seal', 'shadow', 'textWatermark']",0.7927051782608032
mixeddoc_00873,-0.07241553831266145,0.2815321238314876,-0.03746985408043879,docres_deshadow,"['seal', 'ZoomBlur', 'shadow', 'textWatermark']",0.7797772884368896
mixeddoc_00874,-0.020750605272588984,0.3123931980223347,-0.0533848745113189,docres_input_blend_0.90,"['textWatermark', 'shadow', 'ZoomBlur']",0.7908846735954285
mixeddoc_00875,-0.28491418750107655,0.8796098235328778,-0.01419832762877292,docres_deshadow,"['textWatermark', 'seal', 'shadow']",0.7899192571640015
mixeddoc_00876,-0.00021524310818321624,0.35831497882794494,-0.013732602246327018,docres_input_blend_0.80,"['shadow', 'textWatermark', 'MotionBlur', 'seal']",0.7866812348365784
mixeddoc_00877,0.6825435407023903,0.21081186182687972,-0.018494284469306024,region_controller,"['seal', 'DefocusBlur', 'textWatermark']",0.7813480496406555
mixeddoc_00878,-0.299036330073001,0.36160838131982587,-0.013647237468017243,docres_deshadow,"['textWatermark', 'ShotNoise']",0.808208703994751
mixeddoc_00879,2.2802244266309426,-0.6485987821392243,-0.026368104774912526,classical_shadow_0.40,"['shadow', 'seal', 'textWatermark']",0.7800411581993103
mixeddoc_00880,1.7146712853148323,10.374881556780997,-0.02422486992740777,region_controller,"['seal', 'textWatermark']",0.783728837966919
mixeddoc_00881,1.061267531310179,4.364452068606969,-0.03410523630065429,region_controller,"['textWatermark', 'seal', 'shadow']",0.777956485748291
mixeddoc_00882,1.7372427456253483,4.192971043491301,-0.05528278359175026,region_controller,"['seal', 'textWatermark']",0.7702152729034424
mixeddoc_00883,1.1721157086874605,3.6582205255142703,-0.021081376175250494,region_controller,"['textWatermark', 'shadow']",0.7991809844970703
mixeddoc_00884,-0.2053103721683165,2.9865992676672626,-0.01224714077678353,docres_input_blend_0.90,"['textWatermark', 'shadow']",0.7964754104614258
mixeddoc_00885,1.410154209290102,2.1090546568780937,-0.02484793915279143,region_controller,"['shadow', 'seal', 'textWatermark']",0.7723295092582703
mixeddoc_00886,0.04456488823100102,9.084895122077853,-0.018533575341709754,docres_input_blend_0.80,"['seal', 'textWatermark', 'GaussianNoise']",0.800052285194397
mixeddoc_00887,1.2247192341577744,3.058665656655819,-0.03146171142095622,region_controller,"['seal', 'textWatermark', 'GaussianBlur']",0.8009801506996155
mixeddoc_00888,1.181645957889625,2.743741239365404,-0.019793364850061224,docres_input_blend_0.80,"['seal', 'textWatermark']",0.8007985949516296
mixeddoc_00889,0.5088763113487733,-0.39929538929516184,-0.0718008050789235,classical_shadow_0.40,"['textWatermark', 'ZoomBlur', 'shadow']",0.8053399324417114
mixeddoc_00890,0.9193343002419567,2.8679516643476397,-0.027811634107971397,region_controller,"['shadow', 'seal', 'textWatermark']",0.7957906723022461
mixeddoc_00891,1.1061993109297479,-0.10736027827011974,-0.12894642276085466,classical_shadow_0.40,"['seal', 'shadow', 'textWatermark', 'ZoomBlur']",0.8117784857749939
mixeddoc_00892,-0.3962531706743526,0.3577180636892763,-0.02639718465958507,docres_deshadow,"['ShotNoise', 'seal', 'textWatermark', 'shadow']",0.7869121432304382
mixeddoc_00893,0.5066210825246777,-0.3333582686298211,-0.09356746447866637,classical_shadow_0.40,"['ZoomBlur', 'textWatermark', 'shadow']",0.8108266592025757
mixeddoc_00894,1.5703282132935676,-0.45032798424244547,-0.0453817746909142,classical_shadow_0.40,"['seal', 'textWatermark']",0.8102108240127563
mixeddoc_00895,-0.3493677132449342,2.6785520145961392,-0.025451206576339022,docres_deshadow,"['SpeckleNoise', 'textWatermark', 'seal', 'shadow']",0.7981458306312561
mixeddoc_00896,-0.08981813294957064,0.7880499552418208,-0.010617396466027336,docres_input_blend_0.90,"['textWatermark', 'seal', 'shadow']",0.7948207855224609
mixeddoc_00897,-1.4751037938092288,3.151497236949826,-0.015486320605701598,docres_deshadow,"['shadow', 'textWatermark']",0.8011516332626343
mixeddoc_00898,-0.5666989149884429,9.32775082668363,-0.009423465002451892,docres_deshadow,"['seal', 'shadow']",0.80168616771698
mixeddoc_00899,0.0377263960219949,0.6712355925976894,-0.01091843819640339,docres_input_blend_0.80,"['shadow', 'textWatermark', 'DefocusBlur']",0.8038253784179688
mixeddoc_00900,-0.1502849942853679,3.959442777490576,-0.029745914945732185,docres_input_blend_0.90,"['seal', 'shadow', 'textWatermark', 'DefocusBlur']",0.8086093068122864
mixeddoc_00901,0.7936929887427517,0.49016313446118076,-0.03657840217881575,region_controller,"['textWatermark', 'MotionBlur', 'shadow']",0.7983039021492004
mixeddoc_00902,0.24935561482524804,3.9910974882051207,-0.022767409147494616,docres_input_blend_0.80,"['SpeckleNoise', 'textWatermark', 'seal']",0.7841789126396179
mixeddoc_00903,0.4600157860997047,-0.44474022922634227,-0.03151610171984803,classical_shadow_0.40,"['ZoomBlur', 'seal', 'shadow']",0.8072695136070251
mixeddoc_00904,0.7949197079746781,-0.3673392861614495,-0.09633213454777495,classical_shadow_0.40,"['shadow', 'seal', 'ZoomBlur']",0.8156573176383972
mixeddoc_00905,0.9959142908848371,1.9804319706121447,-0.025112796965794937,region_controller,"['textWatermark', 'shadow', 'ImpulseNoise']",0.7998775839805603
mixeddoc_00906,0.714903639558468,1.5561921684974855,-0.04531726398084582,region_controller,"['seal', 'GaussianNoise', 'MotionBlur', 'textWatermark']",0.788485050201416
mixeddoc_00907,0.41111006608867307,0.0926740112871638,-0.0659143413880888,region_controller,"['ZoomBlur', 'seal']",0.8071153163909912
mixeddoc_00908,0.4020676667632017,4.685692510537535,-0.014769260201178254,region_controller,"['seal', 'shadow', 'GlassBlur']",0.8116457462310791
mixeddoc_00909,0.043685377287030036,0.6399483316967398,-0.009408774414691588,docres_input_blend_0.80,"['textWatermark', 'shadow']",0.7724587321281433
mixeddoc_00910,-0.05355187002713535,0.7744053128817399,-0.02588093472855038,docres_input_blend_0.90,"['shadow', 'ImpulseNoise', 'seal']",0.768698513507843
mixeddoc_00911,0.1965488133289739,2.3934543845831406,-0.017043769698101452,region_controller,"['GlassBlur', 'shadow', 'textWatermark', 'seal']",0.7915785312652588
mixeddoc_00912,1.9120637030832057,3.1748236053342858,-0.03785328448788655,region_controller,"['textWatermark', 'seal']",0.7859147787094116
mixeddoc_00913,0.954430674285609,-0.2357462618463817,-0.10077385052936688,classical_shadow_0.40,"['textWatermark', 'ZoomBlur', 'shadow']",0.814067006111145
mixeddoc_00914,1.8190138813942518,9.899903828951757,-0.013750349937393644,region_controller,"['shadow', 'seal']",0.7794063091278076
mixeddoc_00915,2.1768819758802813,-0.5506715915865215,-0.03523407376044019,classical_shadow_0.40,"['seal', 'shadow', 'MotionBlur']",0.7776720523834229
mixeddoc_00916,0.3236245421694477,-0.011481826966964093,-0.010724166687406167,classical_shadow_0.40,['textWatermark'],0.7922282814979553
mixeddoc_00917,1.8938109154518052,0.44745948037916605,-0.018287245715679412,region_controller,"['GaussianBlur', 'seal']",0.7917619943618774
mixeddoc_00918,1.8809226839369018,12.81505130727626,-0.013450789481211839,region_controller,['seal'],0.8070420622825623
mixeddoc_00919,0.7577425793813184,3.6218584157817446,-0.02029981444066771,region_controller,"['seal', 'textWatermark']",0.8014218807220459
mixeddoc_00920,0.2538239456582083,1.4578559976397152,-0.02030150614533016,region_controller,"['textWatermark', 'seal', 'shadow']",0.7854679822921753
mixeddoc_00921,-0.3777592885501626,0.7448588089917969,-0.030885686516455707,docres_deshadow,"['textWatermark', 'shadow', 'ShotNoise']",0.7650755047798157
mixeddoc_00922,-0.10375237438196727,-1.606571099981947,-0.025586052862007463,classical_shadow_0.40,"['ImpulseNoise', 'shadow', 'seal', 'textWatermark']",0.7753276228904724
mixeddoc_00923,0.6181764497993889,3.444088942853636,-0.03499828278529424,region_controller,"['shadow', 'seal', 'MotionBlur', 'ImpulseNoise', 'textWatermark']",0.7941568493843079
mixeddoc_00924,0.20074724129463206,5.62723003193279,-0.01713538775650178,docres_input_blend_0.80,"['shadow', 'GlassBlur', 'textWatermark']",0.7975683808326721
mixeddoc_00925,-1.391487664507153,6.247518053117968,-0.05612315079115865,docres_input_blend_0.90,"['shadow', 'seal', 'DefocusBlur']",0.7985975742340088
mixeddoc_00926,0.2957733347647604,1.8203279035934798,-0.01590266181808904,region_controller,"['GlassBlur', 'textWatermark', 'seal']",0.7920073866844177
mixeddoc_00927,1.915798280190991,1.1444482302371668,-0.061757772712940695,region_controller,"['shadow', 'textWatermark']",0.7746573090553284
mixeddoc_00928,1.0182150165024773,1.3049128098787435,-0.03702219213001312,region_controller,"['textWatermark', 'seal', 'shadow']",0.7903274297714233
mixeddoc_00929,1.4221111442900014,-0.5115975123370049,-0.09930776689191512,classical_shadow_0.40,"['shadow', 'seal', 'ZoomBlur']",0.8178667426109314
mixeddoc_00930,2.513556687580895,9.081304955826688,-0.0297222647736759,region_controller,"['seal', 'shadow']",0.7897123098373413
mixeddoc_00931,0.6553482823222154,4.757543003887768,-0.016743397968350143,region_controller,"['seal', 'GlassBlur']",0.7937265038490295
mixeddoc_00932,1.7836451306129568,3.567839455225837,-0.02159369383856337,region_controller,"['shadow', 'seal']",0.7934272885322571
mixeddoc_00933,0.47183457997027034,0.14001612542580943,-0.05519076515467475,region_controller,"['shadow', 'GaussianNoise', 'textWatermark', 'seal', 'ZoomBlur']",0.822171688079834
mixeddoc_00934,-0.18762812438292542,1.1072247815457175,-0.01941127926708082,docres_deshadow,"['textWatermark', 'shadow']",0.7831272482872009
mixeddoc_00935,0.8831274920296615,2.166077084428874,-0.01961592577898512,region_controller,"['textWatermark', 'seal', 'shadow']",0.794901430606842
mixeddoc_00936,0.29622962865163416,0.16150983390066642,-0.021506531804956208,region_controller,"['MotionBlur', 'shadow', 'textWatermark', 'seal']",0.7871086001396179
mixeddoc_00937,-0.6180894346961736,2.12648912256887,-0.028068004417802356,docres_deshadow,"['shadow', 'textWatermark']",0.7861868739128113
mixeddoc_00938,-2.8343737241805904,5.140805630045598,-0.03414708327531224,docres_deshadow,"['shadow', 'textWatermark', 'seal']",0.7957776784896851
mixeddoc_00939,-0.0899198917055628,2.0943845185893935,-0.01621934069803503,docres_deshadow,"['seal', 'textWatermark', 'shadow', 'MotionBlur']",0.7862587571144104
mixeddoc_00940,0.21489234437377291,0.5281426238761284,-0.032426177654914484,docres_input_blend_0.80,"['shadow', 'seal', 'ZoomBlur']",0.8250030875205994
mixeddoc_00941,-3.059862424324738,7.984200684547012,-0.012287531723139067,docres_deshadow,"['seal', 'shadow']",0.7942343950271606
mixeddoc_00942,0.08206752123731675,0.7047774848155193,-0.021457149093455585,docres_input_blend_0.80,"['shadow', 'textWatermark']",0.7790655493736267
mixeddoc_00943,0.8815199388550603,3.3564655714894407,-0.038606847427632845,docres_input_blend_0.80,"['GaussianBlur', 'shadow', 'seal']",0.8104802966117859
mixeddoc_00944,0.22068721356501086,-0.1593916769833612,-0.01003590506073751,classical_shadow_0.40,"['textWatermark', 'seal']",0.789247989654541
mixeddoc_00945,0.13437099016944032,1.069084510234756,-0.015339226502575312,docres_input_blend_0.80,"['seal', 'GaussianBlur', 'textWatermark']",0.7866937518119812
mixeddoc_00946,-0.3429198711733825,1.3140535803105742,-0.03317379885385832,docres_deshadow,"['seal', 'shadow', 'textWatermark', 'MotionBlur']",0.810134768486023
mixeddoc_00947,-0.9407473687808867,-0.2504158408500956,-0.05024674244079527,docres_deshadow,"['seal', 'shadow', 'GlassBlur', 'ShotNoise']",0.7971025705337524
mixeddoc_00948,0.33623727992621255,1.1123048004180482,-0.027307982113267196,region_controller,"['MotionBlur', 'shadow', 'textWatermark', 'seal']",0.7924000024795532
mixeddoc_00949,-0.047475550234512554,0.4839649806766211,-0.00943208751937949,docres_input_blend_0.80,"['shadow', 'seal', 'textWatermark', 'GaussianBlur']",0.7918106317520142
mixeddoc_00950,0.010715073175564527,0.009153702644521644,-0.025203459048951965,docres_input_blend_0.80,"['seal', 'textWatermark', 'GaussianBlur']",0.7977952361106873
mixeddoc_00951,1.5042586177586692,1.339759975431928,-0.023698565401022928,region_controller,"['textWatermark', 'shadow']",0.7939571142196655
mixeddoc_00952,-0.17463468598573328,1.1144983078945856,-0.011026229208445149,docres_deshadow,"['textWatermark', 'seal', 'GaussianBlur', 'shadow']",0.7864189743995667
mixeddoc_00953,-0.011295210071661899,4.107837093827126,-0.0029699347540728775,docres_input_blend_0.80,"['seal', 'textWatermark']",0.785118818283081
mixeddoc_00954,0.23727400312931834,4.675279717784825,-0.03934947907856293,docres_input_blend_0.90,"['shadow', 'textWatermark', 'DefocusBlur']",0.8047040700912476
mixeddoc_00955,-0.23767676039928531,1.6988213805272743,-0.018204091524807814,docres_deshadow,"['textWatermark', 'seal', 'shadow', 'GaussianNoise']",0.7908775210380554
mixeddoc_00956,-3.0790477273552526,8.265844745248103,-0.011499419104270894,docres_deshadow,"['seal', 'shadow']",0.8081428408622742
mixeddoc_00957,-1.9259198254928123,2.486898870982923,-0.04882628945502959,docres_deshadow,"['shadow', 'seal', 'textWatermark']",0.7945101261138916
mixeddoc_00958,0.5709638738704435,0.018598072309210067,-0.0587893676541818,region_controller,"['textWatermark', 'shadow', 'ZoomBlur', 'seal']",0.8131062388420105
mixeddoc_00959,0.06207910248793702,0.5591530290945101,-0.038785781153529514,docres_input_blend_0.80,"['textWatermark', 'seal', 'ZoomBlur', 'ImpulseNoise']",0.7689223885536194
mixeddoc_00960,0.3542244875017104,0.020368169110113854,-0.049025860391437526,region_controller,"['seal', 'ZoomBlur', 'shadow', 'textWatermark']",0.8270980715751648
mixeddoc_00961,0.6402054520264784,1.6633429197645633,-0.030414781224855553,region_controller,"['seal', 'textWatermark', 'DefocusBlur']",0.787457287311554
mixeddoc_00962,0.03472692348146467,-0.18063489506656794,-0.009136445526561232,classical_shadow_0.40,"['seal', 'textWatermark']",0.7757871150970459
mixeddoc_00963,-1.3919977972785418,3.502572621478153,-0.017797931561906732,docres_deshadow,"['textWatermark', 'seal', 'shadow']",0.7975512742996216
mixeddoc_00964,-1.1192666576048254,1.4003440416790838,-0.04736890476558847,docres_deshadow,"['seal', 'shadow', 'ShotNoise']",0.8033545613288879
mixeddoc_00965,0.6741230721472711,9.419862329391037,-0.016118622137851188,region_controller,"['textWatermark', 'seal', 'GaussianBlur']",0.7988317012786865
mixeddoc_00966,-0.37038551671829545,2.7553386675280773,-0.04506970048886705,docres_deshadow,"['shadow', 'seal', 'ZoomBlur', 'textWatermark']",0.8094085454940796
mixeddoc_00967,-0.5667772684833992,1.6154296368064571,-0.044504841185790844,docres_deshadow,"['ShotNoise', 'shadow', 'seal']",0.7559415698051453
mixeddoc_00968,-0.5128743421936477,2.144620056816521,-0.05262925998488599,docres_deshadow,"['GlassBlur', 'shadow', 'textWatermark', 'seal']",0.8055945038795471
mixeddoc_00969,-0.0063603706480570565,0.7921803209409006,-0.05821617035400839,docres_input_blend_0.80,"['shadow', 'textWatermark', 'ZoomBlur', 'seal', 'GaussianNoise']",0.8258782029151917
mixeddoc_00970,-0.15588705453274088,1.278681692480836,-0.03303215373731294,docres_deshadow,"['shadow', 'textWatermark', 'ShotNoise']",0.7713750004768372
mixeddoc_00971,-0.03334823436151879,0.4089315332394712,-0.015412866861804958,docres_input_blend_0.90,"['textWatermark', 'seal', 'MotionBlur']",0.784830629825592
mixeddoc_00972,-1.0068556103296835,2.2300803998641427,-0.04400073532083679,docres_deshadow,"['ImpulseNoise', 'shadow', 'seal']",0.7761236429214478
mixeddoc_00973,-0.7379591601624824,2.3683743383689553,-0.016262226361482765,docres_deshadow,"['shadow', 'textWatermark']",0.7890128493309021
mixeddoc_00974,0.8356241185777016,1.1432092991590679,-0.03948561925944069,region_controller,"['textWatermark', 'DefocusBlur', 'seal']",0.8170780539512634
mixeddoc_00975,0.2203547575184963,3.688394564915999,-0.010889165714626399,docres_input_blend_0.80,"['seal', 'textWatermark']",0.806037425994873
mixeddoc_00976,-0.7085104523371566,1.3416311074406888,-0.056085581615613445,docres_deshadow,"['GaussianNoise', 'textWatermark', 'shadow']",0.7851284742355347
mixeddoc_00977,-0.5816508864390855,0.9297417826134424,-0.06690757681723078,docres_deshadow,"['ZoomBlur', 'shadow', 'ShotNoise', 'textWatermark']",0.7422246336936951
mixeddoc_00978,0.013053219808444538,1.0748783547946523,-0.008658615471994913,region_controller,"['textWatermark', 'seal', 'GlassBlur']",0.8091618418693542
mixeddoc_00979,-0.1612895466118438,1.3145524599969143,-0.025667873736066604,docres_deshadow,"['MotionBlur', 'shadow', 'textWatermark']",0.8074063658714294
mixeddoc_00980,-0.8490975655228468,2.736857025169485,-0.036805787489615216,docres_deshadow,"['textWatermark', 'shadow']",0.7930803894996643
mixeddoc_00981,-0.10401159761017809,1.009720064529958,-0.01943775542874554,docres_deshadow,"['shadow', 'ZoomBlur', 'textWatermark']",0.8417056798934937
mixeddoc_00982,0.11387617297629404,-0.49872896126627353,-0.007143221541970671,classical_shadow_0.40,"['seal', 'textWatermark']",0.7966467142105103
mixeddoc_00983,-1.3987389286811016,4.472496449704666,-0.04070105187150119,docres_deshadow,"['seal', 'textWatermark', 'MotionBlur', 'shadow']",0.8029730916023254
mixeddoc_00984,-0.21884861843118486,0.8998661396526906,-0.0185711096363248,docres_deshadow,"['MotionBlur', 'seal', 'textWatermark', 'shadow']",0.8197930455207825
mixeddoc_00985,0.054733814260337965,1.3663487420162568,-0.009620889757984384,docres_input_blend_0.80,"['GaussianBlur', 'seal']",0.8090996146202087
mixeddoc_00986,-0.007586981928735526,0.18248531876568563,-0.01798377672181853,docres_input_blend_0.80,"['seal', 'textWatermark', 'DefocusBlur']",0.801415205001831
mixeddoc_00987,-0.5527617870885742,1.118257815381611,-0.038294402581673354,docres_deshadow,"['textWatermark', 'ShotNoise', 'shadow']",0.7619655728340149
mixeddoc_00988,-2.628267863012809,7.525396960557785,-0.015789326833669848,docres_deshadow,"['shadow', 'seal']",0.7932631969451904
mixeddoc_00989,0.3423960571231852,-0.7062638649678092,-0.015292562110344729,classical_shadow_0.40,"['textWatermark', 'GaussianBlur']",0.8028517961502075
mixeddoc_00990,-3.323650961600375,6.3072226573851555,-0.05153426762918928,docres_deshadow,"['textWatermark', 'seal', 'shadow']",0.7953019738197327
mixeddoc_00991,-1.4020366622361706,4.98110643425418,-0.04628138392603445,docres_deshadow,"['textWatermark', 'GaussianBlur', 'shadow']",0.8000514507293701
mixeddoc_00992,-0.23736812115577166,1.0406727938782083,-0.011871665616894692,docres_deshadow,"['shadow', 'textWatermark', 'seal']",0.7863377332687378
mixeddoc_00993,-13.096478375727425,8.440769632805033,-0.024983291984599254,docres_deshadow,['shadow'],0.8069448471069336
mixeddoc_00994,1.106453146737973,-0.9309636134768944,-0.035172963111344074,classical_shadow_0.40,"['GaussianBlur', 'textWatermark']",0.7987023591995239
mixeddoc_00995,-0.054257317500159274,0.5259596743075328,-0.00683079875610898,docres_input_blend_0.90,"['shadow', 'textWatermark']",0.7965657114982605
mixeddoc_00996,-1.0117121698159863,3.3938133480442545,-0.1513438184428249,docres_deshadow,"['shadow', 'SpeckleNoise', 'seal', 'ZoomBlur']",0.8265696167945862
mixeddoc_00997,-0.42251861169278726,0.5197066926244815,-0.026452172567816207,docres_deshadow,"['shadow', 'SpeckleNoise', 'textWatermark']",0.7868399024009705
mixeddoc_00998,-0.5340040673563671,2.1059786740820012,-0.07289656534646816,docres_deshadow,"['shadow', 'ZoomBlur', 'SpeckleNoise', 'textWatermark']",0.8118066191673279
mixeddoc_00999,0.08592093855223837,-0.062222782425362055,-0.010687747781901867,classical_shadow_0.40,"['seal', 'MotionBlur', 'textWatermark']",0.8080503940582275
mixeddoc_01000,-2.135912629605796,3.450608904969723,-0.027512615747572633,docres_deshadow,"['textWatermark', 'shadow', 'seal']",0.7876197695732117
mixeddoc_01001,-0.1643565306246515,0.22908740676617612,-0.02920080870501207,docres_deshadow,"['textWatermark', 'seal', 'shadow', 'ShotNoise']",0.7466809749603271
mixeddoc_01002,-2.7265203627774497,6.750596043340241,-0.0074589780268724815,docres_deshadow,"['shadow', 'seal']",0.8066282868385315
mixeddoc_01003,0.1655989764237802,-0.1968674122941998,-0.023325908991572206,classical_shadow_0.40,"['textWatermark', 'seal', 'MotionBlur']",0.7995306849479675
mixeddoc_01004,-0.007728598847645429,-0.013673705635110167,-0.018081982782719053,classical_shadow_0.40,"['textWatermark', 'ZoomBlur', 'seal']",0.7962827682495117
mixeddoc_01005,-10.540404661033076,8.476051833513427,-0.027477333475973142,docres_deshadow,"['seal', 'shadow']",0.8085402846336365
mixeddoc_01006,-0.37152568310181167,1.3433174868980586,-0.011352570832070467,docres_deshadow,"['shadow', 'textWatermark']",0.7913080453872681
mixeddoc_01007,-0.12343238540200474,0.2702058250303345,-0.008692482815322738,docres_deshadow,"['textWatermark', 'seal']",0.8117567896842957
mixeddoc_01008,-0.12814988908889546,0.7186271735412255,-0.009530702736490634,docres_deshadow,"['MotionBlur', 'textWatermark', 'shadow']",0.7919317483901978
mixeddoc_01009,-0.15992256290240192,0.745892880301227,-0.015641895703856656,docres_deshadow,"['GaussianBlur', 'textWatermark', 'shadow']",0.7840378284454346
mixeddoc_01010,-1.3537131999783263,3.416464034210584,-0.03361784336096485,docres_deshadow,"['seal', 'shadow', 'textWatermark']",0.8084690570831299
mixeddoc_01011,-2.6575805414177722,4.576898574905936,-0.05234445327540427,docres_deshadow,"['textWatermark', 'shadow']",0.8063054084777832
mixeddoc_01012,-2.8293881645393277,4.2547218805280345,-0.030499355089328994,docres_deshadow,"['textWatermark', 'shadow', 'seal', 'GaussianBlur']",0.7960558533668518
mixeddoc_01013,-1.0356289865235162,3.9988813564962165,-0.022736562748815137,docres_deshadow,"['shadow', 'textWatermark', 'seal']",0.7965260148048401
mixeddoc_01014,-0.11148922759365831,0.9809055664874791,-0.014467528739807632,docres_deshadow,"['shadow', 'MotionBlur']",0.8072269558906555
mixeddoc_01015,-1.6728378556794752,4.4819948522614865,-0.026584473063905323,docres_deshadow,"['shadow', 'textWatermark']",0.7958158254623413
mixeddoc_01016,-0.45129567407585114,2.1515444559912353,-0.009815086661482432,docres_deshadow,"['shadow', 'seal', 'textWatermark']",0.8008880615234375
mixeddoc_01017,-0.20307647407758012,0.9611316139555726,-0.009458481585236739,docres_deshadow,"['shadow', 'seal', 'GlassBlur', 'textWatermark']",0.8023321628570557
mixeddoc_01018,-0.30527652572661523,1.824052102163506,-0.008044362052252351,docres_deshadow,"['shadow', 'textWatermark']",0.8075162172317505
mixeddoc_01019,-1.5385074598072919,4.478974175237894,-0.02325917239655234,docres_deshadow,"['seal', 'textWatermark', 'shadow']",0.8049396872520447
mixeddoc_01020,-0.005963364810593674,0.07351327412545317,-0.003852070277475847,docres_input_blend_0.80,"['seal', 'textWatermark']",0.809709370136261
mixeddoc_01021,-0.19436840517915144,1.1091011238234607,-0.01641405425914716,docres_deshadow,"['seal', 'shadow', 'GaussianBlur']",0.8101971745491028
mixeddoc_01022,-0.25214781492765326,1.3991692880620725,-0.02334858072771366,docres_deshadow,"['seal', 'MotionBlur', 'shadow', 'textWatermark']",0.8011745810508728
mixeddoc_01023,-4.202044984453924,6.091142910408561,-0.026216682378557288,docres_deshadow,"['textWatermark', 'shadow', 'seal']",0.796593427658081
mixeddoc_01024,-1.2282088264815982,3.7535293397986393,-0.011661493974027895,docres_deshadow,"['textWatermark', 'shadow']",0.7984186410903931
mixeddoc_01025,-0.8145541246592991,0.10159102028644007,-0.07039899490517176,docres_deshadow,"['ShotNoise', 'shadow']",0.764011025428772
mixeddoc_01026,-1.9468275055811084,4.732039346538091,-0.018987380449864977,docres_deshadow,"['shadow', 'textWatermark']",0.8101844787597656
mixeddoc_01027,-0.4016684919520017,1.5937873920120218,-0.012204471009558973,docres_deshadow,"['textWatermark', 'shadow', 'MotionBlur']",0.8064061403274536
mixeddoc_01028,-2.922555418876545,6.966756104328287,-0.01215619557172612,docres_deshadow,"['seal', 'GaussianBlur', 'shadow']",0.801690936088562
mixeddoc_01029,-1.8562571509339243,3.8481187332895566,-0.04363349500960756,docres_deshadow,"['seal', 'shadow', 'GlassBlur', 'textWatermark']",0.7985338568687439
mixeddoc_01030,0.5194411409310469,0.4185768881784462,-0.04708843266555307,region_controller,"['shadow', 'textWatermark']",0.7965633869171143
mixeddoc_01031,-1.0612006335348578,2.2329405950845924,-0.04004267320586924,docres_deshadow,"['textWatermark', 'shadow']",0.7807638645172119
mixeddoc_01032,-0.01863414509832495,0.043371380207982924,-0.01861306007466279,docres_input_blend_0.80,"['DefocusBlur', 'textWatermark', 'shadow']",0.7860475182533264
mixeddoc_01033,-0.10123914775330434,0.2786149220389653,-0.011802674204284921,docres_deshadow,"['seal', 'textWatermark']",0.8235151171684265
mixeddoc_01034,-0.10242393388375248,0.5099097591981945,-0.007256117514853812,docres_deshadow,"['textWatermark', 'seal', 'shadow']",0.7902457118034363
mixeddoc_01035,-2.030413836653171,4.955122793211727,-0.03441851201658774,docres_deshadow,"['GlassBlur', 'textWatermark', 'shadow']",0.7934542298316956
mixeddoc_01036,-1.7820707462106036,5.150291128445517,-0.012812862384394927,docres_deshadow,"['shadow', 'textWatermark']",0.7902287840843201
mixeddoc_01037,-0.04584384586169321,0.09107835105844941,-0.010006366079804162,docres_input_blend_0.90,"['seal', 'DefocusBlur', 'textWatermark']",0.8146600723266602
mixeddoc_01038,0.0890215706595292,-0.3190805473808602,-0.00908429982804028,classical_shadow_0.40,"['textWatermark', 'GaussianBlur', 'seal']",0.8014302849769592
mixeddoc_01039,-7.330279202606558,8.287693146271906,-0.012979604824033403,docres_deshadow,"['shadow', 'seal']",0.8028343915939331
mixeddoc_01040,-4.55306759238746,6.9824051300888605,-0.01920770869451352,docres_deshadow,"['seal', 'shadow']",0.7995728254318237
mixeddoc_01041,-0.17067141323277468,0.6480342959842922,-0.014581567198316478,docres_deshadow,"['textWatermark', 'DefocusBlur', 'shadow', 'seal']",0.7886573076248169
mixeddoc_01042,-0.24025068359711454,0.3679458495631067,-0.021025001857712014,docres_deshadow,"['shadow', 'textWatermark', 'DefocusBlur', 'SpeckleNoise']",0.7813349962234497
mixeddoc_01043,-1.5036502585311737,3.5710523522940356,-0.07011883260991991,docres_deshadow,"['textWatermark', 'shadow']",0.794366717338562
mixeddoc_01044,0.25216361673661325,-1.5190578621302393,-0.004403445387388849,classical_shadow_0.40,"['seal', 'textWatermark']",0.8259856104850769
mixeddoc_01045,-0.16337444239418097,0.3320272836878022,-0.0361641183643924,docres_deshadow,"['DefocusBlur', 'ShotNoise', 'shadow', 'seal']",0.7424025535583496
mixeddoc_01046,-9.316171918912161,8.634832744830293,-0.04156958031788344,docres_deshadow,"['shadow', 'seal']",0.8009207248687744
mixeddoc_01047,-0.5254697626128717,3.0385318067676828,-0.034299082267493064,docres_deshadow,"['shadow', 'seal', 'MotionBlur']",0.8128783106803894
mixeddoc_01048,-2.555302160360906,5.829763899317943,-0.07213145414580399,docres_deshadow,"['textWatermark', 'shadow', 'seal']",0.8084275126457214
mixeddoc_01049,-0.037048586227271585,-0.04963390774490506,-0.0028492247511172665,classical_shadow_0.40,['textWatermark'],0.8108968138694763
mixeddoc_01050,-0.5149004249784781,2.1615151253873,-0.014050957631866014,docres_deshadow,"['shadow', 'textWatermark', 'seal']",0.7950080037117004
mixeddoc_01051,-1.8281054736682698,5.077664597609921,-0.04116444094508831,docres_deshadow,"['seal', 'shadow', 'textWatermark']",0.8058581948280334
mixeddoc_01052,-0.3983788601635254,0.5555441974869417,-0.057636974540713426,docres_deshadow,"['DefocusBlur', 'textWatermark', 'shadow', 'ShotNoise']",0.7794268727302551
mixeddoc_01053,0.12217453272521439,-0.506952934116816,-0.006133682604619394,classical_shadow_0.40,"['textWatermark', 'seal']",0.8032114505767822
mixeddoc_01054,-0.31348531755283915,0.5192722311253348,-0.013606635284850226,docres_deshadow,"['shadow', 'GaussianNoise', 'seal', 'textWatermark']",0.8001744747161865
mixeddoc_01055,-0.022312262251588777,-0.0012948435845601125,-0.027758402141609767,docres_input_blend_0.80,"['ZoomBlur', 'textWatermark', 'seal']",0.7988426089286804
mixeddoc_01056,-0.5401480454173253,2.011419745349958,-0.044251131751270656,docres_deshadow,"['seal', 'GaussianBlur', 'textWatermark', 'shadow']",0.7990646958351135
mixeddoc_01057,-0.507541071479654,-0.16384006792374173,-0.04805562103123731,docres_deshadow,"['ShotNoise', 'seal', 'shadow']",0.7664161920547485
mixeddoc_01058,0.6183032857412378,-1.0784240387150028,-0.016242722135789298,classical_shadow_0.40,"['textWatermark', 'seal', 'DefocusBlur']",0.8066841959953308
mixeddoc_01059,-2.7349337739771684,7.189506947176959,-0.007783390028215667,docres_deshadow,"['seal', 'shadow']",0.8115785121917725
mixeddoc_01060,0.022581358320834966,-0.24701289222358014,-0.018686650441150032,classical_shadow_0.40,"['ImpulseNoise', 'textWatermark', 'seal']",0.7992421984672546
mixeddoc_01061,-0.683652222062495,0.3793277551575702,-0.047996323618340275,docres_deshadow,"['textWatermark', 'shadow', 'ShotNoise']",0.7733432054519653
mixeddoc_01062,-3.5254004504184877,5.166081169693314,-0.034110241278922815,docres_deshadow,"['textWatermark', 'shadow', 'seal']",0.799092173576355
mixeddoc_01063,-0.19748182267247572,0.5271967332541507,-0.007221659387975157,docres_deshadow,"['seal', 'GaussianNoise', 'shadow', 'textWatermark']",0.7976606488227844
mixeddoc_01064,-0.33682236037752133,1.6261497727875138,-0.02155909884902163,docres_deshadow,"['shadow', 'textWatermark']",0.7927711009979248
mixeddoc_01065,0.16630711042498802,5.676157885880436,-0.005438924638503408,region_controller,['shadow'],0.8113143444061279
mixeddoc_01066,-7.07858686798582,9.525859080367315,0.004413593172206312,docres_deshadow,"['seal', 'shadow']",0.8131505846977234
mixeddoc_01067,-0.2734458357315219,0.8408360367287244,-0.025708543954453614,docres_deshadow,"['seal', 'textWatermark']",0.8146201372146606
mixeddoc_01068,-2.1656804382031893,5.942430203093906,-0.031075407309708203,docres_deshadow,"['GlassBlur', 'seal', 'shadow']",0.8080215454101562
mixeddoc_01069,0.09244271401144033,-0.508656889801749,-0.004864204907452874,classical_shadow_0.40,"['seal', 'textWatermark']",0.8189279437065125
mixeddoc_01070,0.0021416766083426353,-0.014329449940749583,-0.0126486951591636,classical_shadow_0.40,"['seal', 'GaussianBlur']",0.8203064799308777
mixeddoc_01071,-2.1570856440695287,5.213518773911012,-0.0267369933862579,docres_deshadow,"['textWatermark', 'shadow']",0.8073712587356567
mixeddoc_01072,-2.6347424375674215,6.195783941408493,-0.033456782398484125,docres_deshadow,"['shadow', 'textWatermark']",0.811166524887085
mixeddoc_01073,-0.029352040138682867,-0.17898011025533478,-0.01676228980450306,classical_shadow_0.40,"['seal', 'ZoomBlur', 'textWatermark']",0.8094119429588318
mixeddoc_01074,-0.15875344932559443,0.1824756278619475,-0.008895956310489325,docres_deshadow,"['SpeckleNoise', 'textWatermark', 'seal']",0.8103381991386414
mixeddoc_01075,-1.143110033321527,3.4307508707745633,-0.03137679598327589,docres_deshadow,"['shadow', 'MotionBlur', 'textWatermark', 'seal']",0.8075088858604431
mixeddoc_01076,-1.295404604942327,3.7955525016838365,-0.031897692123306065,docres_deshadow,"['textWatermark', 'shadow']",0.8082087635993958
mixeddoc_01077,-2.5087589107920927,5.597456329120739,-0.013190853376972456,docres_deshadow,"['shadow', 'textWatermark']",0.816342294216156
mixeddoc_01078,-7.942030448737842,8.594904415910175,-0.012250752402164125,docres_deshadow,"['shadow', 'seal']",0.8069853186607361
mixeddoc_01079,-3.7390844221196176,8.224928978480254,-0.01768785816885883,docres_deshadow,"['seal', 'shadow']",0.8087429404258728
mixeddoc_01080,-1.521789229977088,4.470814840103165,-0.12313417316572883,docres_deshadow,"['textWatermark', 'seal', 'shadow', 'DefocusBlur']",0.805313229560852
mixeddoc_01081,-1.2760521772005937,3.316675124614104,-0.022286398154149872,docres_deshadow,"['seal', 'shadow', 'textWatermark']",0.7989681363105774
mixeddoc_01082,-0.19249536036110015,0.411330490713004,-0.022243058431375654,docres_deshadow,"['shadow', 'ShotNoise', 'textWatermark']",0.787973940372467
mixeddoc_01083,-0.4650538346698099,0.9423172700574298,-0.022647769102174378,docres_deshadow,"['seal', 'shadow', 'SpeckleNoise', 'textWatermark']",0.798117458820343
mixeddoc_01084,0.006931954779359373,0.48827675417127914,-0.018302101322958036,docres_input_blend_0.80,"['shadow', 'textWatermark']",0.7943092584609985
mixeddoc_01085,-0.06194371085352657,0.061424612109373555,-0.007230494866568838,docres_deshadow,"['seal', 'textWatermark']",0.815239667892456
mixeddoc_01086,-1.5293150680144905,4.376198620294602,-0.008767217608089704,docres_deshadow,"['shadow', 'seal']",0.8096985220909119
mixeddoc_01087,-5.702161767318909,5.687237239190058,-0.2762199866887187,docres_deshadow,"['shadow', 'GaussianNoise', 'seal']",0.8052603602409363
mixeddoc_01088,-0.5644266580734936,3.309293048769348,-0.12114965495302243,docres_deshadow,"['seal', 'shadow', 'MotionBlur', 'textWatermark']",0.801230788230896
mixeddoc_01089,-0.3533832907592842,0.28050794865376183,-0.0342216896982436,docres_deshadow,"['textWatermark', 'shadow', 'GlassBlur', 'ShotNoise', 'seal']",0.7736355066299438
mixeddoc_01090,-3.9650559638444864,5.168954903825407,-0.26981851667463697,docres_deshadow,"['shadow', 'textWatermark', 'MotionBlur', 'seal']",0.7995353937149048
mixeddoc_01091,0.07098976910365451,-0.30170496001522906,-0.0064711752671333285,classical_shadow_0.40,['seal'],0.8216087818145752
mixeddoc_01092,-0.7272772722768011,3.018130170961708,-0.011714221216384192,docres_deshadow,"['textWatermark', 'seal', 'shadow']",0.7978745102882385
mixeddoc_01093,-1.3284590840019455,3.5633401710627304,-0.01585933277514112,docres_deshadow,"['shadow', 'seal', 'textWatermark']",0.7983275055885315
mixeddoc_01094,-2.2532735926234757,5.160936873166111,-0.01575145876719583,docres_deshadow,"['textWatermark', 'shadow']",0.8064983487129211
mixeddoc_01095,-1.976459661489045,5.707296197942991,-0.04944561954180976,docres_deshadow,"['seal', 'shadow', 'DefocusBlur', 'textWatermark']",0.8000649213790894
mixeddoc_01096,-1.012113850207193,3.2724933939932512,-0.03583047593748251,docres_deshadow,"['GaussianBlur', 'shadow', 'textWatermark']",0.8023596405982971
mixeddoc_01097,0.04225370475507617,-0.19722450852320605,-0.00475068474942205,classical_shadow_0.40,"['seal', 'textWatermark', 'GaussianBlur']",0.8092139363288879
mixeddoc_01098,0.06727447164126232,-0.34971901849620934,-0.01898938629262581,classical_shadow_0.40,"['seal', 'ImpulseNoise']",0.799094557762146
mixeddoc_01099,-1.0225008725240379,3.6323671298287152,-0.008040205432426784,docres_deshadow,"['textWatermark', 'seal', 'shadow']",0.8047661781311035
mixeddoc_01100,0.12844929966817986,-0.9595715175412103,-0.005999081578322241,classical_shadow_0.40,"['textWatermark', 'seal']",0.8366277813911438
mixeddoc_01101,-3.3797179414073426,6.305014344079993,-0.02387951703775182,docres_deshadow,"['GaussianBlur', 'shadow', 'seal', 'textWatermark']",0.8054258823394775
mixeddoc_01102,-0.2893182542562265,0.9838648859522117,-0.010983341939401675,docres_deshadow,"['seal', 'textWatermark', 'shadow']",0.8028491139411926
mixeddoc_01103,-1.1821413246423447,2.0282289406984013,-0.03805250050797243,docres_deshadow,"['shadow', 'textWatermark', 'SpeckleNoise']",0.7962605357170105
mixeddoc_01104,-0.061663149462024336,0.0562316122487907,-0.006553395418039905,docres_deshadow,['textWatermark'],0.8075820207595825
mixeddoc_01105,-0.2246349597956474,0.36047426343287015,-0.026297656978366474,docres_deshadow,"['ImpulseNoise', 'shadow', 'textWatermark', 'seal']",0.7722517251968384
mixeddoc_01106,-0.1649765556406546,0.35627729414741616,-0.025395991567771142,docres_deshadow,"['seal', 'ShotNoise', 'textWatermark']",0.7767760157585144
mixeddoc_01107,-0.06441483835634187,0.44960400039475346,-0.04589515796595767,docres_deshadow,"['ZoomBlur', 'shadow', 'textWatermark']",0.8165004849433899
mixeddoc_01108,-1.5056375250145813,5.525355924931866,-0.07266502759587612,docres_deshadow,"['textWatermark', 'MotionBlur', 'shadow']",0.8040655851364136
mixeddoc_01109,-0.03672948570367396,0.19977826096889473,-0.008507878607855776,docres_deshadow,"['seal', 'textWatermark', 'ImpulseNoise', 'GlassBlur']",0.8294439315795898
mixeddoc_01110,-0.9449017353920333,3.303758898862455,-0.018457791095477794,docres_deshadow,"['shadow', 'textWatermark']",0.8111070990562439
mixeddoc_01111,-0.8894783122684373,1.8008953259426281,-0.0687188211255011,docres_deshadow,"['seal', 'shadow', 'SpeckleNoise', 'textWatermark']",0.8031274676322937
mixeddoc_01112,-1.1277663552409347,1.8300259835095645,-0.12712613255143262,docres_deshadow,"['textWatermark', 'DefocusBlur', 'shadow', 'SpeckleNoise']",0.7829756140708923
mixeddoc_01113,1.7668618994053737,-2.8669186417612273,-0.03349883978598181,classical_shadow_0.40,"['textWatermark', 'seal']",0.8019341230392456
mixeddoc_01114,-0.6722837815257492,2.0507018911118777,-0.04341558311836405,docres_deshadow,"['shadow', 'ImpulseNoise', 'seal', 'DefocusBlur', 'textWatermark']",0.8083375692367554
mixeddoc_01115,-1.014289830635974,2.7315184362632827,-0.02541555440458121,docres_deshadow,"['textWatermark', 'seal', 'shadow']",0.8011116981506348
mixeddoc_01116,-1.2084482998440897,3.240012705307173,-0.015247256898890449,docres_deshadow,"['shadow', 'seal', 'ImpulseNoise', 'DefocusBlur']",0.812100350856781
mixeddoc_01117,-3.311597707526566,5.071914526676624,-0.029854487095501314,docres_deshadow,"['textWatermark', 'shadow']",0.7968353033065796
mixeddoc_01118,-5.334697363062311,7.762755282279587,-0.02483211800451174,docres_deshadow,"['seal', 'shadow']",0.8097439408302307
mixeddoc_01119,-0.6876067586170613,1.946866329108559,-0.01852107878134293,docres_deshadow,"['textWatermark', 'shadow', 'GaussianNoise', 'GlassBlur']",0.809880256652832
mixeddoc_01120,-0.3200021912334847,2.1907219943830114,-0.0053866092983475555,docres_deshadow,"['shadow', 'textWatermark']",0.8062970042228699
mixeddoc_01121,0.0894427572286638,-0.16840564251775092,-0.005670706122307523,classical_shadow_0.40,"['shadow', 'seal', 'textWatermark']",0.7859947085380554
mixeddoc_01122,-9.605659206096405,8.753141396460219,-0.030752368963342436,docres_deshadow,"['seal', 'shadow']",0.8077825903892517
mixeddoc_01123,-0.28067700938539275,0.7266473341989421,-0.021153143771780514,docres_deshadow,"['ZoomBlur', 'shadow', 'seal', 'textWatermark']",0.8117077946662903
mixeddoc_01124,-0.13810152709163148,0.3120962043046518,-0.02520071673951499,docres_deshadow,"['textWatermark', 'ImpulseNoise', 'seal', 'shadow']",0.7823682427406311
mixeddoc_01125,-0.5009320949003957,3.066557325582867,-0.09900623071604897,docres_deshadow,"['shadow', 'MotionBlur', 'textWatermark']",0.787321150302887
mixeddoc_01126,-0.4342799789638754,1.8706411076165779,-0.038916143629252165,docres_deshadow,"['shadow', 'textWatermark', 'seal', 'MotionBlur']",0.8014988899230957
mixeddoc_01127,-0.0023290956475676694,0.1251606230308262,-0.011851730843297437,docres_input_blend_0.80,"['MotionBlur', 'seal', 'textWatermark']",0.8242540955543518
mixeddoc_01128,0.02762656713223066,-0.24265564470729117,-0.004080574981145911,classical_shadow_0.40,"['seal', 'textWatermark', 'DefocusBlur']",0.8047548532485962
mixeddoc_01129,-1.756950527939189,4.806019312887685,-0.02327671260972755,docres_deshadow,"['shadow', 'textWatermark']",0.8031472563743591
mixeddoc_01130,-0.15151528221418076,0.38567874682861714,-0.010692329493158792,docres_deshadow,"['seal', 'textWatermark']",0.8075073957443237
mixeddoc_01131,-1.2190759525223847,4.710384958951803,-0.025700703682690534,docres_deshadow,"['seal', 'GaussianBlur', 'shadow', 'textWatermark']",0.8017752766609192
mixeddoc_01132,0.023546953115062053,0.01335598486684475,-0.006641911446209483,docres_input_blend_0.80,"['seal', 'shadow', 'textWatermark']",0.7930542826652527
mixeddoc_01133,-1.9633928154510283,1.7658400028475683,-0.10220641760892618,docres_deshadow,"['seal', 'shadow', 'textWatermark']",0.7985312938690186
mixeddoc_01134,-0.305750161144271,1.5300361548998502,-0.009278377858342967,docres_deshadow,"['shadow', 'textWatermark']",0.8024364709854126
mixeddoc_01135,-0.2218397048944265,0.48796123042098927,-0.037709672196795135,docres_deshadow,"['MotionBlur', 'shadow', 'seal', 'ShotNoise']",0.770784318447113
mixeddoc_01136,-0.07451846413547614,0.33593343190432634,-0.007035816362216625,docres_deshadow,"['shadow', 'seal', 'textWatermark', 'MotionBlur']",0.7941880226135254
mixeddoc_01137,0.015115972102151431,0.28032613611661006,-0.023192909745246085,docres_input_blend_0.80,"['MotionBlur', 'seal', 'textWatermark']",0.7940362095832825
mixeddoc_01138,-0.19063107413390767,0.47085921703483535,-0.06506696569594467,docres_deshadow,"['shadow', 'seal', 'textWatermark', 'ZoomBlur', 'GaussianNoise']",0.8153632879257202
mixeddoc_01139,0.06576191099976114,-0.7463591028687517,-0.004703389465317226,classical_shadow_0.40,['seal'],0.8214945793151855
mixeddoc_01140,-1.1650805071734176,3.9673836228109707,-0.027431494682487595,docres_deshadow,"['textWatermark', 'shadow']",0.8086215257644653
mixeddoc_01141,-0.656941159843214,2.2559100081131227,-0.0278434000840255,docres_deshadow,"['textWatermark', 'shadow', 'GaussianBlur', 'seal']",0.7873245477676392
mixeddoc_01142,0.39278746746143867,-0.2660465450408367,-0.005973079009820231,classical_shadow_0.40,['seal'],0.8084181547164917
mixeddoc_01143,0.12897366114434305,-0.3610389667361158,-0.009394040931996438,classical_shadow_0.40,"['GlassBlur', 'shadow', 'textWatermark', 'seal']",0.7885111570358276
mixeddoc_01144,-1.6796320871223323,6.469141993548529,-0.016741429121419474,docres_deshadow,"['shadow', 'textWatermark']",0.8048326373100281
mixeddoc_01145,-5.6195037226868045,7.503672670590948,-0.029385697537690547,docres_deshadow,"['seal', 'shadow']",0.8037513494491577
mixeddoc_01146,-0.0914886538811146,0.8403236063696937,-0.013659400983493442,docres_deshadow,"['shadow', 'MotionBlur']",0.8106440901756287
mixeddoc_01147,-0.12150898215708139,0.18643766292713337,-0.010960497996052934,docres_deshadow,"['seal', 'textWatermark']",0.796701967716217
mixeddoc_01148,-0.057029022321994916,-0.01915346700939935,-0.010090797258972092,docres_deshadow,"['textWatermark', 'seal', 'ZoomBlur']",0.8206987977027893
mixeddoc_01149,-0.4938688504813413,0.5111586252518094,-0.029641126658040584,docres_deshadow,"['seal', 'shadow', 'ImpulseNoise']",0.7876549959182739
mixeddoc_01150,0.03256117433852168,-0.19670547677062444,-0.008031771128947415,classical_shadow_0.40,"['seal', 'textWatermark']",0.8062133193016052
mixeddoc_01151,-0.1829945789598213,0.6272165292754721,-0.016281236797011392,docres_deshadow,"['shadow', 'seal', 'textWatermark']",0.7938879132270813
mixeddoc_01152,-0.3303223901666428,0.9957286791507389,-0.01653886102675442,docres_deshadow,"['shadow', 'seal', 'textWatermark']",0.7900815606117249
mixeddoc_01153,-1.1441567244517685,3.9538002605072826,-0.01567039006549753,docres_deshadow,"['shadow', 'seal', 'textWatermark']",0.8017647862434387
mixeddoc_01154,-4.518294565089846,7.6696023996303495,-0.009426008424099686,docres_deshadow,"['seal', 'shadow']",0.8075844645500183
mixeddoc_01155,-0.29418726003063966,1.4696759617264163,-0.007924454975702239,docres_deshadow,"['shadow', 'textWatermark']",0.7929778695106506
mixeddoc_01156,-0.12235609497225397,0.7563250225996399,-0.0097409342668082,docres_deshadow,"['GlassBlur', 'seal', 'shadow']",0.8037818074226379
mixeddoc_01157,-2.757859855705977,4.861253662288506,-0.047111716922996705,docres_deshadow,"['shadow', 'textWatermark']",0.7984415292739868
mixeddoc_01158,-1.7758844527398914,3.376888093906665,-0.012510916674428593,docres_deshadow,"['textWatermark', 'GaussianNoise', 'shadow']",0.8024348616600037
mixeddoc_01159,2.1518263067433097,-3.1801662255998657,-0.033893834653968974,classical_shadow_0.40,"['shadow', 'seal']",0.8078089952468872
mixeddoc_01160,0.7372547079735234,-0.1716996250011782,-0.03358120212710575,classical_shadow_0.40,"['DefocusBlur', 'textWatermark', 'shadow']",0.8034346103668213
mixeddoc_01161,1.197785069500025,-1.836629718311368,-0.008449093708408892,classical_shadow_0.40,"['DefocusBlur', 'seal']",0.8120957612991333
mixeddoc_01162,-0.2794080325226034,0.37886031170481793,-0.02869750315527353,docres_deshadow,"['ShotNoise', 'shadow', 'textWatermark']",0.7775494456291199
mixeddoc_01163,-0.10158622569301556,0.5087862741525377,-0.011039421175044792,docres_deshadow,"['seal', 'shadow', 'textWatermark']",0.7990927696228027
mixeddoc_01164,-2.5351512823556206,3.867210311708984,-0.1461565736023102,docres_deshadow,"['shadow', 'textWatermark']",0.7887817025184631
mixeddoc_01165,0.09224714845954907,-0.2908076319997548,-0.00617729840625186,classical_shadow_0.40,['seal'],0.8137415051460266
mixeddoc_01166,-1.523127024700024,3.5707352460929442,-0.03093642245298553,docres_deshadow,"['textWatermark', 'seal', 'shadow']",0.7985448241233826
mixeddoc_01167,-0.08688131455066994,0.4609032104148838,-0.048496120636205176,docres_deshadow,"['shadow', 'ZoomBlur']",0.8026987910270691
mixeddoc_01168,-3.472062697413488,6.447158168928198,-0.020270964315434126,docres_deshadow,"['textWatermark', 'shadow']",0.7981337904930115
mixeddoc_01169,-0.3856441879804642,-0.720951766962072,-0.03937354307429061,classical_shadow_0.40,"['ShotNoise', 'textWatermark', 'GaussianBlur', 'shadow', 'seal']",0.8128602504730225
mixeddoc_01170,-0.18236392212638108,0.3939969746559413,-0.013420319023448458,docres_deshadow,"['textWatermark', 'seal']",0.7985085844993591
mixeddoc_01171,-0.5487773286717861,2.450616495522926,-0.020470716095517316,docres_deshadow,"['GaussianBlur', 'seal', 'shadow']",0.8084948062896729
mixeddoc_01172,-0.49538985726561435,1.4996663813089626,-0.014384007932503579,docres_deshadow,"['textWatermark', 'shadow', 'seal']",0.8055477738380432
mixeddoc_01173,-0.2913007667995373,1.2939045089111705,-0.012749601419859674,docres_deshadow,"['seal', 'shadow', 'textWatermark']",0.7930929660797119
mixeddoc_01174,-0.05083514347455065,0.9136951412790673,-0.07692325812556139,docres_input_blend_0.90,"['shadow', 'seal', 'textWatermark', 'ZoomBlur']",0.8152928948402405
mixeddoc_01175,-0.31610938252438814,-0.02011214951264151,-0.03251830129559172,docres_deshadow,"['shadow', 'ImpulseNoise', 'textWatermark']",0.752920925617218
mixeddoc_01176,-0.08032403044978764,0.196030087874572,-0.03812871384740242,docres_deshadow,"['shadow', 'textWatermark', 'ZoomBlur', 'seal']",0.7856906056404114
mixeddoc_01177,-0.011285580972387521,-0.05697038571675961,-0.011482501613920316,classical_shadow_0.40,"['textWatermark', 'ZoomBlur', 'seal']",0.7828916311264038
mixeddoc_01178,-0.23663148829736258,0.737181506521221,-0.010499713270725311,docres_deshadow,"['seal', 'textWatermark', 'shadow']",0.7783377766609192
mixeddoc_01179,-0.03525100160093331,0.2938139554082895,-0.017661108316684535,docres_deshadow,"['ZoomBlur', 'shadow', 'textWatermark']",0.7967848181724548
mixeddoc_01180,1.7873255152184946,-3.6690498325296304,-0.010477364338131435,classical_shadow_0.40,['seal'],0.8099461197853088
mixeddoc_01181,0.7745900927603024,0.18909143834207853,-0.02254685040482507,region_controller,"['seal', 'textWatermark', 'shadow']",0.7891278266906738
mixeddoc_01182,-0.09944437462199929,0.3560781123187269,-0.03007940381107116,docres_input_blend_0.90,"['shadow', 'textWatermark', 'GaussianNoise']",0.7860714197158813
mixeddoc_01183,0.5416882400534426,-0.56692623990104,-0.02136422545308063,classical_shadow_0.40,"['seal', 'textWatermark', 'MotionBlur']",0.8085771799087524
mixeddoc_01184,-0.16703354437382956,-0.37858587570304536,-0.015088978874739034,classical_shadow_0.40,"['textWatermark', 'seal', 'SpeckleNoise', 'GaussianBlur']",0.8229085803031921
mixeddoc_01185,-0.31627634697140294,1.4590749546090365,-0.007925262928100356,docres_deshadow,"['textWatermark', 'shadow']",0.7982409000396729
mixeddoc_01186,-0.013516581215732515,0.15859413131406797,-0.007898097055921802,docres_input_blend_0.80,"['GaussianBlur', 'seal', 'textWatermark']",0.8104122877120972
mixeddoc_01187,-0.4791627976606776,2.924599399023908,-0.023301876835248952,docres_deshadow,"['shadow', 'textWatermark', 'seal']",0.798289954662323
mixeddoc_01188,1.9442524886969004,-2.8470683912520798,-0.03359177279971812,classical_shadow_0.40,"['seal', 'textWatermark']",0.7996172904968262
mixeddoc_01189,-0.86533133058591,4.038975738740632,-0.013809044549989824,docres_deshadow,"['seal', 'shadow', 'textWatermark']",0.800528883934021
mixeddoc_01190,-5.196243699302492,8.036266051814373,-0.012567289653070274,docres_deshadow,"['shadow', 'GaussianBlur', 'seal']",0.8108623623847961
mixeddoc_01191,-6.015683908773809,9.330285583957831,-0.012512364177254612,docres_deshadow,"['shadow', 'seal']",0.8078750967979431
mixeddoc_01192,0.035380747083078035,0.4271217493279593,-0.012841514251674777,docres_input_blend_0.80,"['textWatermark', 'GaussianNoise', 'seal']",0.7940526604652405
mixeddoc_01193,-1.2192182621445724,2.293112830549683,-0.02411797255926948,docres_deshadow,"['textWatermark', 'seal', 'SpeckleNoise', 'shadow']",0.7902586460113525
mixeddoc_01194,-0.3559497310567892,4.561393434874603,-0.007450322664342625,docres_deshadow,"['seal', 'shadow']",0.8086171746253967
mixeddoc_01195,-0.3288987496863438,0.04435528145427625,-0.035559562174385856,docres_deshadow,"['textWatermark', 'ShotNoise', 'shadow']",0.7589206695556641
mixeddoc_01196,-3.1660195234139756,5.674354342693535,-0.03427627645996689,docres_deshadow,"['textWatermark', 'GaussianBlur', 'shadow']",0.7916548848152161
mixeddoc_01197,-0.036976560925598534,0.24346801870290946,-0.0055508284343509795,docres_deshadow,"['GaussianBlur', 'textWatermark', 'seal']",0.8045996427536011
mixeddoc_01198,-0.08101617418229878,0.0805441541040004,-0.005916257457448903,docres_deshadow,['textWatermark'],0.8160719275474548
mixeddoc_01199,-2.5399397476392203,5.0183395307875145,-0.048081067134830846,docres_deshadow,"['shadow', 'textWatermark']",0.7912173271179199
mixeddoc_01200,0.015450095981666578,-0.1383820839629024,-0.013939731514223827,classical_shadow_0.40,"['seal', 'ImpulseNoise']",0.7889530658721924
mixeddoc_01201,-0.28135533749978237,0.5375140805694443,-0.0291185362218261,docres_deshadow,"['shadow', 'SpeckleNoise', 'seal', 'textWatermark']",0.7899033427238464
mixeddoc_01202,-0.3521572559501891,0.11442388787824953,-0.024340224027980292,docres_deshadow,"['ShotNoise', 'seal', 'shadow', 'textWatermark']",0.7892478704452515
mixeddoc_01203,0.09884535501111458,-0.44616544433667116,-0.011024257405480048,classical_shadow_0.40,"['DefocusBlur', 'textWatermark']",0.7986246943473816
mixeddoc_01204,-0.03894153524968402,-0.10539340804861652,-0.00575309257460398,classical_shadow_0.40,['textWatermark'],0.7959581613540649
mixeddoc_01205,-0.21963126993687254,0.24156684325772204,-0.008530405917412286,docres_deshadow,"['seal', 'textWatermark', 'SpeckleNoise']",0.8114096522331238
mixeddoc_01206,-1.0310283599567711,3.661670332285663,-0.03331156478357819,docres_deshadow,"['GlassBlur', 'shadow']",0.8042227029800415
mixeddoc_01207,-0.385974860551773,2.75148654342782,-0.043206134889216374,docres_deshadow,"['seal', 'MotionBlur', 'textWatermark']",0.7986374497413635
mixeddoc_01208,-0.5949237645747409,2.7997332076316255,-0.028432256837760517,docres_deshadow,"['seal', 'DefocusBlur', 'shadow', 'textWatermark']",0.8037101626396179
mixeddoc_01209,-6.827416258706982,8.11328110542279,-0.013759565345400265,docres_deshadow,"['seal', 'shadow']",0.8057501316070557
mixeddoc_01210,-0.3653301995784055,0.7367100846421923,-0.01924946950400118,docres_deshadow,"['seal', 'textWatermark', 'SpeckleNoise', 'shadow']",0.7878245711326599
mixeddoc_01211,-0.34562441959327117,1.3099402466504024,-0.03574498797044412,docres_deshadow,"['DefocusBlur', 'seal', 'textWatermark', 'shadow']",0.8033496141433716
mixeddoc_01212,-3.7142766400964575,6.448773925186346,-0.03980051170340787,docres_deshadow,"['shadow', 'seal', 'textWatermark']",0.8051410913467407
mixeddoc_01213,-0.12089439609524533,0.7914621481663069,-0.048791107004112516,docres_deshadow,"['ImpulseNoise', 'GaussianBlur', 'textWatermark']",0.8028122782707214
mixeddoc_01214,0.07629624896317466,-0.6136597297783339,-0.004874770183067551,classical_shadow_0.40,['seal'],0.8208427429199219
mixeddoc_01215,-7.990160861672823,8.84183318146723,-0.014640220368626194,docres_deshadow,"['shadow', 'seal']",0.8094761371612549
mixeddoc_01216,-7.960380712142051,8.252832877311933,-0.03836223643964454,docres_deshadow,"['textWatermark', 'shadow']",0.8062892556190491
mixeddoc_01217,-2.184195503893971,6.2512737981128375,-0.009270961283234166,docres_deshadow,"['textWatermark', 'shadow']",0.8041620850563049
mixeddoc_01218,0.04044438096977032,-0.22747360070279043,-0.00523855094116734,classical_shadow_0.40,['seal'],0.8179405331611633
mixeddoc_01219,-0.7402365628243857,4.9383260112913945,-0.009853992585805008,docres_deshadow,"['seal', 'shadow']",0.8120570778846741
mixeddoc_01220,-0.21040416214895075,0.7516221625950337,-0.012004687922946816,docres_deshadow,"['seal', 'shadow', 'textWatermark']",0.8037542700767517
mixeddoc_01221,-1.0196481373474349,3.292393256577469,-0.03193311273253985,docres_deshadow,"['seal', 'shadow', 'DefocusBlur']",0.8078852891921997
mixeddoc_01222,-0.7820591815438966,1.9384760475293383,-0.02503173321049501,docres_deshadow,"['textWatermark', 'seal', 'shadow']",0.7866247296333313
mixeddoc_01223,-1.691321924723372,4.854242884037916,-0.018974060499513834,docres_deshadow,"['textWatermark', 'shadow']",0.8074310421943665
mixeddoc_01224,-0.5028432368898663,0.8320269735190884,-0.026774681098449937,docres_deshadow,"['shadow', 'SpeckleNoise', 'textWatermark', 'seal']",0.7896734476089478
mixeddoc_01225,-1.170572123690917,4.2659943700099205,-0.03105024407621282,docres_deshadow,"['textWatermark', 'shadow', 'GlassBlur']",0.8070729374885559
mixeddoc_01226,-0.3015986166247764,0.14177418317272839,-0.027797764178340317,docres_deshadow,"['shadow', 'ShotNoise', 'seal', 'GlassBlur']",0.7953426837921143
mixeddoc_01227,0.2713600913163958,-0.5397801081953659,-0.006756790784421245,classical_shadow_0.40,['seal'],0.8135058283805847
mixeddoc_01228,-0.06461522217644244,0.055493779812412214,-0.016588667517265565,docres_deshadow,"['textWatermark', 'ImpulseNoise', 'seal', 'GaussianBlur']",0.7857239246368408
mixeddoc_01229,-2.952016674423554,6.448297372781095,-0.011340059747725798,docres_deshadow,"['seal', 'shadow']",0.8092995285987854
mixeddoc_01230,0.19095767399432972,-0.7710563659210337,-0.02206863141774719,classical_shadow_0.40,"['seal', 'textWatermark', 'shadow', 'GaussianBlur']",0.7945528626441956
mixeddoc_01231,-0.18965435633452188,0.10377982875301761,-0.03393331518394563,docres_deshadow,"['ShotNoise', 'shadow', 'textWatermark', 'seal']",0.7545261383056641
mixeddoc_01232,-0.22542504484952275,2.319314738907913,-0.007135857444507992,docres_deshadow,"['shadow', 'seal']",0.8091195225715637
mixeddoc_01233,-0.1603393924326717,0.5951350452446285,-0.041662880735772984,docres_deshadow,"['seal', 'textWatermark', 'GaussianBlur', 'ShotNoise']",0.728671669960022
mixeddoc_01234,-0.6888854241880686,1.9804532681634797,-0.03354017660107381,docres_deshadow,"['textWatermark', 'shadow']",0.7957589626312256
mixeddoc_01235,0.012494851790439299,0.6904987908590989,-0.02285547212185869,docres_input_blend_0.80,"['shadow', 'seal', 'textWatermark', 'GaussianBlur']",0.7916030883789062
mixeddoc_01236,0.06880162407946244,-0.20460342224398786,-0.010297252870382433,classical_shadow_0.40,"['MotionBlur', 'textWatermark', 'seal']",0.8041331768035889
mixeddoc_01237,0.08150677564076503,0.08597670919366607,-0.01220398339351532,docres_input_blend_0.80,"['shadow', 'textWatermark']",0.7978977560997009
mixeddoc_01238,-1.1360157720604676,0.257709323821107,-0.07429798668245102,docres_deshadow,"['seal', 'ShotNoise', 'textWatermark', 'shadow', 'MotionBlur']",0.7988619804382324
mixeddoc_01239,-0.5067864871185588,-0.571879086210803,-0.04338828379904747,classical_shadow_0.40,"['seal', 'ShotNoise', 'shadow']",0.7595049142837524
mixeddoc_01240,0.12555628721506196,-0.7402131703681682,-0.03071916980844072,classical_shadow_0.40,['textWatermark'],0.8128482699394226
mixeddoc_01241,-4.451596126812504,8.48766844199979,-0.00828784997899204,docres_deshadow,"['shadow', 'seal']",0.8066300749778748
mixeddoc_01242,0.1121585256429043,-0.3631307184561692,-0.007315519056154622,classical_shadow_0.40,['seal'],0.8100599646568298
mixeddoc_01243,-0.6432590912906306,1.60671261988022,-0.014230666830415989,docres_deshadow,"['SpeckleNoise', 'seal', 'shadow']",0.8067599534988403
mixeddoc_01244,-0.5249760527835221,1.310961939641519,-0.05590106374321638,docres_deshadow,"['shadow', 'GaussianBlur', 'GaussianNoise', 'textWatermark']",0.814207911491394
mixeddoc_01245,-3.7550624004446647,8.590405043143448,-0.019540085626786524,docres_deshadow,"['seal', 'shadow']",0.8108536601066589
mixeddoc_01246,-0.1990003533184712,0.9047613960406018,-0.014981058533889494,docres_deshadow,"['shadow', 'seal', 'textWatermark']",0.8083139657974243
mixeddoc_01247,-0.17346898214771045,1.1349719803126028,-0.017402253395111547,docres_deshadow,"['textWatermark', 'seal', 'DefocusBlur', 'shadow']",0.8102197647094727
mixeddoc_01248,-0.17380125165173865,4.221145971148587,-0.016306124296054353,docres_input_blend_0.90,"['textWatermark', 'shadow', 'seal']",0.8069459795951843
mixeddoc_01249,0.1541613305299876,-0.10631305292444893,-0.024420183179228838,classical_shadow_0.40,"['DefocusBlur', 'seal']",0.8114374876022339
mixeddoc_01250,-0.23481559452524792,1.3962879354863844,-0.013444304426997046,docres_deshadow,"['shadow', 'seal', 'GlassBlur', 'textWatermark']",0.7994611859321594
mixeddoc_01251,-1.175907075268377,3.506729971668033,-0.016659553785460135,docres_deshadow,"['textWatermark', 'shadow', 'GaussianBlur']",0.8037487268447876
mixeddoc_01252,-0.07737406541875913,0.13432941231940276,-0.006938247723255249,docres_deshadow,"['textWatermark', 'seal']",0.805374264717102
mixeddoc_01253,0.10804449942437344,-0.4499659912832321,-0.004916412665413802,classical_shadow_0.40,['seal'],0.8112052083015442
mixeddoc_01254,-0.007814484630813467,-0.025857591397908664,-0.01936995847968509,classical_shadow_0.40,"['seal', 'ZoomBlur']",0.7965949177742004
mixeddoc_01255,-0.029507693279406055,-0.07022152257232861,-0.005783547134843085,classical_shadow_0.40,"['textWatermark', 'seal']",0.8040136694908142
mixeddoc_01256,-0.3154354431061197,1.0476605523894005,-0.04314990539671862,docres_deshadow,"['shadow', 'SpeckleNoise', 'seal', 'textWatermark', 'MotionBlur']",0.8084051012992859
mixeddoc_01257,-0.20630426361079302,1.5526152339219657,-0.01320745589265565,docres_deshadow,"['seal', 'shadow', 'GlassBlur']",0.8080064654350281
mixeddoc_01258,-0.17516859452224764,0.6000160557244847,-0.009005597354411851,docres_deshadow,"['textWatermark', 'seal', 'shadow']",0.7924572825431824
mixeddoc_01259,-0.19301128224150688,0.2619042108461649,-0.03487236729887691,docres_deshadow,"['shadow', 'ImpulseNoise', 'seal', 'textWatermark']",0.7762250900268555
mixeddoc_01260,-0.7257029944991356,-0.49687765483260904,-0.05906444717150766,docres_deshadow,"['shadow', 'DefocusBlur', 'GaussianNoise', 'textWatermark']",0.8017773032188416
mixeddoc_01261,-0.7145976151786897,0.671367537640549,-0.0396999627614395,docres_deshadow,"['ImpulseNoise', 'seal', 'shadow']",0.798645555973053
mixeddoc_01262,-0.5415548487918471,2.2460389744834046,-0.07609472587177651,docres_deshadow,"['ZoomBlur', 'seal', 'shadow', 'textWatermark']",0.8213900327682495
mixeddoc_01263,-0.5619073300920263,2.8794301680486463,-0.02373228654873158,docres_deshadow,"['seal', 'textWatermark', 'shadow', 'GaussianBlur']",0.804946780204773
mixeddoc_01264,-4.386951494080119,6.1774302581021345,-0.05191502457807279,docres_deshadow,"['shadow', 'textWatermark']",0.7979780435562134
mixeddoc_01265,-0.3687500588339141,1.5457114142229536,-0.018442785609566748,docres_deshadow,"['shadow', 'ZoomBlur', 'textWatermark']",0.8139602541923523
mixeddoc_01266,-1.5671660148456397,4.067062226902227,-0.05745360528755966,docres_deshadow,"['shadow', 'textWatermark']",0.7979321479797363
mixeddoc_01267,-0.02590505127674092,-0.006651918068211415,-0.007723298697889399,docres_input_blend_0.80,"['seal', 'textWatermark']",0.7994397878646851
mixeddoc_01268,-1.58410284374229,3.023491548196109,-0.02107230989185857,docres_deshadow,"['shadow', 'textWatermark', 'seal']",0.7952129244804382
mixeddoc_01269,-0.11710299870852836,0.3915003171445477,-0.009518381485024437,docres_deshadow,['textWatermark'],0.8156954050064087
mixeddoc_01270,-0.5059391267324003,2.273891762947045,-0.05047427683618322,docres_deshadow,"['textWatermark', 'shadow', 'seal', 'MotionBlur']",0.8033695220947266
mixeddoc_01271,-0.0913177213799834,0.48538902159472386,-0.008215940212003468,docres_deshadow,"['shadow', 'textWatermark']",0.7946534156799316
mixeddoc_01272,0.03191018336527662,0.18466189601062055,-0.00599505604823268,docres_input_blend_0.80,"['MotionBlur', 'seal']",0.8249117136001587
mixeddoc_01273,-1.9133557948890392,5.294826202341561,-0.008744383016181342,docres_deshadow,"['seal', 'shadow']",0.8065324425697327
mixeddoc_01274,-1.5914213484579705,3.336272847259691,-0.20716992857475292,docres_deshadow,"['shadow', 'ZoomBlur', 'textWatermark']",0.8222319483757019
mixeddoc_01275,-0.010156470329704348,0.07349912201723185,-0.052383933051811465,docres_input_blend_0.80,"['shadow', 'DefocusBlur', 'ImpulseNoise', 'textWatermark']",0.748409628868103
mixeddoc_01276,-0.8756286290765125,2.624932559533404,-0.04642808490168565,docres_deshadow,"['shadow', 'seal', 'ZoomBlur', 'textWatermark']",0.8301360011100769
mixeddoc_01277,-0.04654829467219557,0.017698438521730253,-0.005825832378517352,docres_input_blend_0.80,['textWatermark'],0.8107092976570129
mixeddoc_01278,-0.36992963271517,2.317052238109504,-0.02948684837746443,docres_deshadow,"['textWatermark', 'seal']",0.8155258297920227
mixeddoc_01279,-1.6558528012652474,5.206394505973048,-0.00917715493522564,docres_deshadow,"['shadow', 'textWatermark']",0.808066189289093
mixeddoc_01280,-0.995560409203204,0.9891664000878784,-0.04331665810097848,docres_deshadow,"['shadow', 'seal', 'ImpulseNoise']",0.7917935848236084
mixeddoc_01281,0.3034044045138167,0.30529273583033856,-0.027239596572175617,region_controller,"['MotionBlur', 'shadow', 'seal']",0.7997702360153198
mixeddoc_01282,-1.1562216768288849,3.814018256170204,-0.024058096788675543,docres_deshadow,"['seal', 'shadow', 'MotionBlur']",0.8137596845626831
mixeddoc_01283,-1.5556374353152194,3.9876455409624647,-0.03234294085495354,docres_deshadow,"['seal', 'textWatermark', 'shadow']",0.8081449270248413
mixeddoc_01284,-3.8125760003206857,5.516516304948009,-0.03543717044524658,docres_deshadow,"['textWatermark', 'shadow']",0.7984423637390137
mixeddoc_01285,-3.439347967253859,6.050443949630139,-0.037103275091394494,docres_deshadow,"['textWatermark', 'seal', 'shadow']",0.795896589756012
mixeddoc_01286,-1.0933518171611531,2.2830353837767134,-0.02196625147468617,docres_deshadow,"['seal', 'shadow', 'SpeckleNoise']",0.8006670475006104
mixeddoc_01287,0.00681369070275295,-0.06431284111732083,-0.005935203801841333,classical_shadow_0.40,"['textWatermark', 'seal']",0.8049709796905518
mixeddoc_01288,-0.3352550182884677,0.35120775609320987,-0.02156801435521516,docres_deshadow,"['SpeckleNoise', 'seal', 'textWatermark', 'shadow']",0.7909175157546997
mixeddoc_01289,0.03255601515093076,-0.2997098555417139,-0.011289001482428812,classical_shadow_0.40,"['seal', 'DefocusBlur', 'textWatermark']",0.8089838624000549
mixeddoc_01290,0.45069725423122975,0.04077080679022771,-0.023873069437789468,region_controller,"['seal', 'ImpulseNoise', 'textWatermark', 'DefocusBlur']",0.8025457859039307
mixeddoc_01291,-0.41740553073281816,0.7504489350135835,-0.07814311480506575,docres_deshadow,"['shadow', 'GaussianBlur', 'SpeckleNoise', 'seal']",0.7962728142738342
mixeddoc_01292,-4.231941069232619,5.624351151398173,-0.032957200527488184,docres_deshadow,"['seal', 'textWatermark', 'shadow', 'GaussianBlur']",0.791890025138855
mixeddoc_01293,-0.7428274422716825,2.847305994725481,-0.12171209021423568,docres_deshadow,"['seal', 'ZoomBlur', 'shadow', 'textWatermark']",0.819006085395813
mixeddoc_01294,-2.045520848866591,6.055242235214774,-0.010255307235293873,docres_deshadow,"['shadow', 'seal']",0.8072346448898315
mixeddoc_01295,-0.3519389787100984,0.6709731892735071,-0.02911321088953725,docres_deshadow,"['shadow', 'textWatermark', 'ImpulseNoise']",0.7865264415740967
mixeddoc_01296,-0.29222023924713625,1.1522739220169385,-0.01771290872750589,docres_deshadow,"['seal', 'shadow', 'DefocusBlur']",0.81327885389328
mixeddoc_01297,-0.35274747036966403,2.1304044346313376,-0.008614212362680243,docres_deshadow,"['GaussianBlur', 'shadow', 'textWatermark']",0.8029831051826477
mixeddoc_01298,1.4696677670306038,1.5405636876026918,-0.03145152491796435,region_controller,"['seal', 'GlassBlur', 'shadow']",0.8034015893936157
mixeddoc_01299,0.1626798196395427,-0.1591246535834756,-0.01454324771951436,classical_shadow_0.40,"['seal', 'textWatermark']",0.7873203754425049
mixeddoc_01300,-0.16776071526777514,-0.8940287677700276,-0.018346311454139994,classical_shadow_0.40,"['textWatermark', 'ShotNoise', 'GaussianBlur', 'seal']",0.800575315952301
mixeddoc_01301,-0.5616485018391852,1.28409240118817,-0.05549388905521252,docres_deshadow,"['seal', 'GaussianBlur', 'shadow', 'textWatermark', 'ShotNoise']",0.7335043549537659
mixeddoc_01302,-0.43025690221478996,2.645723949799553,-0.02312745068010004,docres_deshadow,"['textWatermark', 'GaussianBlur', 'shadow']",0.8004403710365295
mixeddoc_01303,-1.5528612833249014,2.6687672444535675,-0.08452532603650198,docres_deshadow,"['GaussianBlur', 'shadow', 'textWatermark', 'seal']",0.8114333748817444
mixeddoc_01304,-0.5027622012727591,2.0832082266785363,-0.009540378312045045,docres_deshadow,"['textWatermark', 'shadow']",0.7986677885055542
mixeddoc_01305,-0.752318908168423,3.2915785745237294,-0.008775980580231595,docres_deshadow,"['seal', 'shadow']",0.8052640557289124
mixeddoc_01306,-0.19236634413105236,0.6800300826770567,-0.023750186409134844,docres_deshadow,"['shadow', 'seal', 'GaussianBlur']",0.788945734500885
mixeddoc_01307,-0.06574913682974781,0.17949927717043934,-0.05920635582160724,docres_deshadow,"['ZoomBlur', 'shadow']",0.7602050304412842
mixeddoc_01308,-10.316808900100153,7.991799363956847,-0.02274293991889237,docres_deshadow,"['shadow', 'seal']",0.7886528968811035
mixeddoc_01309,0.14634831709339835,2.130988652711398,-0.07512815791299265,docres_input_blend_0.90,"['ZoomBlur', 'seal', 'shadow']",0.8194350600242615
mixeddoc_01310,-2.5138163687758706,6.882042242785587,-0.004532768031046783,docres_deshadow,"['shadow', 'seal']",0.8105545043945312
mixeddoc_01311,-0.9598744069763931,1.7985504532861718,-0.021531028937260832,docres_deshadow,"['SpeckleNoise', 'GaussianBlur', 'textWatermark', 'shadow']",0.7949303984642029
mixeddoc_01312,-9.926247474782777,8.646389344146169,-0.029659155689670952,docres_deshadow,"['seal', 'shadow']",0.8076111078262329
mixeddoc_01313,0.017674300399079357,-0.48793219605137494,-0.0024070979458193018,classical_shadow_0.40,['seal'],0.8169424533843994
mixeddoc_01314,-0.14083923324349001,0.39577616778387004,-0.05470120357519159,docres_deshadow,"['ZoomBlur', 'seal', 'shadow', 'SpeckleNoise']",0.7977126836776733
mixeddoc_01315,-0.6068786114491829,2.219408236435452,-0.02296930068894626,docres_deshadow,"['shadow', 'seal', 'GlassBlur']",0.8066827058792114
mixeddoc_01316,0.043417339195638505,-0.3319040960778814,-0.0045964229556162625,classical_shadow_0.40,['textWatermark'],0.8182954788208008
mixeddoc_01317,-0.6612490878984225,2.9347762071268235,-0.004312516491290521,docres_deshadow,"['shadow', 'seal']",0.8058984875679016
mixeddoc_01318,-0.3963727221063742,1.5991392147886678,-0.030056823642353625,docres_deshadow,"['shadow', 'MotionBlur', 'textWatermark']",0.7972807288169861
mixeddoc_01319,-0.9014979936970207,2.946682038889321,-0.07114704020997537,docres_deshadow,"['shadow', 'DefocusBlur', 'textWatermark']",0.8048851490020752
mixeddoc_01320,-0.12945034288005886,0.46712579170436186,-0.009701221466285208,docres_deshadow,"['textWatermark', 'shadow']",0.7849854230880737
mixeddoc_01321,-1.3495370286358082,1.4100967996692493,-0.08028225815588846,docres_deshadow,"['shadow', 'SpeckleNoise', 'seal', 'textWatermark']",0.7779674530029297
mixeddoc_01322,-0.12729052499757287,0.656023553001706,-0.04512603425727563,docres_deshadow,"['ZoomBlur', 'shadow']",0.8191967010498047
mixeddoc_01323,1.5088123331247658,2.9379228193195743,-0.011028474300370253,region_controller,['seal'],0.8036147356033325
mixeddoc_01324,0.20201393900714137,-0.9643655773972846,-0.00751473163778732,classical_shadow_0.40,"['seal', 'textWatermark']",0.7992797493934631
mixeddoc_01325,-1.085887977235215,3.839440313811478,-0.025208035008293883,docres_deshadow,"['shadow', 'GlassBlur', 'textWatermark']",0.7972962856292725
mixeddoc_01326,-1.746360892079128,3.443918471901057,-0.08421551168838465,docres_deshadow,"['seal', 'shadow', 'textWatermark']",0.790052056312561
mixeddoc_01327,-0.07263281922817555,-0.019459581986502883,-0.004302341924573506,docres_deshadow,"['textWatermark', 'seal']",0.7980833649635315
mixeddoc_01328,-0.41912412946831523,2.5327385867863903,-0.020740381838923266,docres_deshadow,"['shadow', 'seal', 'GaussianBlur', 'textWatermark']",0.7957952618598938
mixeddoc_01329,-0.22445216434927673,0.48707043706517794,-0.009470267833632431,docres_deshadow,"['shadow', 'textWatermark', 'GlassBlur']",0.7961414456367493
mixeddoc_01330,-0.012376489414492653,-0.21867196177704784,-0.004464288050549724,classical_shadow_0.40,"['textWatermark', 'seal']",0.8205604553222656
mixeddoc_01331,-0.21814965138801767,0.9579828991711565,-0.015320760552732321,docres_deshadow,"['MotionBlur', 'shadow', 'textWatermark', 'seal']",0.7999967336654663
mixeddoc_01332,-0.07245106678551849,-0.06783158478889817,-0.004611751323353265,docres_input_blend_0.80,"['textWatermark', 'seal']",0.817822277545929
mixeddoc_01333,-6.377140625686771,6.362668105302667,-0.02764832617045515,docres_deshadow,"['textWatermark', 'seal', 'shadow']",0.7863858342170715
mixeddoc_01334,-0.16780276758631274,0.9430618021258592,-0.037890225658725823,docres_deshadow,"['DefocusBlur', 'SpeckleNoise', 'seal', 'shadow']",0.7860684394836426
mixeddoc_01335,-0.8884023827286569,2.214026146715268,-0.07005335194468115,docres_deshadow,"['GlassBlur', 'shadow', 'textWatermark', 'seal']",0.8033082485198975
mixeddoc_01336,0.04226073848153078,-0.8141552532815979,-0.0030128836677048958,classical_shadow_0.40,['seal'],0.8210968375205994
mixeddoc_01337,0.0522845532668228,-0.2895097874291075,-0.0026611067197462764,classical_shadow_0.40,"['textWatermark', 'seal']",0.7989304661750793
mixeddoc_01338,-1.1215220714103626,0.49971670949006786,-0.0582160601588364,docres_deshadow,"['ImpulseNoise', 'textWatermark', 'seal', 'shadow']",0.779330849647522
mixeddoc_01339,0.003420746359790172,-0.06282675849642771,-0.004334760487650989,classical_shadow_0.40,"['textWatermark', 'GlassBlur']",0.8105307221412659
mixeddoc_01340,-2.831762586046626,5.7493763884109015,-0.05029416669141795,docres_deshadow,"['shadow', 'textWatermark']",0.7908608913421631
mixeddoc_01341,1.2207190553502372,-1.0769897245407662,-0.013142896606938285,classical_shadow_0.40,['seal'],0.7988871932029724
mixeddoc_01342,0.26097956159955515,0.2476630622961551,-0.015830193595469777,docres_input_blend_0.80,"['seal', 'textWatermark', 'MotionBlur']",0.7913418412208557
mixeddoc_01343,-7.130656553648379,6.695910377430263,-0.02450738062595187,docres_deshadow,"['textWatermark', 'shadow']",0.7851512432098389
mixeddoc_01344,-1.0369247545191698,3.180460295236106,-0.0708507639674526,docres_deshadow,"['GlassBlur', 'seal', 'shadow']",0.7962074279785156
mixeddoc_01345,-0.4787038570969475,0.1092250600857092,-0.03950591796302155,docres_deshadow,"['ShotNoise', 'seal', 'shadow', 'textWatermark']",0.7671521306037903
mixeddoc_01346,0.08882764106708052,0.5194771261184314,-0.016389791003633164,docres_input_blend_0.80,"['seal', 'GaussianBlur', 'shadow', 'textWatermark']",0.7938196063041687
mixeddoc_01347,-0.046506483432272816,-0.00019293744359671905,-0.01178194857324763,docres_deshadow,"['textWatermark', 'SpeckleNoise', 'seal']",0.7997789978981018
mixeddoc_01348,0.023393731839860266,0.9234441909376088,-0.012926399588721507,docres_input_blend_0.80,"['textWatermark', 'seal']",0.7985092997550964
mixeddoc_01349,0.004037371840439619,-2.3811598643847844,-0.0009687164361141878,classical_shadow_0.40,['seal'],0.8238924741744995
mixeddoc_01350,0.12695215211518018,1.2993901798839147,-0.03110257021198992,docres_input_blend_0.80,"['shadow', 'seal', 'ImpulseNoise', 'GaussianBlur']",0.8025149703025818
mixeddoc_01351,-0.12256727138282031,0.1995815876480158,-0.01683605251065494,docres_deshadow,"['MotionBlur', 'SpeckleNoise', 'textWatermark', 'seal']",0.8168461322784424
mixeddoc_01352,-0.911473515899047,1.04929244980179,-0.05646178329493862,docres_deshadow,"['textWatermark', 'ImpulseNoise', 'shadow']",0.7811753749847412
mixeddoc_01353,-0.005593506457266528,-0.15521360332333956,-0.005507747378844408,classical_shadow_0.40,"['seal', 'textWatermark']",0.8038288950920105
mixeddoc_01354,-0.7833383144731556,1.720470461662984,-0.019868339955723013,docres_deshadow,"['seal', 'textWatermark', 'shadow']",0.783508837223053
mixeddoc_01355,-0.051822055135975376,0.25511944421207033,-0.013398702950154204,docres_input_blend_0.90,"['textWatermark', 'shadow']",0.794609010219574
mixeddoc_01356,-10.212361465532826,8.578522166781752,-0.016829870558642157,docres_deshadow,['shadow'],0.8118140697479248
mixeddoc_01357,-1.0755988679186501,3.273037452884912,-0.06506838631822665,docres_deshadow,"['textWatermark', 'MotionBlur', 'shadow']",0.7963665723800659
mixeddoc_01358,-0.2452312391554905,1.373134394726332,-0.012288558875060779,docres_deshadow,"['shadow', 'textWatermark']",0.7907493114471436
mixeddoc_01359,0.09339400696546107,-2.6235093666877702,-0.0025501169668626124,classical_shadow_0.40,['seal'],0.8269895315170288
mixeddoc_01360,-0.5246607080697494,1.9216953293662584,-0.015820519299469524,docres_deshadow,"['shadow', 'GaussianBlur', 'textWatermark']",0.7909696102142334
mixeddoc_01361,-0.0016632953144970486,0.04030130342803062,-0.003889063505406104,docres_input_blend_0.80,"['textWatermark', 'seal']",0.8344051241874695
mixeddoc_01362,-0.1379958462975246,0.4398452956951324,-0.009039909456439614,docres_deshadow,"['shadow', 'seal', 'textWatermark']",0.7813897132873535
mixeddoc_01363,-0.015291656612326676,0.030805782563724904,-0.004571993171379688,docres_input_blend_0.80,"['seal', 'textWatermark', 'GlassBlur']",0.801624596118927
mixeddoc_01364,-1.11836525447778,1.1145072459323515,-0.03814608111811882,docres_deshadow,"['shadow', 'textWatermark', 'GaussianNoise']",0.7919332385063171
mixeddoc_01365,-0.003913642842405807,0.08516835463093742,-0.004692879762450464,docres_input_blend_0.80,"['seal', 'MotionBlur', 'textWatermark']",0.8084801435470581
mixeddoc_01366,-0.32648454347294376,0.8568478832140709,-0.036397308682693974,docres_deshadow,"['shadow', 'DefocusBlur', 'textWatermark']",0.7896690964698792
mixeddoc_01367,0.2899372855319129,-1.602299280799528,-0.006323646597314159,classical_shadow_0.40,"['textWatermark', 'seal']",0.8239450454711914
mixeddoc_01368,-0.02977707457093004,-0.23970591391120166,-0.019876991520030335,classical_shadow_0.40,"['GaussianNoise', 'seal', 'ZoomBlur', 'textWatermark']",0.784738302230835
mixeddoc_01369,0.4236484349347478,1.0221628195572912,-0.11796720197841581,region_controller,"['ZoomBlur', 'seal', 'shadow']",0.8092818856239319
mixeddoc_01370,0.005786471488764988,-0.029907340841685226,-0.006519456814094403,classical_shadow_0.40,"['MotionBlur', 'seal']",0.8193560242652893
mixeddoc_01371,-0.5202201769906765,2.067865226099425,-0.01174012425216403,docres_deshadow,"['shadow', 'textWatermark']",0.7922700047492981
mixeddoc_01372,-1.422424151330727,4.810574504543613,-0.005704709301774184,docres_deshadow,"['shadow', 'seal']",0.8102521896362305
mixeddoc_01373,-0.5877005043465324,2.2317615332620235,-0.030908534196402188,docres_deshadow,"['textWatermark', 'shadow', 'GlassBlur', 'seal']",0.7960618138313293
mixeddoc_01374,-0.15537680171507162,0.3196949512330818,-0.014485873339092167,docres_deshadow,"['textWatermark', 'GaussianNoise', 'seal', 'shadow']",0.7956005334854126
mixeddoc_01375,-0.22394636758569675,1.033324754866939,-0.022582348402084562,docres_deshadow,"['ImpulseNoise', 'shadow', 'textWatermark', 'DefocusBlur', 'seal']",0.8027623295783997
mixeddoc_01376,-1.8258991591292748,3.236916749126298,-0.034683815825880204,docres_deshadow,"['shadow', 'textWatermark', 'seal']",0.8052424192428589
mixeddoc_01377,-0.6876076915807303,2.676897682241549,-0.006944488056177145,docres_deshadow,"['shadow', 'textWatermark']",0.8000383377075195
mixeddoc_01378,-0.19701450524556918,0.169847583958747,-0.02637958475128474,docres_deshadow,"['seal', 'ShotNoise', 'shadow']",0.765544593334198
mixeddoc_01379,0.03400506715742324,-0.22491938139124912,-0.003691285342393661,classical_shadow_0.40,"['textWatermark', 'seal']",0.8147749900817871
mixeddoc_01380,0.08147814650460106,-0.42118489081540744,-0.008899564003381627,classical_shadow_0.40,"['seal', 'textWatermark']",0.816840648651123
mixeddoc_01381,0.11597419732316183,-0.6020507043171577,-0.004089865293762113,classical_shadow_0.40,['seal'],0.809625506401062
mixeddoc_01382,-5.443040576654198,7.235284592042316,-0.015977268277510198,docres_deshadow,"['shadow', 'seal']",0.797049343585968
mixeddoc_01383,-0.49225313137320725,1.560389967433359,-0.018162033895048002,docres_deshadow,"['DefocusBlur', 'seal', 'textWatermark', 'shadow']",0.796694278717041
mixeddoc_01384,-0.2258035908097753,0.8916852724712854,-0.041431540626254315,docres_deshadow,"['shadow', 'ZoomBlur', 'textWatermark']",0.8167378902435303
mixeddoc_01385,-0.03562180254837699,0.14801917627442052,-0.010369682147688117,docres_input_blend_0.80,"['seal', 'textWatermark']",0.8159660696983337
mixeddoc_01386,-0.00686134193982646,0.005943227150751795,-0.01687260727977615,docres_deshadow,"['ZoomBlur', 'seal']",0.7568000555038452
mixeddoc_01387,-0.00037025032926507606,0.12608078396192113,-0.00818372502288367,docres_input_blend_0.80,"['textWatermark', 'seal', 'GlassBlur']",0.8099591135978699
mixeddoc_01388,0.1091845699212044,0.35308027015371835,-0.01355929253100066,region_controller,"['seal', 'GaussianBlur']",0.7997000813484192
mixeddoc_01389,-5.904790041661965,6.917102771744901,-0.03001450863665156,docres_deshadow,"['textWatermark', 'shadow', 'seal']",0.7979564666748047
mixeddoc_01390,-0.05365420526952036,0.39878017908048236,-0.006332331340676525,docres_input_blend_0.90,"['shadow', 'textWatermark', 'GaussianBlur', 'seal']",0.7921358346939087
mixeddoc_01391,-0.2093571158346066,3.2298216955235937,-0.029687811263215735,docres_input_blend_0.90,"['shadow', 'seal', 'textWatermark']",0.7985221743583679
mixeddoc_01392,0.6350118897202215,-0.3567389997996564,-0.026611017508362617,classical_shadow_0.40,"['textWatermark', 'GlassBlur']",0.7978947162628174
mixeddoc_01393,-1.0731747794608744,3.2128080319437373,-0.09532352187084348,docres_deshadow,"['seal', 'shadow', 'MotionBlur', 'textWatermark']",0.8067508935928345
mixeddoc_01394,-0.15359515759971387,1.3369350922059269,-0.006327446264168722,docres_input_blend_0.90,"['textWatermark', 'shadow']",0.8067637085914612
mixeddoc_01395,-1.5886163120554997,3.148141998637538,-0.12818128230960085,docres_deshadow,"['shadow', 'seal', 'textWatermark']",0.7961133718490601
mixeddoc_01396,-1.4832751202160104,3.6522473526289936,-0.016235365199613855,docres_deshadow,"['textWatermark', 'shadow']",0.7984904646873474
mixeddoc_01397,-1.3061613370997947,2.370557806489323,-0.06705894999718165,docres_deshadow,"['shadow', 'textWatermark', 'ImpulseNoise']",0.7682867050170898
mixeddoc_01398,0.020812913620218865,-0.007223994557882918,-0.026969686197951245,docres_input_blend_0.80,"['textWatermark', 'DefocusBlur', 'seal']",0.7881456613540649
mixeddoc_01399,-2.866845827856995,5.773670899395867,-0.008462471489840737,docres_deshadow,"['shadow', 'seal']",0.7987774014472961
mixeddoc_01400,-0.057982345700430926,-0.0373937896577381,-0.004704795409306191,docres_deshadow,"['seal', 'textWatermark']",0.8056633472442627
mixeddoc_01401,-0.26809122419069453,0.9538411604547399,-0.012166598965908021,docres_deshadow,"['shadow', 'seal', 'textWatermark']",0.7941855192184448
mixeddoc_01402,-0.28794635841221705,0.7893042582008611,-0.026935227309083265,docres_deshadow,"['textWatermark', 'SpeckleNoise', 'shadow']",0.7918154001235962
mixeddoc_01403,-6.822592929864015,6.657652863327973,-0.00738357057511041,docres_deshadow,"['textWatermark', 'shadow']",0.7871063947677612
mixeddoc_01404,-0.09240107387019947,-0.019361072677007485,-0.004691487046537532,docres_deshadow,"['seal', 'textWatermark']",0.8190459609031677
mixeddoc_01405,-0.039632492412184916,-0.056367657455396625,-0.004967554277619985,classical_shadow_0.40,"['textWatermark', 'seal']",0.8027212023735046
mixeddoc_01406,0.062319677471176504,-0.2793291286960624,-0.005807346271304182,classical_shadow_0.40,"['textWatermark', 'seal']",0.8138129115104675
mixeddoc_01407,-0.05313349613264151,0.16579122006634606,-0.013119049424139016,docres_input_blend_0.80,"['seal', 'textWatermark', 'GlassBlur']",0.8086050748825073
mixeddoc_01408,-0.08400596598468901,0.0800493214659781,-0.010438349255963819,docres_deshadow,"['seal', 'textWatermark', 'shadow']",0.7806128263473511
mixeddoc_01409,-0.18937151252172768,0.6978883793568151,-0.021135205173326732,docres_deshadow,"['shadow', 'textWatermark']",0.7889398336410522
mixeddoc_01410,-0.33376671378870704,0.8440803158035095,-0.0360371969657631,docres_deshadow,"['ShotNoise', 'seal', 'textWatermark']",0.7616900205612183
mixeddoc_01411,-1.1607261350836602,3.0225691157237016,-0.04266191089854393,docres_deshadow,"['seal', 'shadow', 'textWatermark']",0.7947407960891724
mixeddoc_01412,-1.2110335301958912,3.185970843718305,-0.01907438266611647,docres_deshadow,"['shadow', 'textWatermark', 'seal']",0.7953931093215942
mixeddoc_01413,-3.05591052408635,5.156889650919574,-0.02758111253353221,docres_deshadow,"['textWatermark', 'shadow']",0.789272129535675
mixeddoc_01414,-1.0999978643799118,2.9762847592368686,-0.008100696445755291,docres_deshadow,"['seal', 'textWatermark', 'shadow']",0.7916907668113708
mixeddoc_01415,-4.273573596633003,5.853594233684349,-0.025841246256573414,docres_deshadow,"['GaussianBlur', 'shadow', 'textWatermark']",0.7888724207878113
mixeddoc_01416,-2.9671146727613653,5.46581895969344,-0.026071742045121082,docres_deshadow,"['textWatermark', 'shadow']",0.7922971844673157
mixeddoc_01417,-1.3466867724806413,2.867198954335244,-0.01718033840559889,docres_deshadow,"['shadow', 'seal', 'GaussianNoise', 'textWatermark']",0.7904214859008789
mixeddoc_01418,-0.26055317667183253,1.0021827956388432,-0.03675260176629572,docres_deshadow,"['seal', 'textWatermark', 'ZoomBlur', 'shadow', 'SpeckleNoise']",0.7649083137512207
mixeddoc_01419,-0.1951310312215746,0.34914298505294994,-0.00827962504244973,docres_deshadow,"['GaussianNoise', 'textWatermark', 'seal']",0.8173364996910095
mixeddoc_01420,-2.3986168371868253,5.293339916030231,-0.01941643269707574,docres_deshadow,"['textWatermark', 'seal', 'shadow']",0.8041895031929016
mixeddoc_01421,-0.3722420106607558,1.0750362770589987,-0.020811478248086906,docres_deshadow,"['SpeckleNoise', 'seal']",0.8082343339920044
mixeddoc_01422,-0.6178040651804189,1.504702241023402,-0.01039316537108513,docres_deshadow,"['textWatermark', 'shadow']",0.7906570434570312
mixeddoc_01423,-0.1500589034353048,0.36461887180955976,-0.03915421891141152,docres_deshadow,"['shadow', 'textWatermark', 'ZoomBlur']",0.7861989736557007
mixeddoc_01424,-0.21153561155570344,0.5954482535496322,-0.04059062845068734,docres_deshadow,"['seal', 'shadow', 'GaussianBlur', 'textWatermark']",0.7960750460624695
mixeddoc_01425,-0.5529359920481411,1.5117755628798903,-0.013819332307370424,docres_deshadow,"['seal', 'GaussianNoise', 'shadow']",0.7956563234329224
mixeddoc_01426,-0.38997107144387044,2.295888263191152,-0.12760816363419208,docres_deshadow,"['textWatermark', 'shadow', 'GaussianNoise', 'ZoomBlur']",0.8146424889564514
mixeddoc_01427,0.03317890775627674,-0.37494816419710375,-0.008870239699281218,classical_shadow_0.40,"['textWatermark', 'GaussianBlur', 'seal']",0.836366593837738
mixeddoc_01428,-0.10226750862032752,0.18573691090977817,-0.012740533668654519,docres_deshadow,"['seal', 'SpeckleNoise', 'textWatermark']",0.7783777117729187
mixeddoc_01429,-0.07835297306404598,0.6927613974381774,-0.017093230327468956,docres_deshadow,"['seal', 'ZoomBlur', 'textWatermark', 'shadow']",0.8235481977462769
mixeddoc_01430,-0.2429321395520958,1.4691658887527375,-0.014279442161363301,docres_deshadow,"['textWatermark', 'shadow', 'GlassBlur']",0.8099255561828613
mixeddoc_01431,-0.03431521263575377,-0.11222628463687201,-0.005305432200907047,classical_shadow_0.40,"['seal', 'textWatermark']",0.812770426273346
mixeddoc_01432,-6.4272882609747874,7.889163944279904,-0.016895089282334547,docres_deshadow,"['shadow', 'seal']",0.8137220144271851
mixeddoc_01433,-0.13949283230371456,0.11428317903746965,-0.02067731980376622,docres_deshadow,"['textWatermark', 'seal', 'ShotNoise']",0.7920643091201782
mixeddoc_01434,0.03798653548132336,-0.18148662145050665,-0.01350680516564353,classical_shadow_0.40,"['shadow', 'seal', 'textWatermark']",0.7882529497146606
mixeddoc_01435,-0.3471451385833042,1.093276192946707,-0.01339959129026183,docres_deshadow,"['seal', 'textWatermark', 'shadow']",0.7879567742347717
mixeddoc_01436,-0.042455642404227945,0.4430561500008281,-0.0032410117501551483,docres_input_blend_0.80,"['shadow', 'seal']",0.8103897571563721
mixeddoc_01437,0.026985335198030924,0.0365311661478831,-0.03658856495113336,docres_input_blend_0.80,"['ZoomBlur', 'seal', 'shadow']",0.7708490490913391
mixeddoc_01438,-0.7119534450480707,2.800215983910377,-0.05611879241980683,docres_deshadow,"['shadow', 'MotionBlur', 'textWatermark']",0.8023043870925903
mixeddoc_01439,-2.850908835180096,4.378295538199122,-0.04890808482771247,docres_deshadow,"['textWatermark', 'SpeckleNoise', 'shadow']",0.7811852097511292
mixeddoc_01440,-0.024017227338404723,-0.0066587746075015275,-0.0036858239207392396,docres_input_blend_0.90,"['seal', 'GaussianBlur', 'textWatermark']",0.8194160461425781
mixeddoc_01441,0.040553265704240005,-0.15087048271415426,-0.01606485286848182,classical_shadow_0.40,"['seal', 'textWatermark', 'shadow']",0.7942029237747192
mixeddoc_01442,-0.3984976539735179,0.6272307322970221,-0.03524538893469831,docres_deshadow,"['ImpulseNoise', 'shadow', 'textWatermark']",0.7586486339569092
mixeddoc_01443,-0.05271811977619123,0.4047108477122876,-0.008280456059006285,docres_input_blend_0.90,"['shadow', 'seal', 'textWatermark']",0.791715681552887
mixeddoc_01444,0.005773913216486903,-0.0734615083744643,-0.004694811234084512,classical_shadow_0.40,"['textWatermark', 'seal', 'GlassBlur']",0.8010850548744202
mixeddoc_01445,-4.954801094433844,6.332609209870007,-0.029665897235101046,docres_deshadow,"['GaussianNoise', 'shadow', 'seal']",0.7953552007675171
mixeddoc_01446,-0.35390136332561895,1.107966530540775,-0.02638088648677389,docres_deshadow,"['textWatermark', 'shadow', 'ZoomBlur', 'seal']",0.8116703629493713
mixeddoc_01447,-1.5303070619952308,3.836162591806346,-0.04041184019477442,docres_deshadow,"['seal', 'shadow', 'ImpulseNoise']",0.7814156413078308
mixeddoc_01448,-1.325706830890482,4.941849201794518,-0.010259782645795384,docres_deshadow,"['seal', 'shadow']",0.790301501750946
mixeddoc_01449,0.02816216120838888,-0.24036787221962186,-0.0043579808032711,classical_shadow_0.40,"['seal', 'textWatermark']",0.7989590167999268
mixeddoc_01450,0.1219003226999007,-0.5673983855367268,-0.004408342846578959,classical_shadow_0.40,['textWatermark'],0.8098069429397583
mixeddoc_01451,0.007209581270942067,0.25689166253021867,-0.010144439208632297,docres_input_blend_0.80,"['textWatermark', 'MotionBlur']",0.816500186920166
mixeddoc_01452,-1.042278985076404,2.6580488376834985,-0.08134435836010356,docres_deshadow,"['textWatermark', 'seal', 'shadow']",0.7958711981773376
mixeddoc_01453,0.018311156690263175,0.014786979509047171,-0.007040731402565371,docres_input_blend_0.80,"['seal', 'textWatermark', 'GlassBlur']",0.8153210282325745
mixeddoc_01454,-0.026605707645501298,0.16370430262870173,-0.02910991457323417,docres_deshadow,"['seal', 'ZoomBlur', 'shadow']",0.7854253053665161
mixeddoc_01455,-0.31036771023573806,0.8124624845405677,-0.042596163533552195,docres_deshadow,"['MotionBlur', 'shadow', 'ShotNoise', 'seal']",0.7682314515113831
mixeddoc_01456,-0.22198129852974802,1.214610449311916,-0.03436662780620131,docres_deshadow,"['seal', 'textWatermark', 'shadow', 'ZoomBlur']",0.8163701295852661
mixeddoc_01457,-0.500772210084282,2.0493285045131984,-0.008640548986947896,docres_deshadow,"['shadow', 'seal', 'textWatermark']",0.7991939783096313
mixeddoc_01458,0.03354875209125652,-0.2544184542578236,-0.0035605387997349434,classical_shadow_0.40,"['textWatermark', 'seal']",0.8165993690490723
mixeddoc_01459,0.14217838007364492,-0.3209224187550035,-0.016739441112020345,classical_shadow_0.40,"['seal', 'DefocusBlur', 'textWatermark']",0.7931634187698364
mixeddoc_01460,-0.5699088658017573,0.57101047334063,-0.0436290117624234,docres_deshadow,"['shadow', 'ShotNoise', 'textWatermark', 'seal']",0.7900750637054443
mixeddoc_01461,-0.46982347341646147,1.0753341572963055,-0.05800314763416145,docres_deshadow,"['DefocusBlur', 'shadow', 'textWatermark', 'SpeckleNoise']",0.7971247434616089
mixeddoc_01462,-1.475752920305478,3.8197502689421974,-0.020431819228495185,docres_deshadow,"['seal', 'textWatermark', 'shadow']",0.7907636761665344
mixeddoc_01463,-11.125030505306096,8.056402992363079,-0.01651934709085609,docres_deshadow,['shadow'],0.8038843274116516
mixeddoc_01464,-2.7097312236757602,5.952284320856869,-0.003923305248149482,docres_deshadow,['shadow'],0.8169792294502258
mixeddoc_01465,-0.23234969331630495,0.6289995981543228,-0.007351240344133182,docres_deshadow,"['textWatermark', 'shadow', 'seal']",0.7794359922409058
mixeddoc_01466,-0.48786573731842253,1.841966264520348,-0.01118142923684709,docres_deshadow,"['textWatermark', 'shadow', 'seal']",0.7871890068054199
mixeddoc_01467,-2.995175392598359,4.931033497960577,-0.0664933087641984,docres_deshadow,"['seal', 'textWatermark', 'shadow', 'GaussianBlur']",0.7831719517707825
mixeddoc_01468,-2.2342109106563903,5.482405761834308,-0.20283931883587358,docres_deshadow,"['shadow', 'textWatermark', 'GlassBlur']",0.8044108152389526
mixeddoc_01469,-3.363013758551304,6.284942167258237,-0.23267496957868916,docres_deshadow,"['textWatermark', 'ZoomBlur', 'shadow']",0.8187863826751709
mixeddoc_01470,-0.43594511952705517,1.7292615738235106,-0.010122898884152937,docres_deshadow,"['textWatermark', 'shadow']",0.8002057671546936
mixeddoc_01471,-2.179954047497578,2.8831416909518275,-0.14016196949741755,docres_deshadow,"['textWatermark', 'seal', 'ImpulseNoise', 'shadow']",0.7679954767227173
mixeddoc_01472,-2.005181006272167,4.914561654263608,-0.01271497207286186,docres_deshadow,"['shadow', 'textWatermark']",0.8022986650466919
mixeddoc_01473,0.01419283606323063,-0.8407941002491626,-0.0037289792241380175,classical_shadow_0.40,['seal'],0.8194801211357117
mixeddoc_01474,0.019033523660922924,-0.37046581151525615,-0.0034651338366409115,classical_shadow_0.40,"['seal', 'textWatermark']",0.8104857206344604
mixeddoc_01475,-0.08215248174078127,-0.32453081210071133,-0.03405709886335795,classical_shadow_0.40,"['ZoomBlur', 'textWatermark']",0.8003153204917908
mixeddoc_01476,-0.7686634635494727,2.585182663753521,-0.011707610104812444,docres_deshadow,"['textWatermark', 'shadow', 'seal']",0.7922152280807495
mixeddoc_01477,-6.699339456620464,8.336333613612503,-0.004801347882792184,docres_deshadow,['shadow'],0.8018325567245483
mixeddoc_01478,-0.0028317025864446066,-0.3005946281436209,-0.00510007523742817,classical_shadow_0.40,"['seal', 'textWatermark']",0.8251192569732666
mixeddoc_01479,-0.14306907283039116,-0.9063029615775413,-0.028625113949845682,classical_shadow_0.40,"['textWatermark', 'ShotNoise', 'GaussianBlur']",0.787165641784668
mixeddoc_01480,-4.461617287947881,6.616034058244129,-0.028933185267471184,docres_deshadow,"['textWatermark', 'seal', 'shadow']",0.7988659739494324
mixeddoc_01481,-0.7025433448024785,2.3067233737207786,-0.015023002160461471,docres_deshadow,"['shadow', 'textWatermark']",0.8009897470474243
mixeddoc_01482,0.27729935620438617,-0.6623781795420634,-0.00977492351571594,classical_shadow_0.40,"['seal', 'textWatermark']",0.8035783767700195
mixeddoc_01483,0.14930335106541648,-0.6623615001765586,-0.0047946803005611965,classical_shadow_0.40,"['seal', 'textWatermark', 'GaussianBlur']",0.8011005520820618
mixeddoc_01484,-0.475554095960522,1.9873721778685542,-0.03230718788274975,docres_deshadow,"['GaussianBlur', 'shadow', 'seal']",0.8084574937820435
mixeddoc_01485,-0.07210169962599622,0.3589304415115784,-0.007676545678931973,docres_input_blend_0.80,"['textWatermark', 'GaussianBlur', 'seal']",0.8213891386985779
mixeddoc_01486,-1.8827836827515867,4.788512961019679,-0.0369435665105986,docres_deshadow,"['shadow', 'textWatermark', 'seal']",0.7866230607032776
mixeddoc_01487,-1.0479613054583528,3.4618757135592375,-0.09299799708933554,docres_deshadow,"['ZoomBlur', 'textWatermark', 'shadow']",0.8090730309486389
mixeddoc_01488,0.3173391058552646,-0.12443084606942989,-0.023745904562395476,classical_shadow_0.40,"['shadow', 'MotionBlur', 'seal', 'textWatermark']",0.8022828698158264
mixeddoc_01489,-0.6468503267863746,0.32011052060516576,-0.09038226729151183,docres_deshadow,"['seal', 'shadow', 'ImpulseNoise', 'textWatermark']",0.7552530169487
mixeddoc_01490,-0.58032398400033,1.466833022893935,-0.041379578477026474,docres_deshadow,"['textWatermark', 'ShotNoise', 'seal']",0.754425048828125
mixeddoc_01491,-0.2504797150669944,0.5075027714603308,-0.030114517984210637,docres_deshadow,"['seal', 'shadow', 'textWatermark', 'ShotNoise']",0.7674702405929565
mixeddoc_01492,-0.0567050798947335,-0.2392132273899925,-0.004293113721770318,classical_shadow_0.40,"['textWatermark', 'seal']",0.8267577886581421
mixeddoc_01493,-2.0483326626080895,5.114539503148617,-0.013370694381278414,docres_deshadow,"['seal', 'textWatermark', 'shadow']",0.7956412434577942
mixeddoc_01494,-2.8988722662761965,5.687633798897529,-0.027757061708820058,docres_deshadow,"['seal', 'shadow', 'textWatermark']",0.7956824898719788
mixeddoc_01495,-0.9951230382529701,2.196309215869487,-0.020290987393617538,docres_deshadow,"['seal', 'shadow', 'textWatermark']",0.8012229800224304
mixeddoc_01496,-0.15624135811752637,0.36745652742187573,-0.01400261040828793,docres_deshadow,"['GlassBlur', 'textWatermark', 'seal', 'SpeckleNoise']",0.8032866716384888
mixeddoc_01497,0.12106255191195814,-0.5217973959994957,-0.007491878692327834,classical_shadow_0.40,"['textWatermark', 'seal']",0.8123716115951538
mixeddoc_01498,-0.06838487639608815,0.4337753228770289,-0.008042848447590824,docres_deshadow,"['MotionBlur', 'shadow']",0.8063200116157532
mixeddoc_01499,-0.13233746449086325,0.3633339742384223,-0.005755130223225428,docres_deshadow,"['seal', 'textWatermark']",0.8226263523101807
mixeddoc_01500,-0.287191436933135,0.729164310727004,-0.034220335969896515,docres_deshadow,"['shadow', 'seal', 'textWatermark', 'ImpulseNoise']",0.7733861207962036
mixeddoc_01501,-0.25851349064527085,0.8263256195523496,-0.00684836505381578,docres_deshadow,"['seal', 'textWatermark']",0.8236312866210938
mixeddoc_01502,0.003515888529584288,0.04395559628438406,-0.009836238987040419,docres_input_blend_0.80,"['shadow', 'seal', 'textWatermark', 'MotionBlur']",0.7849782109260559
mixeddoc_01503,-0.11408238212367294,0.3999638380650907,-0.009554540262572415,docres_deshadow,"['shadow', 'seal', 'GlassBlur']",0.8013463020324707
mixeddoc_01504,-2.9915020651129858,5.11775430531052,-0.01909431889817892,docres_deshadow,"['shadow', 'seal', 'textWatermark']",0.7887184619903564
mixeddoc_01505,0.010695194570534028,0.2464833558967996,-0.005012642536419885,docres_input_blend_0.80,"['shadow', 'textWatermark']",0.8067753911018372
mixeddoc_01506,-0.08036243785493014,-0.5699196471652641,-0.014451776831070295,classical_shadow_0.40,"['seal', 'SpeckleNoise', 'DefocusBlur', 'textWatermark']",0.8086704015731812
mixeddoc_01507,0.41071387882603716,0.13326024203454168,-0.018351843091116843,region_controller,"['GlassBlur', 'seal', 'shadow', 'textWatermark']",0.7926974296569824
mixeddoc_01508,0.08091268590740697,-0.5445781102798115,-0.0068908813850551,classical_shadow_0.40,"['seal', 'textWatermark']",0.81130450963974
mixeddoc_01509,-0.25740060411956733,0.18701898995447586,-0.030911530035827695,docres_deshadow,"['seal', 'textWatermark', 'DefocusBlur', 'ShotNoise', 'shadow']",0.7694012522697449
mixeddoc_01510,-4.91063119336939,6.413753569232643,-0.02028093111107751,docres_deshadow,"['seal', 'shadow', 'textWatermark']",0.8001587390899658
mixeddoc_01511,-0.43971176522984834,1.3833784130641043,-0.01250370483505231,docres_deshadow,"['seal', 'textWatermark', 'shadow', 'GlassBlur']",0.7969449162483215
mixeddoc_01512,0.13618208031478574,-0.29585717799245614,-0.007633506283572532,classical_shadow_0.40,"['shadow', 'textWatermark', 'GlassBlur']",0.8090651035308838
mixeddoc_01513,-0.062162281697268895,0.17796260341805237,-0.031037439196352157,docres_deshadow,"['textWatermark', 'shadow', 'ZoomBlur', 'seal']",0.7964881658554077
mixeddoc_01514,-1.0637942836619203,3.673817968018959,-0.013275657298935262,docres_deshadow,"['seal', 'shadow', 'textWatermark']",0.8071700930595398
mixeddoc_01515,-2.323681308420536,5.029379516559665,-0.05165258095837755,docres_deshadow,"['DefocusBlur', 'textWatermark', 'shadow']",0.8153530955314636
mixeddoc_01516,0.02479349701953737,0.09267515229393197,-0.013035219331787584,docres_input_blend_0.80,"['GaussianBlur', 'seal', 'textWatermark']",0.7890093326568604
mixeddoc_01517,-3.3041011130725337,5.6119647459556,-0.007471432879844621,docres_deshadow,"['seal', 'shadow']",0.7933956980705261
mixeddoc_01518,-0.3858856330208944,-0.09059620356174491,-0.030523667347867156,docres_deshadow,"['ShotNoise', 'shadow', 'MotionBlur', 'seal']",0.8018785715103149
mixeddoc_01519,0.36279725519464634,-0.1592489022566408,-0.09319413023256934,classical_shadow_0.40,"['ZoomBlur', 'seal']",0.8081204295158386
mixeddoc_01520,-0.2559094156368573,0.5920528634625022,-0.020898662792743314,docres_deshadow,"['GlassBlur', 'GaussianNoise', 'shadow']",0.7987322807312012
mixeddoc_01521,0.0009449975471085281,-0.13147449803029687,-0.0028039812537312414,classical_shadow_0.40,"['textWatermark', 'seal']",0.8100416660308838
mixeddoc_01522,0.44046510201473943,-0.8957345216763599,-0.06658007911539116,classical_shadow_0.40,"['GaussianBlur', 'seal', 'shadow', 'ImpulseNoise']",0.7756783366203308
mixeddoc_01523,-0.545469530047697,1.3828844624190602,-0.05272632328207014,docres_deshadow,"['shadow', 'GlassBlur', 'seal', 'textWatermark']",0.7948430180549622
mixeddoc_01524,0.004307191299332658,0.0401351754583672,-0.00471563331087195,docres_input_blend_0.80,"['seal', 'textWatermark', 'shadow']",0.80677330493927
mixeddoc_01525,-0.050979078428060376,0.04782638707867193,-0.012783442987391536,docres_input_blend_0.90,"['textWatermark', 'seal']",0.8232578635215759
mixeddoc_01526,0.05329781286340207,-0.3602237790548557,-0.007013942440000809,classical_shadow_0.40,"['seal', 'DefocusBlur', 'textWatermark']",0.8179300427436829
mixeddoc_01527,-0.8209321363081337,0.21596287165952432,-0.0666713095038366,docres_deshadow,"['shadow', 'textWatermark', 'ImpulseNoise']",0.7711434960365295
mixeddoc_01528,-2.5340538116763547,4.712595566151272,-0.01676763909543333,docres_deshadow,"['textWatermark', 'shadow']",0.7983773946762085
mixeddoc_01529,-0.24266309360359628,0.9054591861275547,-0.02741486989001038,docres_deshadow,"['GlassBlur', 'textWatermark', 'seal', 'shadow']",0.7864714860916138
mixeddoc_01530,-1.1322525287538951,4.050436596516718,-0.008595486446862796,docres_deshadow,"['seal', 'shadow']",0.794958770275116
mixeddoc_01531,0.3903743339803487,0.2036618065731144,-0.1002174498721361,region_controller,"['textWatermark', 'seal', 'ZoomBlur', 'SpeckleNoise']",0.7800101041793823
mixeddoc_01532,-3.7210281420075546,7.598380653577038,-0.004276821227735813,docres_deshadow,['shadow'],0.8062170743942261
mixeddoc_01533,-0.5848682724040266,1.1704854836159893,-0.04716016333912332,docres_deshadow,"['shadow', 'seal', 'GaussianBlur', 'ShotNoise']",0.7557844519615173
mixeddoc_01534,-1.4307810529821694,3.5465422888673395,-0.04857417480950571,docres_deshadow,"['textWatermark', 'DefocusBlur', 'shadow']",0.7905927300453186
mixeddoc_01535,-0.11811846380250302,0.46171025178871616,-0.011655058396816048,docres_deshadow,"['shadow', 'MotionBlur']",0.800804615020752
mixeddoc_01536,0.030195474849445958,-0.14240063175334683,-0.005551054051905882,classical_shadow_0.40,"['textWatermark', 'GlassBlur', 'seal']",0.8030596971511841
mixeddoc_01537,-0.8172760495642457,0.4197444756982165,-0.057762365696747975,docres_deshadow,"['ImpulseNoise', 'textWatermark', 'seal', 'shadow']",0.7902063727378845
mixeddoc_01538,-0.31755420221767316,1.0609716608532587,-0.05704403502826791,docres_deshadow,"['textWatermark', 'DefocusBlur', 'seal', 'ShotNoise']",0.733937680721283
mixeddoc_01539,-0.1868161384614595,0.5481039288963103,-0.009641868029944364,docres_deshadow,"['shadow', 'seal', 'textWatermark']",0.7893175482749939
mixeddoc_01540,0.009735627475105701,0.6841992527294991,-0.008897767008882687,docres_input_blend_0.80,"['textWatermark', 'GaussianBlur', 'shadow']",0.7804417610168457
mixeddoc_01541,0.027809683084999648,-0.5682987698004105,-0.0031124826484223104,classical_shadow_0.40,['seal'],0.8215667605400085
mixeddoc_01542,-0.15312198410905253,0.24411423365527085,-0.022772176637373687,docres_deshadow,"['seal', 'ShotNoise', 'textWatermark']",0.7903813123703003
mixeddoc_01543,-0.2666600851028633,0.8917637032356609,-0.008330016237717716,docres_deshadow,"['textWatermark', 'seal']",0.8122105598449707
mixeddoc_01544,-0.39899667060835853,4.373432936802683,-0.00263266552254849,docres_deshadow,"['seal', 'shadow']",0.8129551410675049
mixeddoc_01545,-0.18770479766089565,-0.7449222336036847,-0.024577875502347246,classical_shadow_0.40,"['shadow', 'ShotNoise', 'DefocusBlur', 'textWatermark']",0.7851347923278809
mixeddoc_01546,-0.950563499432036,3.2420116448625436,-0.058825663007329054,docres_deshadow,"['shadow', 'GlassBlur', 'textWatermark', 'seal']",0.800942599773407
mixeddoc_01547,-0.22780575809052195,0.9862005719456093,-0.008940459465959533,docres_deshadow,"['seal', 'textWatermark', 'shadow']",0.8019596338272095
mixeddoc_01548,-1.8745988899304322,4.129726762518434,-0.033180568438392455,docres_deshadow,"['textWatermark', 'shadow']",0.7917958498001099
mixeddoc_01549,-1.568890454908642,1.9095219279509354,-0.09601529462651398,docres_deshadow,"['GlassBlur', 'shadow', 'GaussianNoise', 'seal']",0.7993259429931641
mixeddoc_01550,0.08843603136226363,-0.6431602511302259,-0.002783775563783328,classical_shadow_0.40,['seal'],0.8351109027862549
mixeddoc_01551,-0.6270644197255564,2.6296513576166944,-0.01567950357835267,docres_deshadow,"['shadow', 'textWatermark', 'seal']",0.8088145852088928
mixeddoc_01552,-0.22853973212577472,1.1067743636903842,-0.01062726143489591,docres_deshadow,"['seal', 'shadow', 'textWatermark']",0.8064946532249451
mixeddoc_01553,0.02192156682030344,-0.6566428610717168,-0.0044866939622918295,classical_shadow_0.40,['seal'],0.8176100254058838
mixeddoc_01554,-0.9198806973012736,1.9547491966413304,-0.04726444788390441,docres_deshadow,"['textWatermark', 'GaussianNoise', 'shadow', 'DefocusBlur']",0.7929856777191162
mixeddoc_01555,-0.26348371429385864,0.6750447468214631,-0.014696219850286553,docres_deshadow,"['seal', 'textWatermark']",0.8084684014320374
mixeddoc_01556,-0.7556907335656025,0.5144264146418056,-0.05182935912374892,docres_deshadow,"['textWatermark', 'ImpulseNoise', 'shadow', 'seal']",0.7890089154243469
mixeddoc_01557,-0.45691012414150833,0.9296777413858486,-0.04687861421426806,docres_deshadow,"['MotionBlur', 'shadow', 'GaussianNoise', 'textWatermark']",0.7783280611038208
mixeddoc_01558,-5.847520106062202,6.358190109732508,-0.02884843437571616,docres_deshadow,"['shadow', 'textWatermark', 'seal']",0.7902297973632812
mixeddoc_01559,-0.8457005705676828,3.0534430566554356,-0.028163793555572997,docres_deshadow,"['shadow', 'textWatermark', 'seal', 'GlassBlur']",0.79611736536026
mixeddoc_01560,-0.18699113925089605,1.2179652353882808,-0.009778950948446441,docres_deshadow,"['textWatermark', 'shadow', 'GlassBlur', 'seal']",0.8074425458908081
mixeddoc_01561,-1.401724187883012,1.8875280766551938,-0.09024689858275317,docres_deshadow,"['shadow', 'GaussianNoise', 'textWatermark', 'seal']",0.7967934012413025
mixeddoc_01562,-2.458306484593546,6.228904255008498,-0.23119564163569295,docres_deshadow,"['textWatermark', 'shadow', 'GaussianBlur', 'seal']",0.8195065855979919
mixeddoc_01563,-0.0308906174978425,-0.024105582464258646,-0.005242508541582886,docres_input_blend_0.80,"['textWatermark', 'seal']",0.8082664012908936
mixeddoc_01564,-4.0021588173555145,7.648716650078136,-0.21616577533282771,docres_deshadow,"['GaussianBlur', 'seal', 'shadow']",0.8136523962020874
mixeddoc_01565,-0.977171455725447,2.084625646334466,-0.03042930602065777,docres_deshadow,"['shadow', 'SpeckleNoise', 'seal', 'GlassBlur']",0.8040356636047363
mixeddoc_01566,-0.49306421411797885,1.1368709702902535,-0.02504257499054749,docres_deshadow,"['shadow', 'ShotNoise', 'seal', 'textWatermark']",0.7859638333320618
mixeddoc_01567,-0.23843058673421424,0.9232146199639715,-0.004867070733234058,docres_deshadow,"['textWatermark', 'seal']",0.8262536525726318
mixeddoc_01568,-1.8385865355396191,5.057802967573586,-0.007609211444733227,docres_deshadow,"['shadow', 'seal']",0.8129138350486755
mixeddoc_01569,-0.5350161504621713,1.4843422430153304,-0.03270664364209436,docres_deshadow,"['seal', 'shadow', 'ShotNoise', 'textWatermark']",0.7744413018226624
mixeddoc_01570,0.002794201858652201,-0.1346676864110492,-0.00670607899970976,classical_shadow_0.40,"['GaussianBlur', 'textWatermark', 'seal']",0.7977422475814819
mixeddoc_01571,-0.12889481135938397,1.0535179037911462,-0.02432946735074276,docres_deshadow,"['textWatermark', 'shadow', 'DefocusBlur', 'seal']",0.801663339138031
mixeddoc_01572,-0.9792066526494452,1.723469510130002,-0.07029454068101942,docres_deshadow,"['shadow', 'ImpulseNoise', 'textWatermark', 'seal']",0.7542826533317566
mixeddoc_01573,-6.072089495490186,6.776200661706012,-0.012171265206576187,docres_deshadow,"['DefocusBlur', 'shadow', 'seal']",0.7990829348564148
mixeddoc_01574,0.0663614039000322,-0.38172374358785177,-0.00622257659969791,classical_shadow_0.40,"['textWatermark', 'seal']",0.824284017086029
mixeddoc_01575,-0.09573943209262126,0.16670704217324328,-0.0096094654803515,docres_deshadow,"['GaussianNoise', 'textWatermark']",0.8091621398925781
mixeddoc_01576,0.01136396398598194,-0.11100903704291198,-0.015882620576914287,classical_shadow_0.40,"['seal', 'shadow', 'textWatermark']",0.7833281755447388
mixeddoc_01577,-0.11189309236203826,0.8320936289012515,-0.023022103592763965,docres_deshadow,"['shadow', 'ZoomBlur', 'seal']",0.8158867955207825
mixeddoc_01578,-0.14116795596152798,0.36889129929742737,-0.019782906525961458,docres_deshadow,"['shadow', 'seal', 'DefocusBlur']",0.8003184795379639
mixeddoc_01579,-0.03642615861026499,-0.06863422023522858,-0.005147347335468285,classical_shadow_0.40,"['textWatermark', 'seal']",0.818021833896637
mixeddoc_01580,-0.5417743170087075,1.2533184955338417,-0.05070893215974856,docres_deshadow,"['seal', 'ShotNoise', 'shadow', 'textWatermark']",0.738233208656311
mixeddoc_01581,-1.237337841586001,2.69276404175832,-0.025318894517889823,docres_deshadow,"['shadow', 'textWatermark', 'seal']",0.7999324202537537
mixeddoc_01582,-0.020794824150989655,-0.048853846708354354,-0.005626887111586525,classical_shadow_0.40,"['textWatermark', 'seal']",0.8156280517578125
mixeddoc_01583,-9.580971134478855,7.961837921734265,-0.010330904546189956,docres_deshadow,"['seal', 'shadow']",0.7967320680618286
mixeddoc_01584,0.047137758110086025,0.06691309811459334,-0.010470634774998492,region_controller,"['textWatermark', 'seal']",0.813154399394989
mixeddoc_01585,-1.882697066843921,3.8763109227860078,-0.051003130960454335,docres_deshadow,"['SpeckleNoise', 'seal', 'shadow', 'textWatermark']",0.7866930365562439
mixeddoc_01586,-0.05031051488967364,0.10995165048303335,-0.005405521174304793,docres_deshadow,['textWatermark'],0.8215992450714111
mixeddoc_01587,0.18733070107349192,-0.2883698095098097,-0.004995046061125904,classical_shadow_0.40,['seal'],0.8258870840072632
mixeddoc_01588,-0.7126319414697804,2.7213200516082665,-0.013981383544017595,docres_deshadow,"['textWatermark', 'shadow', 'seal']",0.7959029078483582
mixeddoc_01589,-0.2614416287212791,1.4307527619108384,-0.022422275461186192,docres_deshadow,"['seal', 'MotionBlur', 'shadow', 'textWatermark']",0.8037328124046326
mixeddoc_01590,-0.6324734741730964,1.1260085476839343,-0.05989261650097763,docres_deshadow,"['shadow', 'ImpulseNoise', 'GlassBlur', 'textWatermark']",0.7821577787399292
mixeddoc_01591,-0.049120935864539916,0.00048392316091039334,-0.005888752200984303,docres_input_blend_0.90,"['textWatermark', 'seal']",0.8053355813026428
mixeddoc_01592,-0.8757769905396557,3.4878840661480552,-0.017829202707078204,docres_deshadow,"['seal', 'GaussianBlur', 'shadow', 'textWatermark']",0.80205899477005
mixeddoc_01593,-2.128905714037458,5.715560850301493,-0.01155357742974479,docres_deshadow,"['shadow', 'textWatermark']",0.8057590126991272
mixeddoc_01594,-0.6376964766770392,2.752470737157374,-0.017577140460404872,docres_deshadow,"['shadow', 'textWatermark']",0.7986701726913452
mixeddoc_01595,-4.404603211522208,6.034570569403272,-0.046139665296081656,docres_deshadow,"['textWatermark', 'shadow', 'GaussianNoise']",0.7935594916343689
mixeddoc_01596,-0.045787931310911745,0.2960016503893357,-0.009777395484265886,docres_deshadow,"['seal', 'textWatermark']",0.8223250508308411
mixeddoc_01597,-0.10202854047376064,0.39534682613071936,-0.012525012065683433,docres_deshadow,"['seal', 'textWatermark']",0.8035202622413635
mixeddoc_01598,-0.5823395854478015,2.890555979857382,-0.011935619515988913,docres_deshadow,"['shadow', 'seal', 'textWatermark']",0.8030991554260254
mixeddoc_01599,1.0614109624036168,-1.4294854339377636,-0.009820411724891821,classical_shadow_0.40,['seal'],0.8178302645683289
mixeddoc_01600,-3.0217382920483438,6.999674416368116,-0.02818042342425059,docres_deshadow,"['seal', 'shadow']",0.7985000610351562
mixeddoc_01601,-1.0228401464426184,3.654237894427773,-0.01960807052425259,docres_deshadow,"['seal', 'textWatermark', 'shadow']",0.7976008653640747
mixeddoc_01602,-0.6966269565847654,1.7946818089132037,-0.03434373681343364,docres_deshadow,"['seal', 'shadow', 'SpeckleNoise', 'textWatermark']",0.7732688188552856
mixeddoc_01603,-8.196603772208022,8.280628681317133,-0.025974816813192192,docres_deshadow,['shadow'],0.7948259115219116
mixeddoc_01604,-0.3693594608366979,1.7605021855769891,-0.013587320258567862,docres_deshadow,"['shadow', 'textWatermark', 'seal']",0.7994475960731506
mixeddoc_01605,-0.09935026487934806,0.42248486060057644,-0.015070444545030565,docres_deshadow,"['textWatermark', 'shadow', 'GlassBlur']",0.7979379892349243
mixeddoc_01606,0.11063003076368005,1.3301280202163213,-0.017259024834833103,region_controller,['textWatermark'],0.8203929662704468
mixeddoc_01607,-0.0024389894645331367,0.19136817601273748,-0.01222521212356395,docres_input_blend_0.80,"['seal', 'textWatermark', 'shadow', 'GaussianBlur']",0.7984710335731506
mixeddoc_01608,-0.12490177353661025,0.60383028126817,-0.013175013368772241,docres_deshadow,"['seal', 'textWatermark']",0.8066824674606323
mixeddoc_01609,-0.023772852035842007,0.33015506390320937,-0.045611627832034374,docres_input_blend_0.90,"['seal', 'shadow', 'ZoomBlur']",0.7932422757148743
mixeddoc_01610,-1.0225356902857854,4.093749535515567,-0.02491362518808954,docres_deshadow,"['seal', 'shadow', 'textWatermark']",0.7983354926109314
mixeddoc_01611,0.47802486486016704,-0.5652553422419082,-0.008951249729815067,classical_shadow_0.40,['seal'],0.8205162882804871
mixeddoc_01612,-5.492535984767727,8.03665775686693,-0.02547042467759439,docres_deshadow,"['seal', 'shadow']",0.8015762567520142
mixeddoc_01613,0.010217350572787609,-0.06299789039479009,-0.008291823333514536,classical_shadow_0.40,"['seal', 'textWatermark']",0.8088747262954712
mixeddoc_01614,-3.924668505194923,7.430996473224312,-0.021516554943788846,docres_deshadow,"['seal', 'shadow']",0.7973954677581787
mixeddoc_01615,-4.481490471735011,6.385976139084823,-0.005915047854464006,docres_deshadow,"['textWatermark', 'shadow']",0.7816546559333801
mixeddoc_01616,-0.35103709367819036,1.0901179445045912,-0.05104344773292757,docres_deshadow,"['shadow', 'DefocusBlur', 'ImpulseNoise', 'textWatermark']",0.7677628993988037
mixeddoc_01617,0.25751891314408226,0.13296131656001364,-0.009270948204837166,region_controller,"['seal', 'shadow']",0.8075596690177917
mixeddoc_01618,-1.245898510463391,5.2522749447747294,-0.01455080960757378,docres_deshadow,"['shadow', 'seal']",0.8073874115943909
mixeddoc_01619,-0.13370168196872712,0.6972536907967601,-0.040308222773683844,docres_deshadow,"['ImpulseNoise', 'seal', 'textWatermark']",0.7963953018188477
mixeddoc_01620,-0.29742717467054547,4.166580084539149,-0.013495928173082275,docres_input_blend_0.90,"['shadow', 'textWatermark']",0.8062920570373535
mixeddoc_01621,-1.1132547852235462,3.4010102349854563,-0.017064747699506555,docres_deshadow,"['seal', 'shadow']",0.8044614195823669
mixeddoc_01622,-0.23710594291690157,0.9236122736158947,-0.03387112186068528,docres_deshadow,"['shadow', 'textWatermark', 'MotionBlur']",0.8024466633796692
mixeddoc_01623,-0.7818097208643202,2.6515797562634837,-0.03271098139936501,docres_deshadow,"['shadow', 'textWatermark', 'GaussianBlur']",0.801746666431427
mixeddoc_01624,-1.7707384758313296,5.15172378900888,-0.013585790509783369,docres_deshadow,"['seal', 'shadow', 'GaussianBlur']",0.8072977066040039
mixeddoc_01625,-0.7479129435574787,0.9131700445581856,-0.06733055673273525,docres_deshadow,"['shadow', 'GlassBlur', 'SpeckleNoise', 'textWatermark']",0.7816165089607239
mixeddoc_01626,-2.1372074615765193,4.561799825499012,-0.033467164864754706,docres_deshadow,"['shadow', 'seal']",0.8026911020278931
mixeddoc_01627,-4.026043555241479,7.014325113202851,-0.034896801038680925,docres_deshadow,"['textWatermark', 'shadow']",0.797716498374939
mixeddoc_01628,-1.347810662495089,3.906740643906918,-0.029686566141434334,docres_deshadow,"['textWatermark', 'seal', 'shadow']",0.7967017292976379
mixeddoc_01629,-0.078809162630602,0.4103115646844504,-0.01980225650284259,docres_deshadow,"['textWatermark', 'DefocusBlur', 'seal', 'shadow']",0.8007429242134094
mixeddoc_01630,-0.09515484400085938,-0.1263115545775939,-0.012094957753998305,classical_shadow_0.40,"['textWatermark', 'SpeckleNoise', 'MotionBlur']",0.8308557271957397
mixeddoc_01631,-0.37461277970836626,0.14661279027763996,-0.0425218748410833,docres_deshadow,"['shadow', 'ShotNoise', 'GlassBlur', 'seal']",0.7629857063293457
mixeddoc_01632,-0.07509021724909104,0.13617640461158587,-0.006282898323149912,docres_deshadow,['textWatermark'],0.8131548762321472
mixeddoc_01633,-6.41939127326372,7.216553500768299,-0.025293634151787314,docres_deshadow,"['seal', 'shadow']",0.8023818135261536
mixeddoc_01634,-0.9310255920913288,1.0318854186330437,-0.07770283679464224,docres_deshadow,"['ShotNoise', 'seal', 'textWatermark', 'shadow']",0.7513803243637085
mixeddoc_01635,-0.22861063481615673,0.735382114003091,-0.05689661297714693,docres_deshadow,"['ZoomBlur', 'seal', 'shadow', 'ShotNoise']",0.7380313873291016
mixeddoc_01636,-3.227248214633235,5.799616182508322,-0.021321511978077523,docres_deshadow,"['textWatermark', 'shadow']",0.8002991080284119
mixeddoc_01637,-0.029071716655856505,-0.017770225778978244,-0.007072347699666984,docres_input_blend_0.80,"['seal', 'textWatermark']",0.8060542941093445
mixeddoc_01638,-0.1663493234961173,1.1008309739291278,-0.022948854353711967,docres_deshadow,"['seal', 'shadow', 'GlassBlur']",0.8046138286590576
mixeddoc_01639,-0.6408180444512332,2.329137631664647,-0.025226750226897854,docres_deshadow,"['textWatermark', 'shadow', 'seal']",0.7922307848930359
mixeddoc_01640,-3.523177405570479,6.703495192294049,-0.014213570659485197,docres_deshadow,"['seal', 'shadow']",0.8070585131645203
mixeddoc_01641,-0.2617052335723784,1.524640820029667,-0.0150727705995162,docres_deshadow,"['shadow', 'textWatermark', 'seal']",0.7937009930610657
mixeddoc_01642,-1.568711564152519,4.384050631626671,-0.03689451422631085,docres_deshadow,"['MotionBlur', 'textWatermark', 'shadow']",0.7933659553527832
mixeddoc_01643,-0.5663338327437479,0.3277569528814688,-0.03791058783035642,docres_deshadow,"['SpeckleNoise', 'shadow', 'textWatermark', 'GaussianBlur', 'seal']",0.799645185470581
mixeddoc_01644,-0.020868919893755944,-0.1347746928006135,-0.01521751414579886,classical_shadow_0.40,"['GaussianNoise', 'ZoomBlur', 'seal']",0.8216772675514221
mixeddoc_01645,-1.7641884025258996,5.494837345176915,-0.01672836787127338,docres_deshadow,"['shadow', 'seal', 'textWatermark']",0.8044750690460205
mixeddoc_01646,-1.1975298728059087,3.710491373757531,-0.11880559699657794,docres_deshadow,"['textWatermark', 'seal', 'MotionBlur', 'shadow']",0.8104574680328369
mixeddoc_01647,-2.0794218980306702,6.178048590657127,-0.016725670475786603,docres_deshadow,"['shadow', 'seal']",0.8052635192871094
mixeddoc_01648,-1.2461588699349377,2.5736207763019756,-0.023414095267669827,docres_deshadow,"['seal', 'GaussianNoise', 'shadow']",0.7989065051078796
mixeddoc_01649,-1.7349433689206677,2.5093489772962556,-0.0492461744803227,docres_deshadow,"['GaussianNoise', 'shadow', 'textWatermark']",0.7957521677017212
mixeddoc_01650,-0.16165074411165392,0.4401078024943601,-0.009893988839934226,docres_deshadow,"['textWatermark', 'seal']",0.8071696162223816
mixeddoc_01651,-0.09215855824141528,0.7010889033211178,-0.05436570051748327,docres_deshadow,"['ZoomBlur', 'shadow', 'seal']",0.7980026006698608
mixeddoc_01652,-1.771754575234148,1.9659420998102881,-0.09430725078298952,docres_deshadow,"['ShotNoise', 'textWatermark', 'seal', 'shadow']",0.7675941586494446
mixeddoc_01653,-4.168789134387186,6.069578467156589,-0.04515199282098781,docres_deshadow,"['seal', 'textWatermark', 'shadow']",0.7942831516265869
mixeddoc_01654,-3.534594369890822,7.968019333684072,-0.016899085473747397,docres_deshadow,['shadow'],0.8030211329460144
mixeddoc_01655,-1.007556400799146,1.8077719644821642,-0.046135738869488935,docres_deshadow,"['seal', 'shadow', 'GaussianNoise', 'textWatermark']",0.7956580519676208
mixeddoc_01656,-1.9920534058973942,3.7362084007467598,-0.04989851061326239,docres_deshadow,"['shadow', 'textWatermark']",0.7994089126586914
mixeddoc_01657,-1.1917479234022927,1.997205267937348,-0.06983870730339833,docres_deshadow,"['textWatermark', 'shadow', 'ImpulseNoise']",0.7759391069412231
mixeddoc_01658,-0.5348223883425671,-0.5790018842457751,-0.06451303895194746,classical_shadow_0.40,"['shadow', 'textWatermark', 'seal', 'ShotNoise', 'DefocusBlur']",0.815822422504425
mixeddoc_01659,-0.08338924101224165,0.1705983948503409,-0.008690418521133926,docres_deshadow,"['textWatermark', 'seal']",0.8118162155151367
mixeddoc_01660,-1.2561878623821912,3.8478409419370045,-0.030334886500376745,docres_deshadow,"['seal', 'textWatermark', 'shadow']",0.8024792671203613
mixeddoc_01661,-2.4198944922706467,4.996266722735816,-0.032576622125640275,docres_deshadow,"['seal', 'GaussianNoise', 'GlassBlur', 'shadow']",0.800387442111969
mixeddoc_01662,-0.08712778787007025,0.51083968461041,-0.015663952162521033,docres_deshadow,"['seal', 'GlassBlur', 'shadow', 'textWatermark']",0.800559937953949
mixeddoc_01663,-0.1766552319250323,1.1927775125327962,-0.03109107855453197,docres_deshadow,"['seal', 'textWatermark', 'GlassBlur', 'shadow']",0.8000990748405457
mixeddoc_01664,-0.016303577031838046,0.24283934999148826,-0.013975255338167764,docres_deshadow,"['seal', 'MotionBlur', 'textWatermark']",0.8150390386581421
mixeddoc_01665,-0.25235345359408967,1.2842772091419974,-0.022606293518151938,docres_deshadow,"['shadow', 'seal', 'MotionBlur']",0.8014716506004333
mixeddoc_01666,-0.014156325608603026,0.06686795231546228,-0.009748605675658842,docres_deshadow,"['textWatermark', 'seal', 'GlassBlur']",0.8144880533218384
mixeddoc_01667,-1.3882359698890738,5.005317537075626,-0.0200428905343088,docres_deshadow,"['textWatermark', 'shadow']",0.7971968054771423
mixeddoc_01668,-1.0387336352557348,5.742783850335204,-0.03410501296754073,docres_input_blend_0.90,"['shadow', 'textWatermark']",0.8008033633232117
mixeddoc_01669,-0.09644673579041196,0.11260728861731195,-0.04203699052058807,docres_deshadow,"['textWatermark', 'ZoomBlur', 'shadow', 'seal']",0.7963066101074219
mixeddoc_01670,-0.3875074207197411,1.2118648198973325,-0.07433342273099847,docres_deshadow,"['seal', 'shadow', 'textWatermark', 'MotionBlur']",0.7867614030838013
mixeddoc_01671,-0.09186404556034589,0.33666990359213145,-0.010133816334466472,docres_deshadow,"['textWatermark', 'seal']",0.8103023171424866
mixeddoc_01672,-0.09959861751885413,0.598820727308258,-0.031946433016009884,docres_deshadow,"['GlassBlur', 'shadow', 'textWatermark', 'seal']",0.7973882555961609
mixeddoc_01673,-0.02358505857786497,0.14650878646732934,-0.008575202708491034,docres_input_blend_0.90,"['textWatermark', 'seal']",0.8054250478744507
mixeddoc_01674,-2.897126836738064,3.924231929852912,-0.08147297408340137,docres_deshadow,"['textWatermark', 'GaussianNoise', 'shadow']",0.7925662398338318
mixeddoc_01675,-1.9716963625206496,3.713286563510387,-0.08616472096663336,docres_deshadow,"['shadow', 'ImpulseNoise', 'seal']",0.765343427658081
mixeddoc_01676,-0.5261790800861856,2.4508088347116104,-0.05576326064806297,docres_deshadow,"['shadow', 'seal', 'textWatermark', 'DefocusBlur']",0.8103939890861511
mixeddoc_01677,-0.022019493513512955,-0.2045440348999481,-0.02072819810941883,classical_shadow_0.40,"['seal', 'ZoomBlur', 'textWatermark']",0.7934339642524719
mixeddoc_01678,-0.11178810304054565,0.3005925031012744,-0.008862601293678912,docres_deshadow,"['GaussianNoise', 'textWatermark', 'seal']",0.8098761439323425
mixeddoc_01679,-2.1789458917171487,4.367637805942163,-0.03917691901845949,docres_deshadow,"['textWatermark', 'seal', 'shadow']",0.7971642017364502
mixeddoc_01680,-0.9784226401633696,2.3695876182249656,-0.04501525182079469,docres_deshadow,"['SpeckleNoise', 'textWatermark', 'seal', 'shadow']",0.773496150970459
mixeddoc_01681,-1.5009515500987298,3.1737005470851987,-0.022405891352276996,docres_deshadow,"['shadow', 'ZoomBlur', 'textWatermark', 'seal']",0.813234269618988
mixeddoc_01682,-0.35586363063450044,0.5555060953672193,-0.06373481380930535,docres_deshadow,"['shadow', 'GaussianNoise', 'textWatermark', 'seal', 'ZoomBlur']",0.8019609451293945
mixeddoc_01683,-0.1253698291624623,1.1458358134445525,-0.009967926239040314,docres_deshadow,"['seal', 'textWatermark']",0.8166893124580383
mixeddoc_01684,-0.13850292909281592,0.7453061974180137,-0.017853200561709193,docres_deshadow,"['shadow', 'DefocusBlur', 'seal']",0.7955403923988342
mixeddoc_01685,-2.2230008155106376,5.03297734351408,-0.03636340890684306,docres_deshadow,"['textWatermark', 'seal', 'shadow']",0.7924912571907043
mixeddoc_01686,-1.9802225264979363,3.206594715105039,-0.029900323934312856,docres_deshadow,"['seal', 'textWatermark', 'shadow']",0.7718930244445801
mixeddoc_01687,-0.574542657573474,1.8360240433048727,-0.036326504715409935,docres_deshadow,"['shadow', 'textWatermark']",0.8068769574165344
mixeddoc_01688,-1.1641826927314263,2.9735004689509825,-0.029261983635209682,docres_deshadow,"['textWatermark', 'seal', 'shadow']",0.7925655841827393
mixeddoc_01689,-0.08965943687557854,0.6030419746597637,-0.02082897213398012,docres_input_blend_0.90,"['GlassBlur', 'seal', 'shadow']",0.8005880117416382
mixeddoc_01690,0.7533985829492273,-0.7274930621196702,-0.00799219794600185,classical_shadow_0.40,['seal'],0.8176360130310059
mixeddoc_01691,-1.2542736275369784,4.605271753461633,-0.014991535638016723,docres_deshadow,"['seal', 'shadow']",0.8011356592178345
mixeddoc_01692,0.020646213845260775,0.04470902707873137,-0.019448945663784883,docres_input_blend_0.80,"['DefocusBlur', 'textWatermark', 'seal']",0.808290958404541
mixeddoc_01693,-0.1567722567392842,1.1880635255215566,-0.012178293505443881,docres_deshadow,"['shadow', 'textWatermark', 'seal']",0.7937906384468079
mixeddoc_01694,-0.17987466845339029,0.5613560879934845,-0.017768379533329992,docres_deshadow,"['shadow', 'seal', 'DefocusBlur', 'textWatermark']",0.7917181253433228
mixeddoc_01695,-0.6120676028324645,-0.6700227928446765,-0.03629664739467882,classical_shadow_0.40,"['shadow', 'textWatermark']",0.8513034582138062
mixeddoc_01696,-0.21982730351990298,10.311198490669476,-0.02061133276475452,docres_input_blend_0.90,"['shadow', 'textWatermark']",0.835291862487793
mixeddoc_01697,0.04548658263054506,7.459457781545705,-0.00781209030629813,region_controller,"['seal', 'textWatermark']",0.8573554158210754
mixeddoc_01698,0.36246977486666054,6.184559264011984,-0.01326646830442152,docres_input_blend_0.80,"['textWatermark', 'seal', 'shadow']",0.8178819417953491
mixeddoc_01699,1.4519449683121337,-4.762844258878488,-0.03413285823848239,classical_shadow_0.40,"['MotionBlur', 'shadow', 'seal', 'textWatermark']",0.8445193767547607
mixeddoc_01700,1.621290945226992,-1.6394325115739807,-0.12023960019256785,classical_shadow_0.40,"['shadow', 'seal', 'ZoomBlur']",0.8456575274467468
mixeddoc_01701,1.8190116758783432,8.067411708068285,-0.019625259459853467,docres_input_blend_0.80,"['textWatermark', 'seal', 'shadow']",0.8332672119140625
mixeddoc_01702,0.8584292600342032,-1.5061113243572244,-0.023108306920056138,classical_shadow_0.40,"['textWatermark', 'seal']",0.8875324726104736
mixeddoc_01703,1.0705070753115287,1.385830302699901,-0.01576553995822841,docres_input_blend_0.80,"['shadow', 'textWatermark']",0.8523790836334229
mixeddoc_01704,3.773474208564405,9.18933403610351,-0.026054569234815306,docres_input_blend_0.80,"['textWatermark', 'seal', 'shadow']",0.8447198867797852
mixeddoc_01705,1.8286284485046522,-2.7249426395522267,-0.03425208044341033,classical_shadow_0.40,"['seal', 'MotionBlur', 'shadow']",0.8443419337272644
mixeddoc_01706,1.8179121609779436,4.045633497967678,-0.03079486781241403,docres_input_blend_0.80,"['GaussianBlur', 'textWatermark', 'seal', 'shadow']",0.8228082656860352
mixeddoc_01707,1.8581008894544535,-2.643657694387091,-0.10571514762396317,classical_shadow_0.40,"['DefocusBlur', 'textWatermark', 'shadow']",0.8520269393920898
mixeddoc_01708,-0.4202852246700779,5.019927127931101,-0.09180755883143638,docres_deshadow,"['seal', 'shadow', 'GlassBlur', 'textWatermark']",0.8180872201919556
mixeddoc_01709,0.397304869089286,3.6919908887644333,-0.03634402204258119,docres_input_blend_0.80,"['shadow', 'textWatermark', 'seal']",0.8239790201187134
mixeddoc_01710,1.616358755213561,2.6663522016185297,-0.02055159551264757,docres_input_blend_0.80,"['shadow', 'textWatermark']",0.820042610168457
mixeddoc_01711,0.1207825221993275,6.297952667494506,-0.012770277496433911,region_controller,"['seal', 'textWatermark']",0.8456547260284424
mixeddoc_01712,1.7981042209190186,-2.6045616769857425,-0.049668161893844376,classical_shadow_0.40,"['textWatermark', 'DefocusBlur']",0.8101822733879089
mixeddoc_01713,1.7803596566276063,-3.6365750663194234,-0.05527683362330171,classical_shadow_0.40,"['shadow', 'ZoomBlur', 'seal']",0.8315741419792175
mixeddoc_01714,1.857533662944988,6.314604155613669,-0.027442771759412232,docres_input_blend_0.80,"['shadow', 'seal']",0.8226872682571411
mixeddoc_01715,1.5216095807047587,9.206208467767176,-0.03729057394151053,region_controller,"['seal', 'shadow']",0.8292647004127502
mixeddoc_01716,1.655502279858668,-2.8152311032195314,-0.03776901864819626,classical_shadow_0.40,"['seal', 'GlassBlur', 'shadow']",0.8502718210220337
mixeddoc_01717,1.3724043085782025,-1.3638565617543996,-0.029728893760532615,classical_shadow_0.40,"['DefocusBlur', 'seal']",0.8502737283706665
mixeddoc_01718,1.1224378766827812,1.3413789260212816,-0.024500376685985287,docres_input_blend_0.80,"['textWatermark', 'shadow']",0.8604058027267456
mixeddoc_01719,1.3723839514342622,0.36927172725627955,-0.0347035500913116,docres_input_blend_0.80,"['GaussianBlur', 'seal', 'textWatermark']",0.8474884033203125
mixeddoc_01720,1.2746433902593068,0.834785373137386,-0.09356103113569836,region_controller,"['seal', 'GaussianBlur', 'GaussianNoise']",0.7296801209449768
mixeddoc_01721,1.5681398148537156,4.889119095592253,-0.05014536069786851,docres_input_blend_0.80,"['shadow', 'seal']",0.8046106696128845
mixeddoc_01722,1.6560152113581221,-4.70654323186195,-0.039343819707486016,classical_shadow_0.40,"['textWatermark', 'GlassBlur', 'seal']",0.8133800029754639
mixeddoc_01723,0.1511391358330485,4.603056283334897,-0.01320869246408489,docres_input_blend_0.80,"['textWatermark', 'seal']",0.9008316993713379
mixeddoc_01724,1.1365007007073302,0.7797794790672263,-0.012406695918640298,docres_input_blend_0.80,"['seal', 'textWatermark']",0.8618906140327454
mixeddoc_01725,1.4095351895885173,-0.414987545626321,-0.032661009645424344,classical_shadow_0.40,"['textWatermark', 'seal']",0.8224883675575256
mixeddoc_01726,1.5667355499447169,5.383800394049281,-0.01620850287286449,docres_input_blend_0.80,"['textWatermark', 'shadow']",0.8461903929710388
mixeddoc_01727,1.3423056225863803,5.851102656536025,-0.056556443463424644,docres_input_blend_0.80,"['shadow', 'seal', 'MotionBlur']",0.8454489707946777
mixeddoc_01728,-0.8520464027502364,0.9520197395195957,-0.0645614610488428,docres_deshadow,"['seal', 'shadow', 'textWatermark']",0.8264510035514832
mixeddoc_01729,1.3684961759930587,-2.374639268926934,-0.298616015074725,classical_shadow_0.40,"['textWatermark', 'shadow']",0.8294036388397217
mixeddoc_01730,1.4306333216364706,-3.6953492419766665,-0.054912596949381665,classical_shadow_0.40,"['seal', 'shadow', 'ZoomBlur']",0.8660258650779724
mixeddoc_01731,-0.8437225740670371,-0.3556898547530274,-0.06598957077319012,docres_deshadow,"['seal', 'ImpulseNoise', 'MotionBlur', 'textWatermark', 'shadow']",0.8086325526237488
mixeddoc_01732,-1.4158686572107797,4.820741655428403,-0.02011334078313759,docres_deshadow,"['shadow', 'textWatermark', 'seal']",0.8318387269973755
mixeddoc_01733,1.3253309018037243,-0.9127378972347486,-0.049087625055758366,classical_shadow_0.40,"['shadow', 'textWatermark', 'DefocusBlur', 'seal']",0.8436646461486816
mixeddoc_01734,1.4734454768247858,8.696881321786122,-0.014835449108118431,docres_input_blend_0.80,"['shadow', 'seal']",0.8536676168441772
mixeddoc_01735,1.626975885873133,0.5228946758553867,-0.14038219610010894,docres_input_blend_0.80,"['ZoomBlur', 'textWatermark', 'shadow', 'seal']",0.8475159406661987
mixeddoc_01736,1.6857478185213584,-2.863205761098733,-0.03930039499618887,classical_shadow_0.40,"['textWatermark', 'GaussianBlur', 'shadow']",0.8275803923606873
mixeddoc_01737,1.7438774350818758,-1.1104671519884057,-0.118288950946702,classical_shadow_0.40,"['textWatermark', 'shadow', 'seal', 'GaussianNoise']",0.7806383967399597
mixeddoc_01738,-0.4524547299940842,1.1239955276188454,-0.04743493000946078,docres_deshadow,"['textWatermark', 'ShotNoise', 'seal', 'shadow', 'GlassBlur']",0.8082602620124817
mixeddoc_01739,0.6118463869489474,2.104864539936237,-0.06116602765904755,region_controller,"['shadow', 'textWatermark', 'GaussianNoise', 'GlassBlur', 'seal']",0.8035621047019958
mixeddoc_01740,1.7507628864195404,-4.694805933647729,-0.0378221053358202,classical_shadow_0.40,"['GlassBlur', 'seal']",0.8262678980827332
mixeddoc_01741,0.9905807563076152,1.5325867905775326,-0.03719690770099521,docres_input_blend_0.80,"['seal', 'textWatermark', 'MotionBlur']",0.8178446292877197
mixeddoc_01742,0.7317182450205593,4.479466885334389,-0.015617421692304678,region_controller,"['SpeckleNoise', 'seal', 'GaussianBlur', 'textWatermark']",0.8249770998954773
mixeddoc_01743,2.0570099222384286,10.584303228259806,-0.017569056527837384,region_controller,['shadow'],0.8348190784454346
mixeddoc_01744,-0.5121899916981434,3.4910094630498456,-0.05191572849258835,docres_deshadow,"['seal', 'MotionBlur', 'shadow', 'textWatermark']",0.8231085538864136
mixeddoc_01745,1.6280822419775962,-4.47455415765088,-0.05912929168017278,classical_shadow_0.40,"['seal', 'DefocusBlur', 'textWatermark']",0.8343031406402588
mixeddoc_01746,2.361913021427492,-2.59872184811473,-0.02437874234021964,classical_shadow_0.40,"['shadow', 'seal']",0.8323180079460144
mixeddoc_01747,-0.6662190491013682,6.523856397434251,-0.028827360715230205,docres_deshadow,"['textWatermark', 'seal', 'shadow']",0.8224359750747681
mixeddoc_01748,1.936057766466444,-2.76769102601083,-0.07992675654295556,classical_shadow_0.40,"['shadow', 'GlassBlur', 'textWatermark']",0.8280771374702454
mixeddoc_01749,0.8941246157044489,1.6955081685673612,-0.13059322198889056,docres_input_blend_0.80,"['seal', 'shadow', 'SpeckleNoise', 'textWatermark', 'ZoomBlur']",0.834541916847229
mixeddoc_01750,2.1681099401340838,-2.9638146130001815,-0.02739832098173689,classical_shadow_0.40,"['textWatermark', 'shadow', 'MotionBlur']",0.831639289855957
mixeddoc_01751,1.6427174473181267,-2.7243828393404996,-0.03874545174645988,classical_shadow_0.40,"['GlassBlur', 'textWatermark']",0.8138990998268127
mixeddoc_01752,1.669143471418785,-2.782018544060058,-0.06002490160519902,classical_shadow_0.40,"['textWatermark', 'MotionBlur', 'seal', 'shadow']",0.8332803249359131
mixeddoc_01753,1.6870036698352173,-0.6599296233548131,-0.1596630542777825,classical_shadow_0.40,"['shadow', 'textWatermark', 'ZoomBlur', 'seal']",0.8372633457183838
mixeddoc_01754,1.381106529177174,1.518066892578787,-0.028953993999876804,docres_input_blend_0.80,"['shadow', 'seal', 'textWatermark']",0.8221585750579834
mixeddoc_01755,1.643523849965188,-3.703647828958726,-0.0369844145409578,classical_shadow_0.40,"['GaussianBlur', 'textWatermark', 'seal']",0.8215778470039368
mixeddoc_01756,-0.35658515660917445,1.858395475749834,-0.0575586589752583,docres_deshadow,"['ImpulseNoise', 'textWatermark', 'shadow', 'seal']",0.7388210892677307
mixeddoc_01757,-1.6675973956608772,2.778661193522982,-0.05992401395254576,docres_deshadow,"['seal', 'shadow', 'textWatermark']",0.8310607671737671
mixeddoc_01758,-1.2452767364071882,2.6269564218361765,-0.09227189928734891,docres_deshadow,"['seal', 'GaussianNoise', 'shadow']",0.7958016991615295
mixeddoc_01759,1.089969070802674,2.749140395294205,-0.042599989351426726,docres_input_blend_0.80,"['textWatermark', 'seal', 'ZoomBlur']",0.8221799731254578
mixeddoc_01760,1.6880771748988792,5.880151459496176,-0.028466480637889258,region_controller,"['shadow', 'GaussianBlur', 'seal']",0.8077848553657532
mixeddoc_01761,3.671529694036616,-1.2474622310962395,-0.010059178000726643,classical_shadow_0.40,"['shadow', 'GlassBlur']",0.8254836797714233
mixeddoc_01762,-1.5684257926814489,3.537869640339675,-0.043304153226338515,docres_deshadow,"['shadow', 'seal']",0.8239380121231079
mixeddoc_01763,0.10589724767335085,1.6858438763601242,-0.06355658823043175,region_controller,"['ZoomBlur', 'shadow', 'seal', 'ImpulseNoise']",0.7655944228172302
mixeddoc_01764,0.06368691585059949,8.797871742296827,-0.019326411187159165,docres_input_blend_0.80,"['seal', 'textWatermark']",0.8368577361106873
mixeddoc_01765,-0.25988400667120715,1.85944190239778,-0.04536262939565791,docres_deshadow,"['textWatermark', 'seal', 'ImpulseNoise', 'shadow']",0.7689782381057739
mixeddoc_01766,0.5767758135676857,6.460445123995044,-0.014151701108283704,region_controller,"['shadow', 'textWatermark']",0.8356064558029175
mixeddoc_01767,0.6821100368306965,8.397498373034907,-0.03104958344117581,region_controller,"['seal', 'textWatermark']",0.8151474595069885
mixeddoc_01768,0.08538713035645529,2.1986299961291103,-0.05458828518966685,region_controller,"['shadow', 'seal', 'MotionBlur', 'GaussianNoise']",0.7575197219848633
mixeddoc_01769,1.3092089190563243,11.937443594621563,-0.013465447933020985,region_controller,['textWatermark'],0.8420501351356506
mixeddoc_01770,-0.21589061236829465,2.687603866656673,-0.05194963676211922,docres_deshadow,"['shadow', 'textWatermark', 'seal', 'GlassBlur']",0.8246949315071106
mixeddoc_01771,1.73705601761411,-2.72665593877565,-0.03788290606254657,classical_shadow_0.40,"['GaussianBlur', 'shadow', 'seal']",0.8301951289176941
mixeddoc_01772,0.21320738653185245,5.12179546349201,-0.01693648122953828,docres_input_blend_0.80,"['seal', 'textWatermark']",0.8422271013259888
mixeddoc_01773,0.42281673475396175,5.720695578083607,-0.010178055310408683,docres_input_blend_0.80,"['seal', 'textWatermark']",0.8263030648231506
mixeddoc_01774,0.10385143357774496,2.7099816634039016,-0.029041912593076286,docres_input_blend_0.80,"['shadow', 'textWatermark']",0.8108999729156494
mixeddoc_01775,-0.47529884574932524,2.533068835233271,-0.06405036070406794,docres_deshadow,"['shadow', 'textWatermark', 'ImpulseNoise']",0.7432935237884521
mixeddoc_01776,1.7584716084330516,-4.19964407689913,-0.029349142991060173,classical_shadow_0.40,"['seal', 'GaussianBlur', 'shadow']",0.8325887322425842
mixeddoc_01777,1.7290125354044275,-4.435979364237573,-0.026135622641382916,classical_shadow_0.40,"['MotionBlur', 'shadow', 'seal']",0.8374210596084595
mixeddoc_01778,1.8604173704147158,2.5909624033331653,-0.060103571075950546,docres_input_blend_0.80,"['textWatermark', 'shadow', 'seal']",0.8145400285720825
mixeddoc_01779,-0.8236470719568452,2.765739290263568,-0.13264885691510547,docres_deshadow,"['shadow', 'ImpulseNoise', 'textWatermark', 'ZoomBlur']",0.8412216901779175
mixeddoc_01780,2.0491950954475247,-2.6748774907175807,-0.1644689867451664,classical_shadow_0.40,"['GaussianBlur', 'shadow']",0.8310505151748657
mixeddoc_01781,1.8426389931609837,-3.0645363513604735,-0.05577910421707988,classical_shadow_0.40,"['shadow', 'DefocusBlur', 'seal']",0.8397632837295532
mixeddoc_01782,-1.486816787704889,11.88473990471324,-0.022231845862030863,docres_input_blend_0.90,"['textWatermark', 'shadow']",0.8221381902694702
mixeddoc_01783,1.2965227191800768,-3.0103089643098517,-0.04085130485034172,classical_shadow_0.40,"['shadow', 'textWatermark', 'DefocusBlur', 'seal']",0.8362492918968201
mixeddoc_01784,-1.110456649345167,1.6855070158927354,-0.13511617540162196,docres_deshadow,"['ShotNoise', 'textWatermark', 'MotionBlur', 'seal', 'shadow']",0.7688940167427063
mixeddoc_01785,1.521395926353577,-3.417511024374569,-0.02133421760842008,classical_shadow_0.40,"['seal', 'textWatermark']",0.8131064772605896
mixeddoc_01786,1.5885154816800728,-3.6714360092546467,-0.05866528362990575,classical_shadow_0.40,"['ZoomBlur', 'seal', 'textWatermark']",0.8249970078468323
mixeddoc_01787,0.3029187496167083,3.9206401955229175,-0.019180264459759205,docres_input_blend_0.80,"['GlassBlur', 'textWatermark', 'seal']",0.8204506039619446
mixeddoc_01788,-0.4641931194494653,7.565449614314325,-0.017789751948494803,docres_deshadow,"['seal', 'textWatermark', 'shadow']",0.8298490643501282
mixeddoc_01789,1.0739381139046493,6.988007598443048,-0.014039506567260995,docres_input_blend_0.80,"['seal', 'textWatermark']",0.8279772400856018
mixeddoc_01790,0.583398893100135,9.31617515476848,-0.015844631693438305,region_controller,"['seal', 'textWatermark', 'shadow']",0.8106348514556885
mixeddoc_01791,-1.1673008284041906,2.4706766787087293,-0.11661537897491947,docres_deshadow,"['shadow', 'ShotNoise']",0.7303739786148071
mixeddoc_01792,-0.446794336446505,12.167046292505045,-0.018875406152832397,docres_input_blend_0.90,"['textWatermark', 'shadow']",0.8228428959846497
mixeddoc_01793,1.3885690917087317,-0.8942651633991368,-0.02561029775231416,classical_shadow_0.40,"['shadow', 'MotionBlur', 'textWatermark']",0.821688711643219
mixeddoc_01794,1.5486256544858836,-4.097844953215905,-0.049080042553780956,classical_shadow_0.40,"['textWatermark', 'GaussianBlur', 'seal', 'shadow']",0.836413562297821
mixeddoc_01795,1.9563470463651917,-2.862205054598448,-0.037542873927398634,classical_shadow_0.40,"['shadow', 'textWatermark', 'seal']",0.8210952877998352
mixeddoc_01796,-0.42501552650967866,1.0183545326973231,-0.05972296714917319,docres_deshadow,"['shadow', 'SpeckleNoise', 'seal', 'textWatermark', 'MotionBlur']",0.7863900661468506
mixeddoc_01797,-0.2031209886434695,0.801152375231343,-0.04695207100128321,docres_deshadow,"['ImpulseNoise', 'shadow', 'seal', 'textWatermark']",0.7536246180534363
mixeddoc_01798,0.36035738953059493,2.140358923248362,-0.04454963728474426,docres_input_blend_0.80,"['seal', 'shadow', 'GlassBlur', 'textWatermark', 'SpeckleNoise']",0.7445209622383118
mixeddoc_01799,-6.697020893856035,10.408563604301982,-0.022233141654825928,docres_deshadow,['shadow'],0.8289597630500793
mixeddoc_01800,-0.2591484994262281,2.407369723173325,-0.055033984960556254,docres_deshadow,"['seal', 'ImpulseNoise', 'textWatermark']",0.7473130822181702
mixeddoc_01801,0.2141723492588241,1.2604070370203715,-0.08092845568795315,region_controller,"['ZoomBlur', 'seal', 'textWatermark', 'GaussianNoise']",0.7431696057319641
mixeddoc_01802,1.6325263906731955,-0.7232898650310879,-0.02442775952045441,classical_shadow_0.40,"['seal', 'shadow', 'textWatermark']",0.8311651945114136
mixeddoc_01803,-0.794736504108247,1.4978847166934983,-0.06658946996816961,docres_deshadow,"['GaussianBlur', 'shadow', 'textWatermark', 'seal']",0.8303936719894409
mixeddoc_01804,0.4470838599627207,3.0015897745038416,-0.022458436265711368,docres_input_blend_0.80,"['shadow', 'textWatermark', 'seal']",0.7919231057167053
mixeddoc_01805,1.280566707950321,5.3667596295598905,-0.048321255109631034,docres_input_blend_0.80,"['seal', 'SpeckleNoise', 'shadow']",0.7841922640800476
mixeddoc_01806,-1.1995915790760137,1.336473763263058,-0.027401129044728967,docres_deshadow,"['textWatermark', 'shadow', 'seal']",0.7932875752449036
mixeddoc_01807,0.1670188518616591,4.6022535194238365,-0.01276051737581492,docres_input_blend_0.80,"['textWatermark', 'seal']",0.8191512823104858
mixeddoc_01808,-2.2766752581658274,3.8533804188836065,-0.09914123001574188,docres_deshadow,"['shadow', 'seal', 'textWatermark']",0.8166339993476868
mixeddoc_01809,1.8555269593058306,-4.00718704328065,-0.03954992675524138,classical_shadow_0.40,"['seal', 'GlassBlur']",0.8111953139305115
mixeddoc_01810,-0.19325788028861268,3.2808876460780745,-0.027269667431548045,docres_input_blend_0.90,"['textWatermark', 'shadow']",0.801687479019165
mixeddoc_01811,0.20362970841172867,6.993906886788395,-0.009429991429037166,region_controller,['textWatermark'],0.8345341682434082
mixeddoc_01812,0.3604077616322172,2.14509215867945,-0.054481251499078454,region_controller,"['GaussianNoise', 'seal', 'textWatermark']",0.7610318064689636
mixeddoc_01813,-0.5929003158935515,6.015888530439653,-0.05394663052092674,docres_deshadow,"['shadow', 'textWatermark', 'GaussianBlur', 'seal']",0.8337602019309998
mixeddoc_01814,1.6391964882546404,7.110709425884259,-0.030258929067699225,region_controller,"['textWatermark', 'seal']",0.8196816444396973
mixeddoc_01815,0.07843258876398451,5.294338666190551,-0.016610798627855305,region_controller,"['GlassBlur', 'seal', 'textWatermark']",0.8318446278572083
mixeddoc_01816,-1.9583807498152446,11.48414346257126,-0.030161059181423644,docres_input_blend_0.90,"['shadow', 'seal']",0.8227992057800293
mixeddoc_01817,0.9583515165540746,11.480855142309487,-0.021398736942427193,docres_input_blend_0.80,"['seal', 'shadow']",0.82611483335495
mixeddoc_01818,-1.2241232412117675,2.7108238855626574,-0.03187090408820292,docres_deshadow,"['textWatermark', 'shadow', 'seal']",0.8228347301483154
mixeddoc_01819,-1.9915558005177303,11.58836960759172,-0.025430004470220285,docres_deshadow,"['textWatermark', 'seal', 'shadow']",0.8246335983276367
mixeddoc_01820,1.6345372070099398,-4.179074156817009,-0.051099619953189734,classical_shadow_0.40,"['textWatermark', 'shadow', 'seal', 'MotionBlur']",0.8279798030853271
mixeddoc_01821,-0.45422131738827076,2.709331998828972,-0.08329936234619956,docres_deshadow,"['shadow', 'ShotNoise', 'textWatermark']",0.7211534976959229
mixeddoc_01822,1.3212260704725338,3.3217337677929493,-0.04183646797567675,region_controller,"['SpeckleNoise', 'seal', 'shadow']",0.7784447073936462
mixeddoc_01823,2.281605004189764,-2.795726344474895,-0.013356023037459863,classical_shadow_0.40,"['textWatermark', 'shadow', 'seal', 'MotionBlur']",0.824801504611969
mixeddoc_01824,-1.5713982223847331,7.015066634550845,-0.023867558594005245,docres_input_blend_0.90,"['seal', 'textWatermark', 'shadow']",0.8243025541305542
mixeddoc_01825,-0.3950245925659601,1.5642473800622358,-0.04730884613366221,docres_deshadow,"['textWatermark', 'ImpulseNoise', 'shadow']",0.7589688301086426
mixeddoc_01826,-0.33879046526814705,2.943745226817626,-0.054958094421977494,docres_deshadow,"['textWatermark', 'shadow', 'seal', 'ImpulseNoise']",0.781502366065979
mixeddoc_01827,-1.063922308493403,1.981628019582704,-0.09425733215797671,docres_deshadow,"['shadow', 'textWatermark', 'DefocusBlur', 'seal']",0.8324191570281982
mixeddoc_01828,-2.43401356285014,9.320365377963647,-0.03242774632238454,docres_deshadow,"['shadow', 'seal']",0.8238957524299622
mixeddoc_01829,-0.8675578634261072,4.051232708553133,-0.05924837313761816,docres_deshadow,"['shadow', 'GlassBlur', 'seal', 'textWatermark']",0.823322057723999
mixeddoc_01830,2.661967236841221,-2.858383365320993,-0.024639899153410694,classical_shadow_0.40,"['shadow', 'seal', 'DefocusBlur']",0.8343703746795654
mixeddoc_01831,0.37503728600177055,1.818552610424252,-0.04185369156198818,region_controller,"['GaussianBlur', 'shadow', 'textWatermark', 'ImpulseNoise']",0.7880941033363342
mixeddoc_01832,-0.2879162233871746,6.241668442947486,-0.020024757974118,docres_deshadow,"['shadow', 'seal']",0.8032626509666443
mixeddoc_01833,-0.15636008965781656,6.4492207157428645,-0.01813324514222217,docres_deshadow,"['shadow', 'textWatermark']",0.8236804604530334
mixeddoc_01834,0.45436460069898743,5.258889911502756,-0.027341579907085328,region_controller,"['seal', 'GaussianNoise', 'textWatermark', 'GaussianBlur']",0.8311709761619568
mixeddoc_01835,1.1980155446583254,6.844453931358771,-0.02049127801596555,docres_input_blend_0.80,['seal'],0.8193840384483337
mixeddoc_01836,1.5844040796348526,-2.003387876846169,-0.038107133883860056,classical_shadow_0.40,"['textWatermark', 'seal', 'MotionBlur']",0.8291194438934326
