dataset,sample_id,source_page_id,split,candidate,psnr,ssim,content_risk,edge_jaccard,edge_keep,foreground_shift,mean_shift,contrast_shift
compound_proxy,000004_jung_005_v00,jung_005,val,input,16.959166864171227,0.4788897633552551,1.4144735382970452e-11,0.9999999999685673,1.0,0.0,0.0,0.0
compound_proxy,000004_jung_005_v00,jung_005,val,classical_shadow_0.25,16.200091517433716,0.46507957577705383,0.10580445977427562,0.8708738950187178,0.9785628968378701,0.03776962204623012,0.017619927759913515,0.004800198970838517
compound_proxy,000004_jung_005_v00,jung_005,val,classical_shadow_0.40,15.655339566709385,0.4562458395957947,0.1430765635445174,0.8411093338888739,0.9752310303639907,0.054800077264825185,0.027609259659050055,0.009553304443442389
compound_proxy,000004_jung_005_v00,jung_005,val,classical_shadow_0.55,15.075025788133392,0.4470330476760864,0.16980338563162428,0.8209173239630064,0.9715848368642735,0.06427467645354452,0.039183454722433675,0.015446871787431994
compound_proxy,000004_jung_005_v00,jung_005,val,classical_shadow_0.70,14.48391547645153,0.43852347135543823,0.19423332778124622,0.8017542033001469,0.9682844030929779,0.07212993368102505,0.048755859564867735,0.02231740293223362
compound_proxy,000004_jung_005_v00,jung_005,val,docres_deshadow,15.514459453136686,0.47388091683387756,0.08853174646680906,0.9195141603473839,0.9685044320110643,0.03343957246796729,0.036110170550739104,0.007382463224781444
compound_proxy,000004_jung_005_v00,jung_005,val,docres_classical040_blend_0.70,15.595993104804686,0.4693070650100708,0.10054052054041368,0.8869410787176838,0.9732822028037971,0.03426051123559333,0.03375967861872716,0.003166038800478648
compound_proxy,000004_jung_005_v00,jung_005,val,docres_input_blend_0.70,15.98170232626134,0.47543105483055115,0.06536915453662906,0.9368208161996854,0.9755139246872446,0.02334685467774129,0.025300013508719493,0.005786102908763979
compound_proxy,000004_jung_005_v00,jung_005,val,docres_classical040_blend_0.80,15.5718766948117,0.47080445289611816,0.09554473668306906,0.8984098426992511,0.9731879046960458,0.03322387483098319,0.034504514058536925,0.004672475738890128
compound_proxy,000004_jung_005_v00,jung_005,val,docres_input_blend_0.80,15.82784623583684,0.4749150276184082,0.07357800313587035,0.9300003007872334,0.9717734330797761,0.026656364689974888,0.02894889537812424,0.006403692748167985
compound_proxy,000004_jung_005_v00,jung_005,val,docres_classical040_blend_0.85,15.558073465117896,0.4715958833694458,0.09365730465571735,0.9029619676081392,0.9716477022694411,0.032792479557015,0.034972193500412266,0.005348055203666774
compound_proxy,000004_jung_005_v00,jung_005,val,docres_input_blend_0.85,15.748175105951024,0.4747084975242615,0.07726292131378372,0.9276580416363193,0.971396240648771,0.028388384521280022,0.030787873967435132,0.006675843236455527
compound_proxy,000004_jung_005_v00,jung_005,val,docres_classical040_blend_0.90,15.543146298919124,0.4723205268383026,0.09117804522875511,0.9105053779015616,0.9712076444332683,0.03313373253493014,0.035402313652265406,0.006018012147702562
compound_proxy,000004_jung_005_v00,jung_005,val,docres_input_blend_0.90,15.669340979117907,0.4746429920196533,0.0800100776743381,0.9273152871698183,0.9712705098384359,0.030097868778571887,0.03263849278041016,0.006914485016700625
compound_proxy,000004_jung_005_v00,jung_005,val,docres_classical040_blend_0.95,15.5238391712668,0.4730163812637329,0.09128890995885397,0.9095155044219599,0.9671213930973785,0.032280600090142296,0.03564639222503765,0.006719549947630972
compound_proxy,000004_jung_005_v00,jung_005,val,docres_input_blend_0.95,15.595699638805836,0.47412192821502686,0.08365951758806656,0.9227962070855554,0.9696988747092475,0.030902710707617024,0.03437784772011952,0.00710660163483611
compound_proxy,000004_jung_005_v00,jung_005,val,docres_appearance,13.969227399057807,0.45695412158966064,0.23177953146678337,0.7045941806864575,0.8677311875275037,0.032615414332625076,0.06991697818783689,0.063774511946549
compound_proxy,000004_jung_005_v00,jung_005,val,docres_binarization,10.849612900020407,0.5077676773071289,0.6940114503447908,0.004907476869063908,0.0049349343056516,0.16250080484192905,0.16174714454708547,0.03170025379184386
compound_proxy,000004_jung_005_v00,jung_005,val,binary_input_blend_0.75,12.28355556277409,0.5052523016929626,0.6796265853827426,0.007161397254052557,0.007198088891682907,0.16250080484192905,0.12129517056967663,0.03638390179544416
compound_proxy,000004_jung_005_v00,jung_005,val,binary_docres_blend_0.75,11.960379634563314,0.5034512877464294,0.6839384237143545,0.00706647489190587,0.007103790783931602,0.16250080484192905,0.13081211391259231,0.03715447834791034
compound_proxy,000004_jung_005_v00,jung_005,val,binary_input_blend_0.90,11.403576728276564,0.5085291862487793,0.6880935464153588,0.006472593101952015,0.006506569434840007,0.16250080484192905,0.1441896220209802,0.034715932768193576
compound_proxy,000004_jung_005_v00,jung_005,val,binary_docres_blend_0.90,11.28317518004901,0.5078447461128235,0.6900282664839957,0.006410657326711781,0.006443704029672471,0.16250080484192905,0.1487473755840628,0.034855512009102946
compound_proxy,000004_jung_005_v01,jung_005,val,input,14.696850244542961,0.4757738411426544,1.738122645811302e-10,0.9999999996137505,1.0,0.0,0.0,0.0
compound_proxy,000004_jung_005_v01,jung_005,val,classical_shadow_0.25,17.452174596952798,0.4813600182533264,0.37609969641105084,0.4551886791558198,0.8945538818076477,0.08644002317944756,0.0739011035487533,0.02489022905370141
compound_proxy,000004_jung_005_v01,jung_005,val,classical_shadow_0.40,18.308269623870718,0.4785999059677124,0.5015094099998171,0.31917925330305225,0.8651989185013519,0.12533964329405706,0.11755454303284643,0.03796435579832486
compound_proxy,000004_jung_005_v01,jung_005,val,classical_shadow_0.55,17.87613132536148,0.4726136028766632,0.6855221312098936,0.24084460571419283,0.8458864426419467,0.48352971476402035,0.16154159738713594,0.04880927471070998
compound_proxy,000004_jung_005_v01,jung_005,val,classical_shadow_0.70,16.458547875384127,0.464579313993454,0.7363811325249373,0.1774260379400492,0.8269602162997296,0.488249307835941,0.2056008413280966,0.05663752177786801
compound_proxy,000004_jung_005_v01,jung_005,val,docres_deshadow,16.44254379980331,0.4867936372756958,0.6441506317690813,0.38739205520079584,0.8663576670529162,0.4957600927177902,0.20364554887694575,0.06169806176443515
compound_proxy,000004_jung_005_v01,jung_005,val,docres_classical040_blend_0.70,17.50562443814883,0.4869964122772217,0.6304090396299891,0.39202485751907046,0.8771726535341831,0.49082802137660164,0.17783036078380873,0.059480135333412135
compound_proxy,000004_jung_005_v01,jung_005,val,docres_input_blend_0.70,18.387271243764342,0.49050286412239075,0.5631474766544693,0.5020425713820592,0.9018926226342217,0.48968514583735756,0.14259219701015427,0.0533829249538903
compound_proxy,000004_jung_005_v01,jung_005,val,docres_classical040_blend_0.80,17.176390132057236,0.48723867535591125,0.6325349994234806,0.3966392437604342,0.8752414059482425,0.4920224067993046,0.1864324355716146,0.060749474811716865
compound_proxy,000004_jung_005_v01,jung_005,val,docres_input_blend_0.80,17.924147029789907,0.4899452030658722,0.5923474963335669,0.46073717939488434,0.8883738895326381,0.49132380400489345,0.16296641378848883,0.0574877692431155
compound_proxy,000004_jung_005_v01,jung_005,val,docres_classical040_blend_0.85,17.000690101813856,0.4872589409351349,0.6329568478744131,0.40013954292688997,0.8860563924295095,0.492617989826798,0.19070920777041753,0.06122659847224433
compound_proxy,000004_jung_005_v01,jung_005,val,docres_input_blend_0.85,17.60588441781832,0.4893032908439636,0.60434150436753,0.445258288271924,0.8922363847045192,0.49191616766467067,0.17314032277001976,0.059086008303146434
compound_proxy,000004_jung_005_v01,jung_005,val,docres_classical040_blend_0.90,16.81975232327141,0.48715129494667053,0.6385791585869,0.39186627599657653,0.8783314020857474,0.49347434163930204,0.1950659339133246,0.06148768203338268
compound_proxy,000004_jung_005_v01,jung_005,val,docres_input_blend_0.90,17.245272620644293,0.48851263523101807,0.621719719688261,0.4173357663472015,0.8833526458091927,0.49267915781340543,0.18335142491740114,0.060300407629235345
compound_proxy,000004_jung_005_v01,jung_005,val,docres_classical040_blend_0.95,16.63027911407235,0.4871595501899719,0.6391984399499381,0.39463534354932756,0.869447663190421,0.4951709484257292,0.199348021225102,0.06174189342849098
compound_proxy,000004_jung_005_v01,jung_005,val,docres_input_blend_0.95,16.85570600924298,0.4878558814525604,0.6325159254946301,0.40354924571365586,0.8783314020857474,0.494311377245509,0.19343860034516683,0.06122940987951412
compound_proxy,000004_jung_005_v01,jung_005,val,docres_appearance,14.867957520122768,0.4832008481025696,0.7421610241212362,0.1375566172279235,0.8563151796060255,0.4923958534543816,0.25281086151542587,0.006769169789669651
compound_proxy,000004_jung_005_v01,jung_005,val,docres_binarization,10.75460278576595,0.5050726532936096,0.7943809416422373,0.11938841895921001,0.141753572808034,0.5380046358895113,0.3588852781470583,0.08017621695646976
compound_proxy,000004_jung_005_v01,jung_005,val,binary_input_blend_0.75,13.75186697738778,0.5103152394294739,0.7805974262262397,0.15253692994459317,0.18346852066434918,0.5380046358895113,0.269229472743318,0.08206507450217777
compound_proxy,000004_jung_005_v01,jung_005,val,binary_docres_blend_0.75,12.071080636235754,0.5061293840408325,0.7850127845876183,0.15125240842927026,0.18192352259559674,0.5380046358895113,0.32016331663049624,0.08846061396798317
compound_proxy,000004_jung_005_v01,jung_005,val,binary_input_blend_0.90,11.874632839094321,0.5084547400474548,0.7827196027346646,0.14991974313004183,0.18037852452684433,0.5380046358895113,0.3230648001908896,0.08363914523863905
compound_proxy,000004_jung_005_v01,jung_005,val,binary_docres_blend_0.90,11.266031484137,0.5062750577926636,0.7833533436436262,0.14964675653511667,0.17999227500965623,0.5380046358895113,0.3434060657937762,0.08449064014071461
compound_proxy,000005_jung_006_v00,jung_006,val,input,22.03965372607751,0.9185972809791565,1.2985512665153465e-11,0.9999999999711433,1.0,0.0,0.0,0.0
compound_proxy,000005_jung_006_v00,jung_006,val,classical_shadow_0.25,22.32562839850612,0.9489157795906067,0.05592916174601767,0.9376647627159033,0.9853407975991227,0.01532564246995223,0.012855810727132157,0.012350563678948413
compound_proxy,000005_jung_006_v00,jung_006,val,classical_shadow_0.40,21.963546739754037,0.9600828289985657,0.08329079270691557,0.9127835272424049,0.982426271137531,0.02329205041734029,0.020668983765533784,0.02080622673740658
compound_proxy,000005_jung_006_v00,jung_006,val,classical_shadow_0.55,21.288183541681516,0.9664180278778076,0.10319517965464575,0.8972224424298416,0.9796848848617764,0.02742156124038947,0.028850075498637377,0.029972812180383435
compound_proxy,000005_jung_006_v00,jung_006,val,classical_shadow_0.70,20.41711934049129,0.9688401818275452,0.12331376158899165,0.8848258965574222,0.9796560281641369,0.03314215905017594,0.03642189961083806,0.03962416024220075
compound_proxy,000005_jung_006_v00,jung_006,val,docres_deshadow,18.295747209187603,0.9118218421936035,0.06728377904307291,0.9446827599477197,0.9722975702660588,0.01637173644284157,0.06257591281488788,0.0016481990845833938
compound_proxy,000005_jung_006_v00,jung_006,val,docres_classical040_blend_0.70,19.341143488903093,0.9307814836502075,0.057329117798813195,0.9459368984588407,0.9785017602585561,0.010347551920643164,0.050072400374717614,0.004373683391268801
compound_proxy,000005_jung_006_v00,jung_006,val,docres_input_blend_0.70,19.504616294596428,0.9140724539756775,0.05081401112877232,0.9556790610800745,0.9775206325388123,0.012531181647268817,0.04354272568799716,0.0015355278205636078
compound_proxy,000005_jung_006_v00,jung_006,val,docres_classical040_blend_0.80,18.987875204561078,0.9250423908233643,0.05896010323757138,0.9455002794593208,0.9762220811450337,0.011393645893532506,0.054204952085224,0.0022660037777393815
compound_proxy,000005_jung_006_v00,jung_006,val,docres_input_blend_0.80,19.097720989863898,0.9132991433143616,0.056013732981666314,0.9511453818610023,0.9752986668205691,0.013116409044689427,0.04982980353715456,0.0016347072659434773
compound_proxy,000005_jung_006_v00,jung_006,val,docres_classical040_blend_0.85,18.804167228338198,0.9220142364501953,0.06066115207722804,0.946814760905721,0.976568361516708,0.013361473017359307,0.05642990632488807,0.0013239315624799456
compound_proxy,000005_jung_006_v00,jung_006,val,docres_input_blend_0.85,18.889754846749756,0.9129237532615662,0.06095262966968339,0.9490825301107404,0.9746349627748601,0.015823085757759748,0.053096562950888625,0.0016300954690022873
compound_proxy,000005_jung_006_v00,jung_006,val,docres_classical040_blend_0.90,18.642698978109564,0.9186534881591797,0.062058796565816504,0.9450383388105155,0.9744906792866624,0.013869889318868463,0.05829069994774549,0.00023313288763632148
compound_proxy,000005_jung_006_v00,jung_006,val,docres_input_blend_0.90,18.687866125535077,0.9124311208724976,0.06314587495272495,0.9481092318663789,0.9738269752409534,0.016276636990760724,0.056277503356809866,0.0016789849318512764
compound_proxy,000005_jung_006_v00,jung_006,val,docres_classical040_blend_0.95,18.445518417968298,0.9151701927185059,0.0658426662796677,0.9449916060172079,0.9746061060772205,0.016386367127777086,0.06085954700243796,0.0005978384310983011
compound_proxy,000005_jung_006_v00,jung_006,val,docres_input_blend_0.95,18.496262923058826,0.9121844172477722,0.06516006777984841,0.9456085724439505,0.9727592774282912,0.016002311648219813,0.059220809882998986,0.001655482963677861
compound_proxy,000005_jung_006_v00,jung_006,val,docres_appearance,19.33171770507948,0.9604334831237793,0.1828668800427069,0.7976658697514802,0.8954233277543718,0.02112670904688403,0.05983756497207472,0.07792464399193175
compound_proxy,000005_jung_006_v00,jung_006,val,docres_binarization,13.174933736343666,0.535980224609375,0.6416914409427891,0.07579000027581807,0.07869221446297686,0.11748805770342138,0.1138406136051887,0.10462106320235041
compound_proxy,000005_jung_006_v00,jung_006,val,binary_input_blend_0.75,15.24299088106549,0.6703272461891174,0.5936368004577747,0.11365309473600846,0.11583078432504185,0.11748805770342138,0.08597189847050529,0.07150645999559174
compound_proxy,000005_jung_006_v00,jung_006,val,binary_docres_blend_0.75,14.604362897257593,0.6698235273361206,0.5996762048151303,0.11337464278319966,0.11562878744156518,0.11748805770342138,0.10042546605544825,0.07172758323661575
compound_proxy,000005_jung_006_v00,jung_006,val,binary_input_blend_0.90,13.956151641308942,0.5933468341827393,0.613032004999594,0.11004297669899223,0.11231026721302015,0.11748805770342138,0.10115839165167376,0.09099988358341594
compound_proxy,000005_jung_006_v00,jung_006,val,binary_docres_blend_0.90,13.731664622817863,0.5947007536888123,0.6165082765220958,0.10927741825785521,0.1115888497720321,0.11748805770342138,0.10859496799107357,0.09126178306379977
compound_proxy,000005_jung_006_v01,jung_006,val,input,23.128856299981784,0.7458389401435852,8.376769278228836e-11,0.9999999998138496,1.0,0.0,0.0,0.0
compound_proxy,000005_jung_006_v01,jung_006,val,classical_shadow_0.25,22.116566103933465,0.7484026551246643,0.15623334404944383,0.7073580938041544,0.9395011169024572,0.006452132056562228,0.032130805782104095,0.008733386486515714
compound_proxy,000005_jung_006_v01,jung_006,val,classical_shadow_0.40,20.80161768337875,0.7490389347076416,0.2409380039603753,0.5529581209225617,0.9290766939687267,0.011536295071653779,0.051017126651097845,0.013043354405725216
compound_proxy,000005_jung_006_v01,jung_006,val,classical_shadow_0.55,19.3794906080542,0.7492091655731201,0.30446154940690145,0.4423901392959637,0.9220029784065525,0.015596310141259263,0.07020372081267998,0.016432189372922963
compound_proxy,000005_jung_006_v01,jung_006,val,classical_shadow_0.70,18.00839056856458,0.7492468357086182,0.36059258717762693,0.34660704142911647,0.9089724497393894,0.019495387676574077,0.08934038417596751,0.018890357456280378
compound_proxy,000005_jung_006_v01,jung_006,val,docres_deshadow,19.869231504080737,0.7452248930931091,0.15382635149068308,0.7333333332143822,0.8415860014892033,0.003654013562644935,0.06610329923379679,0.006218363634985707
compound_proxy,000005_jung_006_v01,jung_006,val,docres_classical040_blend_0.70,20.248213077392823,0.747131884098053,0.15634433236207607,0.7281713343225743,0.9050632911392406,0.00400880767233118,0.06154551096878224,0.008990701245650712
compound_proxy,000005_jung_006_v01,jung_006,val,docres_input_blend_0.70,21.23810393054862,0.7462061047554016,0.1180132070495229,0.7904967601278456,0.8857036485480269,0.002318963562279168,0.04614968424256589,0.004929853079579878
compound_proxy,000005_jung_006_v01,jung_006,val,docres_classical040_blend_0.80,20.128001742609086,0.7466683983802795,0.15160002209047446,0.7377557345415753,0.8860759493670886,0.0034784453434187524,0.06306572519643487,0.008142278686984425
compound_proxy,000005_jung_006_v01,jung_006,val,docres_input_blend_0.80,20.789014150372118,0.7459608316421509,0.13585862934042225,0.7582922823056991,0.8596425912137007,0.0027066767130703223,0.05281347354119516,0.005430150414064112
compound_proxy,000005_jung_006_v01,jung_006,val,docres_classical040_blend_0.85,20.066619058193314,0.7464792728424072,0.1431436852734039,0.7565440821010849,0.8769545793000745,0.003438210959846085,0.06379822047839759,0.007718371779478329
compound_proxy,000005_jung_006_v01,jung_006,val,docres_input_blend_0.85,20.558507500399827,0.7457171678543091,0.14401869077157248,0.7438984704289133,0.8510796723752793,0.0029261369871030514,0.056124110665927124,0.005662035351849291
compound_proxy,000005_jung_006_v01,jung_006,val,docres_classical040_blend_0.90,20.004672506419485,0.746001124382019,0.15173640954443987,0.7373800910933511,0.8728592702903947,0.003401634247507297,0.06449096906628543,0.007265714437377322
compound_proxy,000005_jung_006_v01,jung_006,val,docres_input_blend_0.90,20.32928606269984,0.7454634308815002,0.1390017070495079,0.7587052475463943,0.8639240506329114,0.003112678220030871,0.0594252521892596,0.005893815582751063
compound_proxy,000005_jung_006_v01,jung_006,val,docres_classical040_blend_0.95,19.91953589349057,0.7459568977355957,0.14741352916903547,0.7470511139012039,0.8488458674609084,0.0033504268502329935,0.06568560752269653,0.006603100942109369
compound_proxy,000005_jung_006_v01,jung_006,val,docres_input_blend_0.95,20.098353440492946,0.7454143166542053,0.15173132557398283,0.7342838624863441,0.8436336559940432,0.003460156987249358,0.06282269804460892,0.005949712479574617
compound_proxy,000005_jung_006_v01,jung_006,val,docres_appearance,19.02953614012239,0.7813814878463745,0.42413392337551264,0.1754171461386861,0.9080416976917349,0.0031053628775631133,0.08055048382384139,0.02957680455136958
compound_proxy,000005_jung_006_v01,jung_006,val,docres_binarization,13.258533557655273,0.5170363783836365,0.49343275337578907,0.1609684279141226,0.18317200297840655,0.022871418225444223,0.15852239549065072,0.04931361585906614
compound_proxy,000005_jung_006_v01,jung_006,val,binary_input_blend_0.75,15.40555032407234,0.5915532112121582,0.436815493405958,0.22613499046674693,0.24385703648548027,0.022871418225444223,0.11864350887429931,0.030412362234717008
compound_proxy,000005_jung_006_v01,jung_006,val,binary_docres_blend_0.75,14.70895528186341,0.5929570198059082,0.4456104919852111,0.2215342276880746,0.23976172747580043,0.022871418225444223,0.13577925394694995,0.030196291067700765
compound_proxy,000005_jung_006_v01,jung_006,val,binary_input_blend_0.90,14.065125642861345,0.5474228858947754,0.46282782617978646,0.20410239020103366,0.22412509307520476,0.022871418225444223,0.1424882262431743,0.04134532174589609
compound_proxy,000005_jung_006_v01,jung_006,val,binary_docres_blend_0.90,13.81697582195228,0.5481749773025513,0.46473688867354657,0.2061470537941676,0.22598659717051378,0.022871418225444223,0.1495137520549299,0.04137690638917644
compound_proxy,000013_jung_014_v00,jung_014,val,input,16.43580783789702,0.5167766809463501,7.758620546027828e-09,0.999999982758621,1.0,0.0,0.0,0.0
compound_proxy,000013_jung_014_v00,jung_014,val,classical_shadow_0.25,16.80520625163684,0.5756112337112427,0.5193614021726098,0.023993144805487084,0.9655172413793104,0.068434278680958,0.003095114312884227,0.01747665488161198
compound_proxy,000013_jung_014_v00,jung_014,val,classical_shadow_0.40,16.91825033619809,0.6045515537261963,0.5467860491759511,0.011062821017174472,0.9655172413793104,0.08269483905157529,0.005019758010047103,0.028435960630142226
compound_proxy,000013_jung_014_v00,jung_014,val,classical_shadow_0.55,16.94633087684511,0.6296713948249817,0.5587766112237665,0.007957936619588185,0.9655172413793104,0.08581294767253021,0.006838265880569719,0.03968238112970542
compound_proxy,000013_jung_014_v00,jung_014,val,classical_shadow_0.70,16.88495358180787,0.6504322290420532,0.5731677107567404,0.005093378607329431,0.9310344827586207,0.0913619501854796,0.008699249534164191,0.05103013521815567
compound_proxy,000013_jung_014_v00,jung_014,val,docres_deshadow,16.459612751111248,0.5123142600059509,0.05940618248511908,0.9152542217753522,0.9310344827586207,0.019604424158503855,0.0022000793068992367,0.0013102106712733585
compound_proxy,000013_jung_014_v00,jung_014,val,docres_classical040_blend_0.70,16.664234035603474,0.5440705418586731,0.4513399735360499,0.05041246558165676,0.9482758620689655,0.019717250457288407,0.00016816012351219067,0.007068447568503653
compound_proxy,000013_jung_014_v00,jung_014,val,docres_input_blend_0.70,16.458770001833624,0.5134689807891846,0.318865174027055,0.32544378505654564,0.9482758620689655,0.014004136964288767,0.0016831565352605612,0.0010624628735125734
compound_proxy,000013_jung_014_v00,jung_014,val,docres_classical040_blend_0.80,16.604168907164986,0.5334234237670898,0.43304885868832665,0.07188703456753912,0.9655172413793104,0.012506624271330154,0.0010059574028767149,0.0041483616853972985
compound_proxy,000013_jung_014_v00,jung_014,val,docres_input_blend_0.80,16.468022247971604,0.5126069784164429,0.28121401211758396,0.4198473250393334,0.9482758620689655,0.018561635639434502,0.0021991407637126574,0.0011733607339406446
compound_proxy,000013_jung_014_v00,jung_014,val,docres_classical040_blend_0.85,16.569214911123105,0.5283067226409912,0.415984918127987,0.11044176684650248,0.9482758620689655,0.013498128109133803,0.0012111095356992926,0.0028352354758326317
compound_proxy,000013_jung_014_v00,jung_014,val,docres_input_blend_0.85,16.465785032026766,0.5124916434288025,0.05148149047759272,0.9322033740304513,0.9482758620689655,0.019351419730926373,0.002235060152238319,0.001212608332456822
compound_proxy,000013_jung_014_v00,jung_014,val,docres_classical040_blend_0.90,16.53031811128386,0.522871196269989,0.3840378764940899,0.17799352693205978,0.9482758620689655,0.01265022137887413,0.0014780714412369453,0.0014891894302464636
compound_proxy,000013_jung_014_v00,jung_014,val,docres_input_blend_0.90,16.463019155638502,0.5123925805091858,0.05168246731080732,0.9322033740304513,0.9482758620689655,0.019532625604731867,0.002220083684532853,0.001255544243275657
compound_proxy,000013_jung_014_v00,jung_014,val,docres_classical040_blend_0.95,16.494341073961177,0.5168617963790894,0.33778725305753876,0.2931937157424413,0.9655172413793104,0.018835153939518266,0.002032254377382189,0.00012728241861031267
compound_proxy,000013_jung_014_v00,jung_014,val,docres_input_blend_0.95,16.460143509029663,0.5123207569122314,0.05940323869104407,0.9152542217753522,0.9310344827586207,0.019604424158503855,0.002203216722694258,0.0013032127372849995
compound_proxy,000013_jung_014_v00,jung_014,val,docres_appearance,14.86466782192229,0.5022578239440918,0.5650886397821421,0.014397905749739589,0.3793103448275862,0.1020052310374891,0.046215716777163386,0.0017936327019507379
compound_proxy,000013_jung_014_v00,jung_014,val,docres_binarization,12.398041678161027,0.39004403352737427,0.691450993712377,0.0,0.0,0.18035112911773254,0.09455752884260535,0.03879475509600357
compound_proxy,000013_jung_014_v00,jung_014,val,binary_input_blend_0.75,13.395215984942377,0.42358165979385376,0.5148368833189524,0.0,0.0,0.019149699984614594,0.07057785768802628,0.02909340043187877
compound_proxy,000013_jung_014_v00,jung_014,val,binary_docres_blend_0.75,13.399028433933427,0.42194992303848267,0.5358693594148576,0.0,0.0,0.0402687317298323,0.07015173226580754,0.029233224631170583
compound_proxy,000013_jung_014_v00,jung_014,val,binary_input_blend_0.90,12.791019021272605,0.40343359112739563,0.584581285149869,0.0,0.0,0.07953228370685676,0.08506569299514939,0.035037873741587414
compound_proxy,000013_jung_014_v00,jung_014,val,binary_docres_blend_0.90,12.790964060159986,0.4039919972419739,0.570192678741637,0.0,0.0,0.06519992478246747,0.08485272413835876,0.035086107173043404
compound_proxy,000013_jung_014_v01,jung_014,val,input,12.556807121434144,0.8876048922538757,8.298911557957922e-12,0.999999999981558,1.0,0.0,0.0,0.0
compound_proxy,000013_jung_014_v01,jung_014,val,classical_shadow_0.25,15.409826583380193,0.918204665184021,0.17366857177288383,0.9507158195964439,0.9797506639126586,0.12372942202164214,0.06440151950141905,0.0033344346151230188
compound_proxy,000013_jung_014_v01,jung_014,val,classical_shadow_0.40,17.601277440436704,0.9278110265731812,0.21084851506137092,0.9352901579937772,0.9737201239303629,0.13868061609997093,0.10310764386442481,0.0030090208547163427
compound_proxy,000013_jung_014_v01,jung_014,val,classical_shadow_0.55,20.244688682840554,0.9314019083976746,0.24635203536697545,0.9210235349704098,0.9678186780761286,0.15338564370822436,0.14135124073733302,0.0014774768341704696
compound_proxy,000013_jung_014_v01,jung_014,val,classical_shadow_0.70,23.001189177553325,0.9295896291732788,0.2819286682320301,0.9076559348983441,0.962894659191502,0.16727353539497752,0.1799194260674337,0.0018875551905565276
compound_proxy,000013_jung_014_v01,jung_014,val,docres_deshadow,16.545341214476895,0.9318720698356628,0.22994413742970995,0.9205867297244525,0.961825022130422,0.1574337145494641,0.07092718346206463,0.014005963119039426
compound_proxy,000013_jung_014_v01,jung_014,val,docres_classical040_blend_0.70,16.942845655058253,0.9326483607292175,0.21898359264218026,0.93157539835803,0.9681690764237239,0.14895122826811633,0.08059346767238278,0.011673177610373888
compound_proxy,000013_jung_014_v01,jung_014,val,docres_input_blend_0.70,15.201575228670539,0.9222128987312317,0.19328087719253115,0.9403206226624479,0.9713964296252582,0.1387079679299793,0.04971196444798417,0.013054006135766204
compound_proxy,000013_jung_014_v01,jung_014,val,docres_classical040_blend_0.80,16.815784351896934,0.9326095581054688,0.22230956420438874,0.9284816290229574,0.9670256712894659,0.15166589739644767,0.07738020418007023,0.012513863660406287
compound_proxy,000013_jung_014_v01,jung_014,val,docres_input_blend_0.80,15.634495619848947,0.9257595539093018,0.20580862435936864,0.9315224145418283,0.9676158158748893,0.14405866967536796,0.05679805936084543,0.013693029139142032
compound_proxy,000013_jung_014_v01,jung_014,val,docres_classical040_blend_0.85,16.749125720218117,0.932489812374115,0.22541476213663453,0.925751065355936,0.9655134257893184,0.1539566131596492,0.07576800150971386,0.012898212972118296
compound_proxy,000013_jung_014_v01,jung_014,val,docres_input_blend_0.85,15.85574207936341,0.9273685812950134,0.21106519932993084,0.92957646514435,0.9661773384479198,0.14689300305998598,0.06032652587848488,0.013918325389180655
compound_proxy,000013_jung_014_v01,jung_014,val,docres_classical040_blend_0.90,16.68127559060433,0.9323146939277649,0.22647426914012725,0.9235930850431108,0.9645913248745943,0.15445920303605312,0.07413182576482057,0.013298706779242903
compound_proxy,000013_jung_014_v01,jung_014,val,docres_input_blend_0.90,16.082840445110428,0.9289560914039612,0.21736085573847835,0.9256741204843102,0.9642040424904101,0.14994615108467102,0.06388737213606065,0.014021850028871057
compound_proxy,000013_jung_014_v01,jung_014,val,docres_classical040_blend_0.95,16.61243455938892,0.9321630001068115,0.2276009670296336,0.9212576172229752,0.9618803481853054,0.15500623963622065,0.07252989343847702,0.013581162947268216
compound_proxy,000013_jung_014_v01,jung_014,val,docres_input_blend_0.95,16.30852599877911,0.9303651452064514,0.2242382620967887,0.9233392828578412,0.9635770138683978,0.15433270082226438,0.06736876400901413,0.014101221594912028
compound_proxy,000013_jung_014_v01,jung_014,val,docres_appearance,19.534970464230074,0.9018173217773438,0.3811589108758373,0.7921089821409913,0.888960607848923,0.14918713780193857,0.2514023611735411,0.06403469172890802
compound_proxy,000013_jung_014_v01,jung_014,val,docres_binarization,12.443972923711753,0.40141576528549194,0.8211097118924093,0.020299960053377274,0.02061817645323104,0.38747969981366565,0.39631822915671566,0.0504078231940485
compound_proxy,000013_jung_014_v01,jung_014,val,binary_input_blend_0.75,16.564012355421667,0.6296695470809937,0.8144715390764854,0.046013551562316964,0.04671363233992328,0.38747969981366565,0.2971334410646834,0.05862939546588015
compound_proxy,000013_jung_014_v01,jung_014,val,binary_docres_blend_0.75,16.14781945371073,0.6424758434295654,0.8135877767316176,0.04942689506004565,0.05018073177928593,0.38747969981366565,0.31475898713760087,0.0597164658477305
compound_proxy,000013_jung_014_v01,jung_014,val,binary_input_blend_0.90,13.952910550048845,0.4961124658584595,0.8207656632399992,0.028001380989079255,0.02841915019179699,0.38747969981366565,0.35656334982152604,0.055610474475141336
compound_proxy,000013_jung_014_v01,jung_014,val,binary_docres_blend_0.90,13.770631505510138,0.5017415285110474,0.8208027828975879,0.028001889809056515,0.02841915019179699,0.38747969981366565,0.36361022703694884,0.055672722186105514
compound_proxy,000016_jung_017_v00,jung_017,val,input,17.80517150895693,0.5044849514961243,1.961381057569156e-11,0.9999999999564138,1.0,0.0,0.0,0.0
compound_proxy,000016_jung_017_v00,jung_017,val,classical_shadow_0.25,17.576735626155575,0.4810016453266144,0.08488735207085654,0.8773848301195368,0.9861831495445234,0.017012389380530974,0.001714426513968406,0.02002060939754964
compound_proxy,000016_jung_017_v00,jung_017,val,classical_shadow_0.40,17.312870775055874,0.4676584005355835,0.12571602736602822,0.8250985257325537,0.985529355358933,0.026417699115044248,0.002854763144195734,0.03241793262159142
compound_proxy,000016_jung_017_v00,jung_017,val,classical_shadow_0.55,16.963455546893535,0.45532843470573425,0.1645690394893583,0.7597498654935533,0.9849627337314214,0.027943362831858408,0.003927190699288549,0.04490373308313909
compound_proxy,000016_jung_017_v00,jung_017,val,classical_shadow_0.70,16.55406136181756,0.4440680146217346,0.20321333444190884,0.6937415550702082,0.9846576297781459,0.028906194690265487,0.004986999826479298,0.057493399337742196
compound_proxy,000016_jung_017_v00,jung_017,val,docres_deshadow,17.725714555635015,0.503495991230011,0.04112712353956277,0.9460983884246777,0.9723662990890468,0.015511504424778761,0.002114079472496943,0.000857103528150365
compound_proxy,000016_jung_017_v00,jung_017,val,docres_classical040_blend_0.70,17.678699861718133,0.492526650428772,0.06922015268962105,0.9090872374430902,0.9810835548969185,0.022116814159292036,0.0021160229047370873,0.008910310363041251
compound_proxy,000016_jung_017_v00,jung_017,val,docres_input_blend_0.70,17.758225813874013,0.5039649605751038,0.032095692568246084,0.956030846535894,0.9780325153641634,0.011327433628318584,0.0013468957140378502,0.0007389693257744168
compound_proxy,000016_jung_017_v00,jung_017,val,docres_classical040_blend_0.80,17.703338374358594,0.49606847763061523,0.059677510174048404,0.9212101336016557,0.9794708625724622,0.020060176991150442,0.002068561513100817,0.005557447830671176
compound_proxy,000016_jung_017_v00,jung_017,val,docres_input_blend_0.80,17.744068775680333,0.5036529898643494,0.038513401445275965,0.9473215043319755,0.9727149893213617,0.013617699115044247,0.0017617629706749352,0.0008094568189178458
compound_proxy,000016_jung_017_v00,jung_017,val,docres_classical040_blend_0.85,17.7090048711436,0.497996062040329,0.058999697900996656,0.9262152777394917,0.9766377544349039,0.022541592920353983,0.002181683151136596,0.003970511171598873
compound_proxy,000016_jung_017_v00,jung_017,val,docres_input_blend_0.85,17.73636557186436,0.5035736560821533,0.04021679229159779,0.9460295925320715,0.9725842304842436,0.014651327433628318,0.0019358806177338546,0.0008407154171802071
compound_proxy,000016_jung_017_v00,jung_017,val,docres_classical040_blend_0.90,17.71261883133619,0.499578595161438,0.048538754673649806,0.9379074042730274,0.9783376193174389,0.018176991150442478,0.002366642373763683,0.0024557308276070043
compound_proxy,000016_jung_017_v00,jung_017,val,docres_input_blend_0.90,17.7298817463194,0.5034700632095337,0.04096277055222423,0.9458955223479522,0.9723227128100074,0.01528141592920354,0.002072254034357113,0.0008423967764271743
compound_proxy,000016_jung_017_v00,jung_017,val,docres_classical040_blend_0.95,17.730750246132622,0.5021622776985168,0.04942941268682251,0.9385113268213966,0.9732816109488733,0.020803539823008848,0.0016770432066632076,0.00047525441796140744
compound_proxy,000016_jung_017_v00,jung_017,val,docres_input_blend_0.95,17.725927568023014,0.5034964084625244,0.04111572903859133,0.9460983884246777,0.9723662990890468,0.015500884955752213,0.0021129134131528788,0.0008565891811382549
compound_proxy,000016_jung_017_v00,jung_017,val,docres_appearance,15.390642010624198,0.47630205750465393,0.22291009234993042,0.6945352151604486,0.8708102689273417,0.04171327433628318,0.038224910636821124,0.04741283430186774
compound_proxy,000016_jung_017_v00,jung_017,val,docres_binarization,13.748966931248425,0.5529145002365112,0.6710767279609654,0.0,0.0,0.15470796460176992,0.09022110706229393,0.05046720089046323
compound_proxy,000016_jung_017_v00,jung_017,val,binary_input_blend_0.75,14.822019036260523,0.5457053780555725,0.5038405135787951,0.0,0.0,0.0043292035398230086,0.06727804268610095,0.03766682160755283
compound_proxy,000016_jung_017_v00,jung_017,val,binary_docres_blend_0.75,14.786290447860686,0.5453476905822754,0.5158723819874171,0.0,0.0,0.01591504424778761,0.06804106194690264,0.037901521601447496
compound_proxy,000016_jung_017_v00,jung_017,val,binary_input_blend_0.90,14.165276551750942,0.5512478351593018,0.521699090872948,0.0,0.0,0.012371681415929203,0.08021474926253686,0.045402516253340096
compound_proxy,000016_jung_017_v00,jung_017,val,binary_docres_blend_0.90,14.154046032189608,0.5512077808380127,0.5282142914647409,0.0,0.0,0.018916814159292035,0.0801720215165712,0.04538111449803388
compound_proxy,000016_jung_017_v01,jung_017,val,input,17.72255098660335,0.9705256819725037,1.4298412454039068e-11,0.9999999999682258,1.0,0.0,0.0,0.0
compound_proxy,000016_jung_017_v01,jung_017,val,classical_shadow_0.25,21.29857672180391,0.9833579659461975,0.09392947773460335,0.9240268456100216,0.9843035078800203,0.03665132743362832,0.03779242755509289,0.013288766339079296
compound_proxy,000016_jung_017_v01,jung_017,val,classical_shadow_0.40,23.814423922369393,0.9862738847732544,0.1571283963225935,0.8856938278423115,0.9825876970005084,0.07046725663716814,0.06035682804095093,0.018467718330141988
compound_proxy,000016_jung_017_v01,jung_017,val,classical_shadow_0.55,25.656787507251224,0.9857890605926514,0.31463696976429784,0.8477262097761225,0.9790925266903915,0.20036106194690265,0.08296065243796631,0.0209474020691063
compound_proxy,000016_jung_017_v01,jung_017,val,classical_shadow_0.70,25.07760585875176,0.9824333786964417,0.3701465896108823,0.8173066694815098,0.9765505846466701,0.2332991150442478,0.10557574874197469,0.02067529389420673
compound_proxy,000016_jung_017_v01,jung_017,val,docres_deshadow,26.076239574560844,0.9941525459289551,0.36231764658462084,0.9001125658836391,0.965493136756482,0.24706548672566372,0.11969433975360053,0.03737513100859077
compound_proxy,000016_jung_017_v01,jung_017,val,docres_classical040_blend_0.70,29.08083805031829,0.9949883818626404,0.3381110727170441,0.9046354489125539,0.9741675139806812,0.23283893805309736,0.10191203192781541,0.03598878983911641
compound_proxy,000016_jung_017_v01,jung_017,val,docres_input_blend_0.70,30.273733928104395,0.9951331615447998,0.3022105976790934,0.9224345833557689,0.9722610574478902,0.2113486725663717,0.08383804268610097,0.03737045091396218
compound_proxy,000016_jung_017_v01,jung_017,val,docres_classical040_blend_0.80,28.293893393651302,0.9949772953987122,0.34691122910342803,0.9024850396220121,0.9727694458566345,0.23775575221238937,0.10784322054485508,0.036894094171670104
compound_proxy,000016_jung_017_v01,jung_017,val,docres_input_blend_0.80,30.501261150710963,0.9954072833061218,0.3262934103584759,0.9167892414097563,0.9704181494661922,0.22735575221238938,0.09578030886690965,0.038634488722854916
compound_proxy,000016_jung_017_v01,jung_017,val,docres_classical040_blend_0.85,27.780165220377935,0.9948245286941528,0.35032354668252325,0.9033040494304936,0.9703228266395526,0.24017345132743362,0.11079426687489152,0.037198684748091876
compound_proxy,000016_jung_017_v01,jung_017,val,docres_input_blend_0.85,29.66816924724708,0.9952630400657654,0.3376417145520302,0.9116301324527758,0.9686070157600407,0.23389026548672567,0.10181116779455146,0.03876756925205506
compound_proxy,000016_jung_017_v01,jung_017,val,docres_classical040_blend_0.90,27.225866988996184,0.994621992111206,0.3545902961128619,0.9017891468016623,0.9689247585155059,0.24244955752212388,0.11375242061426345,0.03740814400963444
compound_proxy,000016_jung_017_v01,jung_017,val,docres_input_blend_0.90,28.53278066640234,0.9949780106544495,0.3450320722882848,0.9120198635601287,0.9687023385866802,0.239129203539823,0.10776928682977614,0.038673487697682085
compound_proxy,000016_jung_017_v01,jung_017,val,docres_classical040_blend_0.95,26.645226219240353,0.994385302066803,0.3586362802343727,0.9002160210428131,0.96660523640061,0.24459115044247787,0.11674727745965648,0.03740571379549684
compound_proxy,000016_jung_017_v01,jung_017,val,docres_input_blend_0.95,27.30065793484266,0.9946532249450684,0.3547526683742267,0.9038295592911051,0.9651436197254702,0.2430053097345133,0.11379377407600205,0.03825525115051642
compound_proxy,000016_jung_017_v01,jung_017,val,docres_appearance,20.209955120385395,0.937617838382721,0.4378687503285227,0.6649268359241253,0.9269509405185562,0.22241769911504425,0.14816888426166927,0.009000956124445124
compound_proxy,000016_jung_017_v01,jung_017,val,docres_binarization,13.729577403414531,0.5736226439476013,0.8046428330057168,0.05658692774063031,0.05840111845449924,0.3543433628318584,0.23661491584244324,0.059101640253371855
compound_proxy,000016_jung_017_v01,jung_017,val,binary_input_blend_0.75,16.938819236922857,0.7424710988998413,0.7663712163705465,0.09865305369030528,0.10193187595322827,0.3543433628318584,0.17716704494187058,0.06649712092405939
compound_proxy,000016_jung_017_v01,jung_017,val,binary_docres_blend_0.75,15.715268060323929,0.7571765184402466,0.7745898844130384,0.10996003688564525,0.11365658362989324,0.3543433628318584,0.2071194030886691,0.0687068996268519
compound_proxy,000016_jung_017_v01,jung_017,val,binary_input_blend_0.90,14.913660588536327,0.6437826752662659,0.787345399613951,0.08067045978530922,0.0833439247585155,0.3543433628318584,0.21278561860142284,0.06422143179461823
compound_proxy,000016_jung_017_v01,jung_017,val,binary_docres_blend_0.90,14.47101147489074,0.6505842208862305,0.792236423422053,0.08038377563638538,0.08305795627859684,0.3543433628318584,0.22493942738157213,0.06405558584299595
compound_proxy,000023_jung_024_v00,jung_024,val,input,28.479461360898437,0.9970285892486572,1.1711731584540531e-11,0.9999999999739739,1.0,0.0,0.0,0.0
compound_proxy,000023_jung_024_v00,jung_024,val,classical_shadow_0.25,34.11342642348369,0.9945794939994812,0.10939148933758341,0.9748737276369799,0.9895895687478854,0.08203283597239139,0.037942554711693846,0.0014580148619257375
compound_proxy,000023_jung_024_v00,jung_024,val,classical_shadow_0.40,27.962693645888464,0.990212619304657,0.2198232596770449,0.9679634451174768,0.9868828566223355,0.18092138652050346,0.06074204600638473,0.0003143417614201717
compound_proxy,000023_jung_024_v00,jung_024,val,classical_shadow_0.55,23.78333293697564,0.9840154647827148,0.23288866927475507,0.9602812039754256,0.9847487182156521,0.1805005751793206,0.08311194402649406,0.0021164304562972243
compound_proxy,000023_jung_024_v00,jung_024,val,classical_shadow_0.70,20.893309260213222,0.9761190414428711,0.24752259183300965,0.953739262229567,0.9824584233401868,0.18077336243064013,0.10572463472464375,0.006070072526361918
compound_proxy,000023_jung_024_v00,jung_024,val,docres_deshadow,18.775558828591304,0.984085202217102,0.2699030366236785,0.9487756184845272,0.9771230773234781,0.18554185275409393,0.13044758504294937,0.015218630284070066
compound_proxy,000023_jung_024_v00,jung_024,val,docres_classical040_blend_0.70,20.80795269629536,0.9872657060623169,0.2559618287623354,0.9558353215656674,0.9800900502303308,0.184886317498985,0.10935409418876504,0.012432947153991215
compound_proxy,000023_jung_024_v00,jung_024,val,docres_input_blend_0.70,23.04049883491139,0.9914261698722839,0.24992792961813878,0.9599144842085996,0.9815995627618874,0.18596900798484234,0.09101560115858502,0.015856998439553713
compound_proxy,000023_jung_024_v00,jung_024,val,docres_classical040_blend_0.80,20.079451274683485,0.9863476753234863,0.2606325217678412,0.9536699107625286,0.9793092678864221,0.1851168121532007,0.11637046092628425,0.01353164181210778
compound_proxy,000023_jung_024_v00,jung_024,val,docres_input_blend_0.80,21.37719325962206,0.9893348217010498,0.2565242714674832,0.9565460317217385,0.9802462066991126,0.1856137501691704,0.10416069594707562,0.016153261990441405
compound_proxy,000023_jung_024_v00,jung_024,val,docres_classical040_blend_0.85,19.733230453439596,0.9857970476150513,0.262492188380387,0.953458322752636,0.9794393982770736,0.1851612193801597,0.12005650125119754,0.013941022897390836
compound_proxy,000023_jung_024_v00,jung_024,val,docres_input_blend_0.85,20.65096961068297,0.9880852103233337,0.2615064536667261,0.95338811115456,0.9784243812299924,0.18655264582487482,0.11086394819803688,0.016054797636980873
compound_proxy,000023_jung_024_v00,jung_024,val,docres_classical040_blend_0.90,19.40698716473231,0.9852036833763123,0.2652346134423241,0.9511275340803541,0.9780600161361684,0.18521831438624983,0.12334038873365026,0.014479223164622447
compound_proxy,000023_jung_024_v00,jung_024,val,docres_input_blend_0.90,19.981174294175,0.9867426753044128,0.2633634348982868,0.9522301866479514,0.9784504073081227,0.18536633847611314,0.11743115096898143,0.015880366710265405
compound_proxy,000023_jung_024_v00,jung_024,val,docres_classical040_blend_0.95,19.082124464689343,0.9847516417503357,0.26771937341720886,0.9495513711373802,0.9777737292767353,0.18531558735958858,0.12698874718381067,0.01484400699319515
compound_proxy,000023_jung_024_v00,jung_024,val,docres_input_blend_0.95,19.350220201587153,0.9853929877281189,0.2663306486226577,0.9495220271875595,0.9771751294797387,0.18470445933143861,0.12398637083741332,0.015527588651092604
compound_proxy,000023_jung_024_v00,jung_024,val,docres_appearance,16.445974585075895,0.9341612458229065,0.33383949376662525,0.837998406046369,0.9030788850428129,0.1839791412911084,0.16012523750195712,0.02151590032600006
compound_proxy,000023_jung_024_v00,jung_024,val,docres_binarization,13.074937702976715,0.7648659944534302,0.6432722103749418,0.3829044821056954,0.4426775629180439,0.22913071795912843,0.1625113609525554,0.11907327497059023
compound_proxy,000023_jung_024_v00,jung_024,val,binary_input_blend_0.75,15.850054366282775,0.8204658031463623,0.5220741068450269,0.5636355209361412,0.6330062722848294,0.22913071795912843,0.12179319284893551,0.07977016027931298
compound_proxy,000023_jung_024_v00,jung_024,val,binary_docres_blend_0.75,14.551858617659425,0.8165537714958191,0.5333681993037693,0.569655715297871,0.6403456263175702,0.22913071795912843,0.1548821910683342,0.08104946133558186
compound_proxy,000023_jung_024_v00,jung_024,val,binary_input_blend_0.90,14.0807904501408,0.7864039540290833,0.5512315097385292,0.551945354674114,0.6224917367201936,0.22913071795912843,0.14650023783366373,0.10312684374881093
compound_proxy,000023_jung_024_v00,jung_024,val,binary_docres_blend_0.90,13.636617552719779,0.7846533060073853,0.5566925711855071,0.5527851458758439,0.6237409884704473,0.22913071795912843,0.16003216061766432,0.10383717437240451
compound_proxy,000023_jung_024_v01,jung_024,val,input,14.587736879914747,0.6324447989463806,1.289658380088099e-11,0.9999999999713409,1.0,0.0,0.0,0.0
compound_proxy,000023_jung_024_v01,jung_024,val,classical_shadow_0.25,17.63851075231277,0.6362164616584778,0.18291332692133178,0.9147172443149824,0.9771874014845384,0.10932213425362025,0.06792968117684214,0.013403466897861212
compound_proxy,000023_jung_024_v01,jung_024,val,classical_shadow_0.40,19.24725582258676,0.6326083540916443,0.2613754304355667,0.884310038627277,0.9704525262946723,0.15495373189876843,0.10874891200220786,0.018102751863649673
compound_proxy,000023_jung_024_v01,jung_024,val,classical_shadow_0.55,19.791369688078934,0.6270941495895386,0.38637712491636333,0.8557294705381737,0.966726850657725,0.45909671471105695,0.14876003910157923,0.019918951696516356
compound_proxy,000023_jung_024_v01,jung_024,val,classical_shadow_0.70,18.860674444957887,0.61916184425354,0.4153126705187965,0.8256337127621363,0.962399335110194,0.464201431181486,0.18948557109269473,0.01842268804113324
compound_proxy,000023_jung_024_v01,jung_024,val,docres_deshadow,17.021637980625812,0.627092719078064,0.4157084919766679,0.8739194384725333,0.9705958215114779,0.4430974252266883,0.24091061600577435,0.021013321478330245
compound_proxy,000023_jung_024_v01,jung_024,val,docres_classical040_blend_0.70,18.80712290527748,0.6320731043815613,0.39724299461865786,0.8823896427784955,0.9727452497635629,0.4433680978481527,0.20117212688973274,0.023082471855146305
compound_proxy,000023_jung_024_v01,jung_024,val,docres_input_blend_0.70,19.907716020197697,0.6379749774932861,0.3764336414495718,0.9003942946121782,0.9751239503625369,0.4231268608742726,0.16863522120852673,0.02359497590273546
compound_proxy,000023_jung_024_v01,jung_024,val,docres_classical040_blend_0.80,18.244192799120388,0.6306689977645874,0.40256490701323694,0.8817676400061891,0.9727165907202018,0.44409975977804844,0.21442605462810377,0.022649871941300845
compound_proxy,000023_jung_024_v01,jung_024,val,docres_input_blend_0.80,19.177435414437596,0.6348728537559509,0.3907278729542042,0.8901329417392524,0.9728885449803686,0.4344760793070781,0.19270893040529244,0.023673540957917984
compound_proxy,000023_jung_024_v01,jung_024,val,docres_classical040_blend_0.85,17.944776833749682,0.6298595666885376,0.4060336949087376,0.8795386808117264,0.9726019545467572,0.4430635911490053,0.22106767578461886,0.022331718266944803
compound_proxy,000023_jung_024_v01,jung_024,val,docres_input_blend_0.85,18.687765578907946,0.6331432461738586,0.3982739121715807,0.8836233847206225,0.9720287736795346,0.4395173568818514,0.20478585516626463,0.023316822048924987
compound_proxy,000023_jung_024_v01,jung_024,val,docres_classical040_blend_0.90,17.64037126670679,0.6290616989135742,0.4096213108633361,0.8769501435699736,0.9713982747255897,0.4449096630125863,0.22766435069087856,0.02197189198912121
compound_proxy,000023_jung_024_v01,jung_024,val,docres_input_blend_0.90,18.152744941766773,0.6311533451080322,0.4052198705905353,0.8781708771884066,0.9703092310778666,0.44091935647584246,0.21683413705853163,0.022771850836509303
compound_proxy,000023_jung_024_v01,jung_024,val,docres_classical040_blend_0.95,17.331946091829455,0.6282488703727722,0.4125099116631776,0.8760762209872515,0.9710830252486172,0.44433659832182976,0.23440285506542585,0.021638448468783985
compound_proxy,000023_jung_024_v01,jung_024,val,docres_input_blend_0.95,17.59668374358175,0.6292728185653687,0.41081480171074275,0.8754072924521488,0.9701659358610609,0.44216064420083906,0.22879724497729803,0.0220486422054841
compound_proxy,000023_jung_024_v01,jung_024,val,docres_appearance,15.613715688850874,0.6055047512054443,0.47026450825240457,0.7464855849238388,0.8978878285042845,0.4603549194748951,0.24960273153787163,0.010569881421638883
compound_proxy,000023_jung_024_v01,jung_024,val,docres_binarization,13.642648397498693,0.6979973316192627,0.7953131465114671,0.061096433287618435,0.06362307626171439,0.5701655332250642,0.3217570202394126,0.03801090248482577
compound_proxy,000023_jung_024_v01,jung_024,val,binary_input_blend_0.75,17.251984000877993,0.6955950260162354,0.7826333380197953,0.09190005491235859,0.09592181812971083,0.5701655332250642,0.24145289831997216,0.04567867233727967
compound_proxy,000023_jung_024_v01,jung_024,val,binary_docres_blend_0.75,14.62703435015339,0.6847550868988037,0.7811640537330516,0.10346720838654111,0.10801593442810879,0.5701655332250642,0.30143217660592453,0.04620716251165859
compound_proxy,000023_jung_024_v01,jung_024,val,binary_input_blend_0.90,14.988992953876306,0.6992594003677368,0.7854681794624107,0.08907982870074997,0.0929985957068753,0.5701655332250642,0.28963448249783064,0.04259017062958015
compound_proxy,000023_jung_024_v01,jung_024,val,binary_docres_blend_0.90,14.037058454997826,0.6951255798339844,0.7849578771699798,0.08971577646327844,0.09362909466082023,0.5701655332250642,0.3135640071091368,0.042216627630758535
compound_proxy,000025_jung_026_v00,jung_026,val,input,20.236996528649026,0.7614763379096985,3.689129002282243e-11,0.9999999999180194,1.0,0.0,0.0,0.0
compound_proxy,000025_jung_026_v00,jung_026,val,classical_shadow_0.25,18.852051646834383,0.7422924041748047,0.31246260483091104,0.6041603246776174,0.9762256107558616,0.12186852839999913,0.01909137905023265,0.008049451526244384
compound_proxy,000025_jung_026_v00,jung_026,val,classical_shadow_0.40,17.984437515839364,0.7306941747665405,0.34876861460252867,0.5570960187092695,0.9750778816199377,0.12770552020056966,0.031776984257740705,0.015075848530056663
compound_proxy,000025_jung_026_v00,jung_026,val,classical_shadow_0.55,17.12165779036259,0.7212628722190857,0.38047881228062774,0.5124853940142604,0.970814887686506,0.13076977893716218,0.042478292558058794,0.02222690604443195
compound_proxy,000025_jung_026_v00,jung_026,val,classical_shadow_0.70,16.32110507119156,0.7109611630439758,0.4059647500755958,0.48410587896395263,0.970077061813412,0.13372390575298923,0.05444280255717766,0.030518948055856997
compound_proxy,000025_jung_026_v00,jung_026,val,docres_deshadow,18.173749189732575,0.7578274011611938,0.2072084319243292,0.8614124418226394,0.9569601574028529,0.12901630600262157,0.02655038836004261,0.008679282329797177
compound_proxy,000025_jung_026_v00,jung_026,val,docres_classical040_blend_0.70,18.175616857173218,0.7491993308067322,0.2866537554251702,0.6744159608552028,0.9727004426955238,0.1274679807636245,0.027968867175272128,0.0024756836271301722
compound_proxy,000025_jung_026_v00,jung_026,val,docres_input_blend_0.70,18.81233912724546,0.7591919898986816,0.1955321346284865,0.8802560094604259,0.969667158550582,0.12931646947294317,0.018496912262543665,0.008220174179529277
compound_proxy,000025_jung_026_v00,jung_026,val,docres_classical040_blend_0.80,18.181214893027825,0.7520529627799988,0.2719434986329674,0.7115719867320967,0.9704049844236761,0.12836847117458933,0.02752317375044413,0.004621919979406572
compound_proxy,000025_jung_026_v00,jung_026,val,docres_input_blend_0.80,18.59239031609587,0.7587735652923584,0.19468649059134105,0.8831996400867231,0.9658140678799804,0.1284548491516603,0.021332184675606963,0.00856434268077224
compound_proxy,000025_jung_026_v00,jung_026,val,docres_classical040_blend_0.85,18.185868533268348,0.7535372972488403,0.2602585424583731,0.7395950505724538,0.970241023118544,0.12876365041968899,0.027113183222805523,0.005778985845276863
compound_proxy,000025_jung_026_v00,jung_026,val,docres_input_blend_0.85,18.477148748193713,0.7585946917533875,0.19907689769133408,0.8769897615367319,0.9620429578619446,0.12937693405689285,0.02288765726878512,0.008650489030760874
compound_proxy,000025_jung_026_v00,jung_026,val,docres_classical040_blend_0.90,18.18894913958154,0.7549428939819336,0.24669535231016465,0.769100501480551,0.9680275454992622,0.12793226239038094,0.02708131652400971,0.00670964829404627
compound_proxy,000025_jung_026_v00,jung_026,val,docres_input_blend_0.90,18.377621096783706,0.7582685351371765,0.20114306916038555,0.8700081801985566,0.9590916543695688,0.12771415799827676,0.024175502096338442,0.008770652354873157
compound_proxy,000025_jung_026_v00,jung_026,val,docres_classical040_blend_0.95,18.192073574674577,0.7565617561340332,0.22738785069914225,0.8136787564204713,0.9655681259222824,0.1283209632872003,0.02623556603890631,0.007880168975985808
compound_proxy,000025_jung_026_v00,jung_026,val,docres_input_blend_0.95,18.26532172490362,0.7580150961875916,0.2049002247175226,0.8644645237102307,0.956878176750287,0.12845700860108708,0.025570777415766636,0.008706568032887786
compound_proxy,000025_jung_026_v00,jung_026,val,docres_appearance,14.677349500720913,0.7265334129333496,0.4373386020567129,0.4540484696976433,0.8647319232661091,0.1331322166100531,0.08322422397538468,0.04206417870074228
compound_proxy,000025_jung_026_v00,jung_026,val,docres_binarization,13.07191795206096,0.7693486213684082,0.6994323166047218,0.0865326020660483,0.10477127397934087,0.19508034231592314,0.10061267814452154,0.08841095660118634
compound_proxy,000025_jung_026_v00,jung_026,val,binary_input_blend_0.75,14.651657432326726,0.7700865864753723,0.6598465660587898,0.1152611812826725,0.13838334153139858,0.19508034231592314,0.07626276028193267,0.0602144186788271
compound_proxy,000025_jung_026_v00,jung_026,val,binary_docres_blend_0.75,14.334871661307737,0.768857479095459,0.6619848384590048,0.1159786768646816,0.13912116740449254,0.19508034231592314,0.08222715113025375,0.060340067133478135
compound_proxy,000025_jung_026_v00,jung_026,val,binary_input_blend_0.90,13.682375387250772,0.770881175994873,0.6767756524149149,0.11231587560608866,0.13502213477619282,0.19508034231592314,0.09011954923737349,0.07698272404463714
compound_proxy,000025_jung_026_v00,jung_026,val,binary_docres_blend_0.90,13.55909848794257,0.7702903151512146,0.6785671932852351,0.11111111110354635,0.1337924249877029,0.19508034231592314,0.09299198111743551,0.07715009753155583
compound_proxy,000025_jung_026_v01,jung_026,val,input,15.030201943678911,0.8777980804443359,6.336246527460787e-11,0.9999999998591945,1.0,0.0,0.0,0.0
compound_proxy,000025_jung_026_v01,jung_026,val,classical_shadow_0.25,20.01947800130273,0.9135779738426208,0.34574951538442966,0.39152640740617956,0.9498732751337652,0.03141567026071033,0.0732071308746181,0.018729793511088083
compound_proxy,000025_jung_026_v01,jung_026,val,classical_shadow_0.40,24.60495633432224,0.9199693202972412,0.42523033461867893,0.32194366468289887,0.9366375668825683,0.05712823458531013,0.11763439005355894,0.026538321865416145
compound_proxy,000025_jung_026_v01,jung_026,val,classical_shadow_0.55,27.693161301024002,0.9166203737258911,0.515032508174919,0.28147642995987227,0.9298789073500422,0.10873259753693199,0.1616024147895017,0.030538897006881338
compound_proxy,000025_jung_026_v01,jung_026,val,classical_shadow_0.70,23.266239679872204,0.9057875871658325,0.6851764128267579,0.25776872133477924,0.926217966769924,0.4038343184021802,0.20730185220211542,0.03041932757760379
compound_proxy,000025_jung_026_v01,jung_026,val,docres_deshadow,18.326949444229935,0.912919282913208,0.6363481744758142,0.44696114244789364,0.9474795832159955,0.40341970411223954,0.2634900996230236,0.06246781429561058
compound_proxy,000025_jung_026_v01,jung_026,val,docres_classical040_blend_0.70,22.09648544496798,0.920881986618042,0.6473829522971744,0.38705027673045145,0.9452266967051535,0.39600199533127034,0.2198509971427096,0.0560252966146561
compound_proxy,000025_jung_026_v01,jung_026,val,docres_input_blend_0.70,25.393143681495545,0.9169530272483826,0.39003316876866106,0.5396913335544368,0.9601520698394819,0.07619185412487232,0.1840370026316913,0.05514602281768121
compound_proxy,000025_jung_026_v01,jung_026,val,docres_classical040_blend_0.80,20.693192766752286,0.9188462495803833,0.6476970973264745,0.40286433362878327,0.9466347507744297,0.3991720670897748,0.23424961313040094,0.05881033701211114
compound_proxy,000025_jung_026_v01,jung_026,val,docres_input_blend_0.80,22.820671616476837,0.9167130589485168,0.5947305233594551,0.5005188259338483,0.9508589129822586,0.39111516127848045,0.21056227363095034,0.05956514262884442
compound_proxy,000025_jung_026_v01,jung_026,val,docres_classical040_blend_0.85,20.050695909097126,0.9174186587333679,0.6470474179069046,0.41236100015897514,0.9450858912982258,0.40036408317335415,0.2415902930800527,0.05995625124403703
compound_proxy,000025_jung_026_v01,jung_026,val,docres_input_blend_0.85,21.553106404849224,0.9160405993461609,0.6069226876809725,0.48724250086828746,0.9491692480991271,0.3956910346138149,0.2237894518178351,0.061110053907613024
compound_proxy,000025_jung_026_v01,jung_026,val,docres_classical040_blend_0.90,19.44512206498785,0.916263997554779,0.6458492368069885,0.4228711687064717,0.9460715291467192,0.40129048697744024,0.24888884259480965,0.06097620947829461
compound_proxy,000025_jung_026_v01,jung_026,val,docres_input_blend_0.90,20.377801030589723,0.915225088596344,0.6200018104983599,0.4712916986872304,0.9488876372852717,0.3983773897007219,0.23703652234473357,0.06211410994953362
compound_proxy,000025_jung_026_v01,jung_026,val,docres_classical040_blend_0.95,18.87653048338159,0.9146515130996704,0.6415775439247685,0.4345448697050791,0.9511405237961138,0.40260127277949215,0.25609564514843053,0.06187122548675694
compound_proxy,000025_jung_026_v01,jung_026,val,docres_input_blend_0.95,19.305057135820554,0.9141091108322144,0.6305701499288467,0.4599945384721467,0.9487468318783441,0.40104862864164154,0.2502607450498538,0.06261282040218794
compound_proxy,000025_jung_026_v01,jung_026,val,docres_appearance,16.116676679222596,0.9189420938491821,0.7023349967602878,0.22844265652667178,0.8635595606871304,0.40012222483755544,0.29079868337945025,0.008556986995483492
compound_proxy,000025_jung_026_v01,jung_026,val,docres_binarization,13.627789073626142,0.7876566648483276,0.77855776937689,0.053873460006904,0.07265558997465503,0.47756440018053,0.3311369107450011,0.004668043966661363
compound_proxy,000025_jung_026_v01,jung_026,val,binary_input_blend_0.75,18.142152458687598,0.826354444026947,0.7807882514118764,0.07227305437727223,0.0989862010701211,0.47756440018053,0.24823119285742193,0.023364414564466966
compound_proxy,000025_jung_026_v01,jung_026,val,binary_docres_blend_0.75,14.768927931640325,0.8250130414962769,0.7835996756366256,0.07055686595522953,0.0968741199662067,0.47756440018053,0.31474931480881396,0.025583775527464988
compound_proxy,000025_jung_026_v01,jung_026,val,binary_input_blend_0.90,15.207741174653219,0.8037281036376953,0.7773460926263437,0.0680789798366846,0.09321317938608843,0.47756440018053,0.2972700113320284,0.01330272258808622
compound_proxy,000025_jung_026_v01,jung_026,val,binary_docres_blend_0.90,14.086611612497173,0.802585244178772,0.7781269876529707,0.06629098359976526,0.09110109828217404,0.47756440018053,0.3235204055903318,0.013263217121441951
compound_proxy,000030_jung_031_v00,jung_031,val,input,26.295943107110187,0.8595309853553772,1.9599302181205757e-10,0.99999999956446,1.0,0.0,0.0,0.0
compound_proxy,000030_jung_031_v00,jung_031,val,classical_shadow_0.25,29.56697700159053,0.8701585531234741,0.3192426960684624,0.41338895502316464,0.9063588850174216,0.03911720885462362,0.03599307705092778,0.0029221435898195516
compound_proxy,000030_jung_031_v00,jung_031,val,classical_shadow_0.40,27.11297076064198,0.8715559840202332,0.4308078655292181,0.2840750069571683,0.8841463414634146,0.08394759809238266,0.05758017635540448,0.0027699167089989393
compound_proxy,000030_jung_031_v00,jung_031,val,classical_shadow_0.55,23.98715984284673,0.8696845769882202,0.5459774871472851,0.18555850818422445,0.8819686411149826,0.14713799829134228,0.0788095782181854,0.0013616437526159902
compound_proxy,000030_jung_031_v00,jung_031,val,classical_shadow_0.70,21.422287791516148,0.8652306199073792,0.5865830800702303,0.12958879231225912,0.8702090592334495,0.1539818403303098,0.10016181271418899,0.0014191186579358439
compound_proxy,000030_jung_031_v00,jung_031,val,docres_deshadow,24.345795127647353,0.8587218523025513,0.32606354048511244,0.6824769431217138,0.9024390243902439,0.1551032908932227,0.040641247391488486,0.01969729173344256
compound_proxy,000030_jung_031_v00,jung_031,val,docres_classical040_blend_0.70,25.603940642333598,0.8649122714996338,0.39785828964225095,0.508006898125645,0.8980836236933798,0.14824563221487638,0.04577223251923081,0.016511447627037525
compound_proxy,000030_jung_031_v00,jung_031,val,docres_input_blend_0.70,26.664492886990253,0.8598857522010803,0.2909065361304385,0.7189565214890586,0.9002613240418118,0.14186004204863917,0.02856349980713151,0.01858588138170509
compound_proxy,000030_jung_031_v00,jung_031,val,docres_classical040_blend_0.80,25.193934273662236,0.8630694150924683,0.3758735336138611,0.5603681644395322,0.9015679442508711,0.1497470403607064,0.04391591735103063,0.017876333850886526
compound_proxy,000030_jung_031_v00,jung_031,val,docres_input_blend_0.80,25.93585885441453,0.8595866560935974,0.2937724901625303,0.7265193367657047,0.9163763066202091,0.14595437285122473,0.032705619927097855,0.019449284808389245
compound_proxy,000030_jung_031_v00,jung_031,val,docres_classical040_blend_0.85,24.996185517376873,0.8618947863578796,0.36504612303446826,0.5898617509821827,0.89198606271777,0.1521764661181461,0.04339647492377037,0.018248091481327132
compound_proxy,000030_jung_031_v00,jung_031,val,docres_input_blend_0.85,25.54841012880937,0.8593149185180664,0.30370535352468087,0.7122961954102255,0.9133275261324042,0.14849202895046504,0.03479740494614925,0.019712750883929223
compound_proxy,000030_jung_031_v00,jung_031,val,docres_classical040_blend_0.90,24.767116168264995,0.8610636591911316,0.3570463766354116,0.6075348559455548,0.89198606271777,0.15219258553075468,0.042169295462918165,0.01896126349164893
compound_proxy,000030_jung_031_v00,jung_031,val,docres_input_blend_0.90,25.151750638197463,0.8592047095298767,0.32239138928551747,0.6765285993831267,0.8963414634146342,0.1501891728208281,0.03680950498096625,0.01986047365784976
compound_proxy,000030_jung_031_v00,jung_031,val,docres_classical040_blend_0.95,24.57250605482926,0.8597986698150635,0.3525912872893894,0.6244555069618993,0.8741289198606271,0.1554072569595564,0.041792236665125694,0.01912018966106235
compound_proxy,000030_jung_031_v00,jung_031,val,docres_input_blend_0.95,24.74806114854026,0.858911395072937,0.31721675626828527,0.6969696967350271,0.9015679442508711,0.15340154147640003,0.03883034652357328,0.019865732855363576
compound_proxy,000030_jung_031_v00,jung_031,val,docres_appearance,18.102556786639926,0.8720491528511047,0.6299885092048095,0.09134471398166394,0.7970383275261324,0.152616295805038,0.13015536178847645,0.027358649960216152
compound_proxy,000030_jung_031_v00,jung_031,val,docres_binarization,14.609569208752735,0.7337793111801147,0.8308296535616678,0.0,0.0,0.2723858342601996,0.1976067593889596,0.08631158301014007
compound_proxy,000030_jung_031_v00,jung_031,val,binary_input_blend_0.75,17.528481755050315,0.779407799243927,0.5618806693289267,0.0,0.0,0.013715317356692664,0.14835962400499314,0.06470250395039454
compound_proxy,000030_jung_031_v00,jung_031,val,binary_docres_blend_0.75,16.712096659205308,0.7786067128181458,0.7106734807010873,0.0,0.0,0.15553621226042524,0.15844195988758678,0.06960080747604522
compound_proxy,000030_jung_031_v00,jung_031,val,binary_input_blend_0.90,15.667175613556743,0.7527657151222229,0.6064334269067476,0.0,0.0,0.03872113185909791,0.1779803947305505,0.07753356192571577
compound_proxy,000030_jung_031_v00,jung_031,val,binary_docres_blend_0.90,15.392971922603262,0.7526443600654602,0.7247840797814504,0.0,0.0,0.15423744815881765,0.1821430050170205,0.07948238269304096
compound_proxy,000030_jung_031_v01,jung_031,val,input,16.598327901500788,0.9647144675254822,1.6919865508668864e-11,0.9999999999624003,1.0,0.0,0.0,0.0
compound_proxy,000030_jung_031_v01,jung_031,val,classical_shadow_0.25,20.41587065108378,0.9789199233055115,0.1096460974305694,0.9322524195231509,0.9815009775906152,0.047718066867929045,0.05553703854964303,0.015378006547001702
compound_proxy,000030_jung_031_v01,jung_031,val,classical_shadow_0.40,22.977426890374236,0.9820438623428345,0.18775473087984054,0.9043566221038628,0.9748458414799218,0.09553975853119913,0.08880545625410406,0.022755449656230078
compound_proxy,000030_jung_031_v01,jung_031,val,classical_shadow_0.55,24.303136845870977,0.9813442826271057,0.357764146716837,0.8795032750791654,0.9693186945405324,0.23772679437847,0.12197083614463565,0.028375819443561955
compound_proxy,000030_jung_031_v01,jung_031,val,classical_shadow_0.70,22.91777630675909,0.9775918126106262,0.39420864461468424,0.8599202225434948,0.9645811400210558,0.25036211109038614,0.15520637385956854,0.03181699202571583
compound_proxy,000030_jung_031_v01,jung_031,val,docres_deshadow,23.9025635566045,0.9885618090629578,0.3891028912014775,0.8786942047394968,0.9725898631373139,0.2671815667608501,0.15061487883191063,0.04044888633581136
compound_proxy,000030_jung_031_v01,jung_031,val,docres_classical040_blend_0.70,25.480382615020886,0.9891568422317505,0.37802982697619,0.8850511945090426,0.9750338396751391,0.25648518510842605,0.13216229638687207,0.039063243250850505
compound_proxy,000030_jung_031_v01,jung_031,val,docres_input_blend_0.70,25.797056186491012,0.9898032546043396,0.3569832541221279,0.9004603190772692,0.9782298089938336,0.24759417766816577,0.10536050840537071,0.03742002779430827
compound_proxy,000030_jung_031_v01,jung_031,val,docres_classical040_blend_0.80,25.088804901890207,0.9891370534896851,0.38198385881982067,0.8829120392149993,0.9744698450894871,0.2614016059540505,0.1383209143870002,0.03994318451961706
compound_proxy,000030_jung_031_v01,jung_031,val,docres_input_blend_0.80,26.080306895362458,0.9900560975074768,0.36968099311128183,0.8938309005475822,0.9762370281245301,0.2555824980023442,0.12045143024568017,0.03954054376570283
compound_proxy,000030_jung_031_v01,jung_031,val,docres_classical040_blend_0.85,24.828305579312904,0.989044189453125,0.3836712326320532,0.882290850867163,0.9742818468942698,0.26272800333441565,0.14141749418628774,0.040225196412935725
compound_proxy,000030_jung_031_v01,jung_031,val,docres_input_blend_0.85,25.808083043412854,0.9898713827133179,0.3759014677256943,0.887595040725817,0.9744322454504437,0.2587004529554943,0.12802113349813063,0.04018463775509956
compound_proxy,000030_jung_031_v01,jung_031,val,docres_classical040_blend_0.90,24.54363928239279,0.9889028668403625,0.3851668014718385,0.8819104030200875,0.9740938486990525,0.2651528235453957,0.1444049676868991,0.04044082626019701
compound_proxy,000030_jung_031_v01,jung_031,val,docres_input_blend_0.90,25.308452800513336,0.9895231127738953,0.3808136349878944,0.8838685458525111,0.9738306512257482,0.2629490695644765,0.13553714149715207,0.04056604003777258
compound_proxy,000030_jung_031_v01,jung_031,val,docres_classical040_blend_0.95,24.226797310419315,0.9887095093727112,0.38797319214924114,0.8785284825952469,0.9724394645811401,0.26598873022781333,0.1476250032227538,0.04043501338000112
compound_proxy,000030_jung_031_v01,jung_031,val,docres_input_blend_0.95,24.64957398730972,0.9890660643577576,0.3856842963639491,0.879794613680638,0.9728154609715747,0.2653255315376308,0.14303895357649807,0.04062715181606155
compound_proxy,000030_jung_031_v01,jung_031,val,docres_appearance,17.613179521967336,0.9368436336517334,0.4450929335278885,0.767790027537967,0.9217175515115055,0.2512256510515614,0.21253994577826937,0.009304112681109807
compound_proxy,000030_jung_031_v01,jung_031,val,docres_binarization,13.498240623441012,0.7307308912277222,0.7696283622235154,0.11648555525720629,0.1322003308768236,0.3364973437510794,0.24797637481093,0.038093853608143664
compound_proxy,000030_jung_031_v01,jung_031,val,binary_input_blend_0.75,16.698424391406256,0.8209534883499146,0.6864225306975327,0.2071792751754451,0.2261242292073996,0.3364973437510794,0.18590914999718483,0.008815907546015035
compound_proxy,000030_jung_031_v01,jung_031,val,binary_docres_blend_0.75,15.48051676231082,0.8278083205223083,0.6992210393756897,0.20942156153575509,0.2288314032185291,0.3364973437510794,0.2240452058767315,0.006404432860144793
compound_proxy,000030_jung_031_v01,jung_031,val,binary_input_blend_0.90,14.690131722795577,0.7680666446685791,0.71500870825516,0.19899934888458246,0.21834110392540232,0.3364973437510794,0.22314213949035297,0.025502599095134932
compound_proxy,000030_jung_031_v01,jung_031,val,binary_docres_blend_0.90,14.2435988248886,0.771465003490448,0.720420197569102,0.20008914183151888,0.2194314934576628,0.3364973437510794,0.23855769817316486,0.025062053540032672
compound_proxy,000031_jung_032_v00,jung_032,val,input,23.415136607100617,0.9515709280967712,1.499050883424502e-11,0.9999999999666878,1.0,0.0,0.0,0.0
compound_proxy,000031_jung_032_v00,jung_032,val,classical_shadow_0.25,23.12812423224365,0.9840516448020935,0.15101058050124225,0.8239781712656203,0.9858422998767448,0.05831328143430054,0.011951819935334286,0.014511246937228613
compound_proxy,000031_jung_032_v00,jung_032,val,classical_shadow_0.40,22.49922346094474,0.9907900094985962,0.18796733035367902,0.7812806056067847,0.9832439455011825,0.06762208067940552,0.018858295287919293,0.023963673470264832
compound_proxy,000031_jung_032_v00,jung_032,val,classical_shadow_0.55,21.651206163652496,0.9900330305099487,0.2210467823070423,0.7443694547472417,0.9809787134814617,0.07516631280962491,0.026201240581158077,0.033943713168688217
compound_proxy,000031_jung_032_v00,jung_032,val,classical_shadow_0.70,20.697365778609477,0.9834629893302917,0.24648130370010984,0.721177653011027,0.9800126586495219,0.08108516159471574,0.03348454361692773,0.044220447522641926
compound_proxy,000031_jung_032_v00,jung_032,val,docres_deshadow,21.590358808127412,0.948853075504303,0.10073869786622484,0.9435910674795537,0.9740497684799627,0.06771408351026185,0.012047550985480306,0.004702623879283361
compound_proxy,000031_jung_032_v00,jung_032,val,docres_classical040_blend_0.70,22.02356019505697,0.968877375125885,0.12694918974090846,0.8830888955138255,0.982844198674173,0.06659825430526067,0.013985355406611808,0.0035779937570409102
compound_proxy,000031_jung_032_v00,jung_032,val,docres_input_blend_0.70,22.159883372500616,0.9496622681617737,0.09013698958498305,0.9513785273775096,0.9770811819181185,0.06240150979004482,0.008394321635235843,0.004163480767872007
compound_proxy,000031_jung_032_v00,jung_032,val,docres_classical040_blend_0.80,21.883805509313653,0.9631093144416809,0.11810377476453822,0.902290216730469,0.9803790932409474,0.0682826138240151,0.013388599789998486,0.0008271975887246734
compound_proxy,000031_jung_032_v00,jung_032,val,docres_input_blend_0.80,21.964456563912506,0.9493871927261353,0.09041076614729324,0.9457249070326257,0.9745827642493088,0.059445623967916965,0.009730041769007674,0.004415556060757927
compound_proxy,000031_jung_032_v00,jung_032,val,docres_classical040_blend_0.85,21.821144375061646,0.9597219824790955,0.1132125654059616,0.9152647781051878,0.9805123421832839,0.06951875442321302,0.013056390473150816,0.0005673415680379276
compound_proxy,000031_jung_032_v00,jung_032,val,docres_input_blend_0.85,21.866020451136205,0.9492251873016357,0.0929661634037998,0.9456707927686347,0.9747160131916452,0.06165369190846898,0.0103666236487518,0.0045294646361929165
compound_proxy,000031_jung_032_v00,jung_032,val,docres_classical040_blend_0.90,21.756558544752398,0.9563886523246765,0.1055475883764922,0.9262145110117913,0.9780805489856425,0.06609577730596838,0.012606931897552583,0.002009280444681452
compound_proxy,000031_jung_032_v00,jung_032,val,docres_input_blend_0.90,21.773647299225733,0.9490572810173035,0.09603766345262718,0.9445610409433159,0.9745161397781406,0.06393724935126209,0.010938771167820736,0.004628956764548281
compound_proxy,000031_jung_032_v00,jung_032,val,docres_classical040_blend_0.95,21.669909781074125,0.9520263671875,0.10261733910624238,0.9356396073493097,0.9748492621339818,0.0667232837933475,0.012084999699337174,0.003496464567248982
compound_proxy,000031_jung_032_v00,jung_032,val,docres_input_blend_0.95,21.67795214914724,0.9489567279815674,0.09849101700861429,0.9442811460013475,0.9738498950664579,0.06597546591177164,0.011562077626521226,0.004695392911400898
compound_proxy,000031_jung_032_v00,jung_032,val,docres_appearance,17.830414836127815,0.9568274021148682,0.308844204967586,0.6416704624303773,0.891635297644825,0.0922198631752772,0.06848401167496954,0.046637408693318
compound_proxy,000031_jung_032_v00,jung_032,val,docres_binarization,14.0998070062541,0.6563984751701355,0.6944915430367549,0.05474784188827326,0.0561977414304274,0.20698277895730124,0.11403128743830625,0.0275546299230901
compound_proxy,000031_jung_032_v00,jung_032,val,binary_input_blend_0.75,15.849965726763497,0.7490324974060059,0.6626777632248533,0.07892760343274899,0.08051567340684233,0.20698277895730124,0.08528427440804105,0.011831160081787775
compound_proxy,000031_jung_032_v00,jung_032,val,binary_docres_blend_0.75,15.653488070799611,0.7481163740158081,0.6636317075449613,0.07873861521631122,0.08034911222892169,0.20698277895730124,0.08826619300704469,0.01129138038697028
compound_proxy,000031_jung_032_v00,jung_032,val,binary_input_blend_0.90,14.761721909050141,0.6946874856948853,0.6762430595872271,0.07621871741148922,0.07791731903128019,0.20698277895730124,0.1024021296180656,0.020996419363116175
compound_proxy,000031_jung_032_v00,jung_032,val,binary_docres_blend_0.90,14.690561129497613,0.6946393847465515,0.6766183156357513,0.07674251809099751,0.07841700256504214,0.20698277895730124,0.10414097849566813,0.020855464035219286
compound_proxy,000031_jung_032_v01,jung_032,val,input,11.217849267374564,0.8850914239883423,1.32849231615495e-11,0.999999999970478,1.0,0.0,0.0,0.0
compound_proxy,000031_jung_032_v01,jung_032,val,classical_shadow_0.25,14.991434365501664,0.9485975503921509,0.12006658315521614,0.9328535163072822,0.9872169574587429,0.03392073602264685,0.08748171276059369,0.03489540727768131
compound_proxy,000031_jung_032_v01,jung_032,val,classical_shadow_0.40,18.346274225596787,0.9701866507530212,0.19230160131821133,0.9055056087974168,0.9842057095621882,0.06185185185185185,0.1399355748904893,0.05325507244833556
compound_proxy,000031_jung_032_v01,jung_032,val,classical_shadow_0.55,23.430211046550305,0.9813334345817566,0.29224836309832847,0.8819791914626326,0.9835267026835532,0.12121726822363765,0.19247346534745052,0.06822057482315877
compound_proxy,000031_jung_032_v01,jung_032,val,classical_shadow_0.70,28.5607498181148,0.9840894937515259,0.45388373646917757,0.8689712924693437,0.9803088005195879,0.40730125029488085,0.24506732534957837,0.07815647990091804
compound_proxy,000031_jung_032_v01,jung_032,val,docres_deshadow,20.09261503757942,0.9876435995101929,0.4769785240345218,0.825068939563172,0.9716293212883418,0.4219910356216089,0.3292276665325247,0.08043257806324867
compound_proxy,000031_jung_032_v01,jung_032,val,docres_classical040_blend_0.70,27.703685928659816,0.9940143823623657,0.46632021574887483,0.8512273486479571,0.9776813391196528,0.4015404576551073,0.2724995166266553,0.0822875377340925
compound_proxy,000031_jung_032_v01,jung_032,val,docres_input_blend_0.70,30.676644413623514,0.994358241558075,0.4511061605109826,0.8612273542260487,0.9781832137690786,0.37995989620193443,0.2304178195930412,0.07748557012581336
compound_proxy,000031_jung_032_v01,jung_032,val,docres_classical040_blend_0.80,24.580639879367226,0.9927263259887695,0.47038033567760196,0.8428309291798045,0.976323325362383,0.40870488322717624,0.2913955844191887,0.08275708968085664
compound_proxy,000031_jung_032_v01,jung_032,val,docres_input_blend_0.80,29.569858527830117,0.9944874048233032,0.467110881024848,0.8483760069565299,0.9762347592477785,0.394000943618778,0.26335588767236073,0.08146680692547752
compound_proxy,000031_jung_032_v01,jung_032,val,docres_classical040_blend_0.85,23.26158715826152,0.9917100071907043,0.47232130393507266,0.8382643998772326,0.9752900540253299,0.41215616890776124,0.3008649746286814,0.08256713979971211
compound_proxy,000031_jung_032_v01,jung_032,val,docres_input_blend_0.85,26.473045146273215,0.9935649633407593,0.4702289102225835,0.8426088953317867,0.9748472234523071,0.3999929228591649,0.27984839191633243,0.08233818853647927
compound_proxy,000031_jung_032_v01,jung_032,val,docres_classical040_blend_0.90,22.09170066095387,0.9904706478118896,0.4738925768598321,0.834193613662411,0.9733120774658283,0.4156074545883463,0.31028803500640645,0.0821328383465284
compound_proxy,000031_jung_032_v01,jung_032,val,docres_input_blend_0.90,23.88870777064278,0.9920552968978882,0.47325189880050034,0.8360593381301874,0.9733415995040298,0.4083321538098608,0.29632147796603886,0.08246433493180774
compound_proxy,000031_jung_032_v01,jung_032,val,docres_classical040_blend_0.95,21.045318243180628,0.9892063736915588,0.4759325861597363,0.828687864740675,0.9725149824343873,0.4190186364708658,0.31973849733335175,0.08140354215506672
compound_proxy,000031_jung_032_v01,jung_032,val,docres_input_blend_0.95,21.802229332591267,0.9900473356246948,0.4753719450342625,0.8304686908248032,0.9713931449827297,0.41429818353385234,0.3128157491824283,0.08180475984237331
compound_proxy,000031_jung_032_v01,jung_032,val,docres_appearance,18.607388419631533,0.9290671348571777,0.5154889407136265,0.6681866383739515,0.9300918135388068,0.404692144373673,0.3306747706867601,0.026954879969841132
compound_proxy,000031_jung_032_v01,jung_032,val,docres_binarization,14.094418078319126,0.6569042801856995,0.8350427520819855,0.055363923590383377,0.0563870929648983,0.5124982307147912,0.4048707103506653,0.09992752949609666
compound_proxy,000031_jung_032_v01,jung_032,val,binary_input_blend_0.75,19.638974884038987,0.7712947726249695,0.8276503272660669,0.07265974116207244,0.07392318365659965,0.5124982307147912,0.30357365083329857,0.10057868464833246
compound_proxy,000031_jung_032_v01,jung_032,val,binary_docres_blend_0.75,15.43810789112265,0.8067634105682373,0.8242718809652293,0.09082736420581657,0.0924630236471526,0.5124982307147912,0.3858733145534694,0.10857365809641133
compound_proxy,000031_jung_032_v01,jung_032,val,binary_input_blend_0.90,16.06574693255709,0.704237163066864,0.8300851684885275,0.07143686165066629,0.07268325805213592,0.5124982307147912,0.3643511371993949,0.10371959371887902
compound_proxy,000031_jung_032_v01,jung_032,val,binary_docres_blend_0.90,14.61984432756601,0.7196014523506165,0.8305356816016769,0.07140163054308754,0.0726537360139344,0.5124982307147912,0.39703932207466613,0.1044440255767772
compound_proxy,000037_jung_038_v00,jung_038,val,input,8.944437225765196,0.43106281757354736,1.0588235288544467e-09,0.9999999976470588,1.0,0.0,0.0,0.0
compound_proxy,000037_jung_038_v00,jung_038,val,classical_shadow_0.25,12.115127766448788,0.49392902851104736,0.5171769785407845,0.058558558550049614,0.9482352941176471,0.0280348790749054,0.1008171816450274,0.041944296925650666
compound_proxy,000037_jung_038_v00,jung_038,val,classical_shadow_0.40,14.64376528715432,0.5151898264884949,0.6004498875026397,0.024839693704486104,0.9388235294117647,0.05853996756528075,0.16141823321567797,0.06420081469684417
compound_proxy,000037_jung_038_v00,jung_038,val,classical_shadow_0.55,17.7985292388079,0.5259079933166504,0.6976375615748536,0.014029398286367888,0.9364705882352942,0.11549110395562555,0.2220449081223671,0.08273620599857773
compound_proxy,000037_jung_038_v00,jung_038,val,classical_shadow_0.70,20.829123804262323,0.5281063914299011,0.8529771923319747,0.009707778573482505,0.9247058823529412,0.26693303875713914,0.2826673708475564,0.09557615448340309
compound_proxy,000037_jung_038_v00,jung_038,val,docres_deshadow,20.92074440743081,0.5354901552200317,0.8568225175248666,0.035796562109179815,0.9505882352941176,0.3935929677768115,0.2912687837256792,0.1215516174566625
compound_proxy,000037_jung_038_v00,jung_038,val,docres_classical040_blend_0.70,19.95990111210679,0.5356544852256775,0.8516320785436312,0.03760303787741011,0.9552941176470588,0.28491080452205797,0.25232179223253454,0.11425574264744302
compound_proxy,000037_jung_038_v00,jung_038,val,docres_input_blend_0.70,17.20759505188757,0.5281839966773987,0.6966128271894341,0.0649038461434449,0.9529411764705882,0.13152513690742004,0.20378423491990638,0.10463454513100263
compound_proxy,000037_jung_038_v00,jung_038,val,docres_classical040_blend_0.80,20.52238625956555,0.536108136177063,0.8542924969458887,0.03676268861117854,0.9458823529411765,0.3182269020142431,0.2652764716481934,0.11805951136819835
compound_proxy,000037_jung_038_v00,jung_038,val,docres_input_blend_0.80,18.85890248452347,0.5322329998016357,0.8382231249451777,0.05159547091461715,0.9435294117647058,0.26482478200578186,0.23296856947587832,0.11375609844400673
compound_proxy,000037_jung_038_v00,jung_038,val,docres_classical040_blend_0.85,20.72507218257605,0.5360502004623413,0.855621167071666,0.03565030454714705,0.9364705882352942,0.33028415634474817,0.2718014080852686,0.11943967352980366
compound_proxy,000037_jung_038_v00,jung_038,val,docres_input_blend_0.85,19.632014873964007,0.5336017608642578,0.8482370569578994,0.0468303826331433,0.9647058823529412,0.2935624133311397,0.24758347516034168,0.11712889846446208
compound_proxy,000037_jung_038_v00,jung_038,val,docres_classical040_blend_0.90,20.861512006192395,0.5360617637634277,0.8554718166400207,0.03744798890083698,0.9529411764705882,0.3420664206642066,0.2782571799490944,0.12053901940899554
compound_proxy,000037_jung_038_v00,jung_038,val,docres_input_blend_0.90,20.287877926332175,0.5345976948738098,0.8525967905373869,0.04260255193054913,0.9505882352941176,0.3263778879827015,0.26216268329787085,0.11961323151022353
compound_proxy,000037_jung_038_v00,jung_038,val,docres_classical040_blend_0.95,20.92860340501074,0.5356243252754211,0.8564010063957843,0.036225402501232074,0.9529411764705882,0.3672714880015042,0.28480914071036556,0.12117072920223132
compound_proxy,000037_jung_038_v00,jung_038,val,docres_input_blend_0.95,20.743851146576603,0.5352332592010498,0.8550134703457041,0.039219474493893014,0.9552941176470588,0.34413237126001833,0.27675479527369273,0.12110372311325987
compound_proxy,000037_jung_038_v00,jung_038,val,docres_appearance,18.038622828450173,0.5297206044197083,0.8350741629043695,0.014737598849159773,0.8682352941176471,0.27020941546995086,0.37411253160864316,0.06951013731081905
compound_proxy,000037_jung_038_v00,jung_038,val,docres_binarization,12.972020935655625,0.4637664556503296,0.8430890987688388,0.004748713888108938,0.02823529411764706,0.4519378569581874,0.48397895383974443,0.07537670003081291
compound_proxy,000037_jung_038_v00,jung_038,val,binary_input_blend_0.75,17.735742802416567,0.48673489689826965,0.8485172280770411,0.0050860719854905825,0.03058823529411765,0.4519378569581874,0.3628616934352184,0.08467660078418655
compound_proxy,000037_jung_038_v00,jung_038,val,binary_docres_blend_0.75,15.204527483873733,0.4922036826610565,0.855077933447319,0.005072181035867273,0.03058823529411765,0.4519378569581874,0.43594571539570776,0.09560069152243204
compound_proxy,000037_jung_038_v00,jung_038,val,binary_input_blend_0.90,14.844560275385339,0.47385916113853455,0.8467767680264994,0.005092048568314905,0.03058823529411765,0.4519378569581874,0.435547807107895,0.08178031647040186
compound_proxy,000037_jung_038_v00,jung_038,val,binary_docres_blend_0.90,13.812519785183506,0.47562170028686523,0.8480154454593626,0.0050741608098851835,0.03058823529411765,0.4519378569581874,0.4648377042781293,0.08383136303968493
compound_proxy,000037_jung_038_v01,jung_038,val,input,12.370359704482256,0.6418885588645935,7.075471708528625e-10,0.999999998427673,1.0,0.0,0.0,0.0
compound_proxy,000037_jung_038_v01,jung_038,val,classical_shadow_0.25,15.93429238022589,0.7253088355064392,0.49995542441339896,0.10059860324233479,0.9512578616352201,0.0514207817237408,0.0736269509566583,0.023922056276742557
compound_proxy,000037_jung_038_v01,jung_038,val,classical_shadow_0.40,18.862588112380795,0.7586763501167297,0.6099373509135191,0.04160954208653622,0.9544025157232704,0.11098784873199051,0.11789437931846544,0.03419340732180621
compound_proxy,000037_jung_038_v01,jung_038,val,classical_shadow_0.55,22.438352255064284,0.7807050943374634,0.7222173540205415,0.02252923214334813,0.9512578616352201,0.19323336545467365,0.16220630748832784,0.04039936672507244
compound_proxy,000037_jung_038_v01,jung_038,val,classical_shadow_0.70,24.401236675199854,0.7933083772659302,0.8008092479352444,0.01533975659190315,0.9512578616352201,0.34024725597574446,0.2065056544158548,0.041849794392098356
compound_proxy,000037_jung_038_v01,jung_038,val,docres_deshadow,22.320033437566043,0.708729088306427,0.7860069296974915,0.11141463412460202,0.8977987421383647,0.40578654194185254,0.19713226019483884,0.09548435162604492
compound_proxy,000037_jung_038_v01,jung_038,val,docres_classical040_blend_0.70,22.972932889705543,0.7313159704208374,0.7794413660336807,0.08850226927556698,0.9198113207547169,0.3384539450490046,0.17338380577511284,0.08318977482940139
compound_proxy,000037_jung_038_v01,jung_038,val,docres_input_blend_0.70,20.43879413943359,0.7009821534156799,0.6509856376894452,0.1632970450502964,0.8254716981132075,0.17050320821679554,0.13789666514124874,0.08134572281463898
compound_proxy,000037_jung_038_v01,jung_038,val,docres_classical040_blend_0.80,22.980270356700867,0.724445104598999,0.7821394632352381,0.09628044764709011,0.9198113207547169,0.36109478929184197,0.18126209677233537,0.08826804327915758
compound_proxy,000037_jung_038_v01,jung_038,val,docres_input_blend_0.80,21.679499400234967,0.7044193744659424,0.7520982992380545,0.14258810865144253,0.8333333333333334,0.3166944790467013,0.15765388864079732,0.08866898779147445
compound_proxy,000037_jung_038_v01,jung_038,val,docres_classical040_blend_0.85,22.894440269962317,0.7207280397415161,0.7839457089773088,0.09865996648263652,0.9261006289308176,0.3720520835781606,0.18528028749751718,0.09038429815914728
compound_proxy,000037_jung_038_v01,jung_038,val,docres_input_blend_0.85,22.135812605090454,0.7058145403862,0.7586526595081319,0.14053398054841407,0.910377358490566,0.33955390509319106,0.16753690152113215,0.0914636502441088
compound_proxy,000037_jung_038_v01,jung_038,val,docres_classical040_blend_0.90,22.748854297056052,0.7169021964073181,0.7852823198342251,0.10188143413172143,0.9025157232704403,0.38269913272381134,0.1891588033902071,0.09244240639569483
compound_proxy,000037_jung_038_v01,jung_038,val,docres_input_blend_0.90,22.417563540963314,0.7070024609565735,0.7722280751983165,0.12198221090174032,0.9056603773584906,0.3617223305991022,0.17744135320708776,0.09357254803544078
compound_proxy,000037_jung_038_v01,jung_038,val,docres_classical040_blend_0.95,22.55957686117886,0.7125717401504517,0.7867861714607718,0.10424640056419784,0.89937106918239,0.39418760429642513,0.19324763341301462,0.09399666391575828
compound_proxy,000037_jung_038_v01,jung_038,val,docres_input_blend_0.95,22.479573896155806,0.7079685926437378,0.7795600152773479,0.11623653726554835,0.89937106918239,0.384755681951724,0.18728576517687254,0.09492025162682603
compound_proxy,000037_jung_038_v01,jung_038,val,docres_appearance,19.6994644687618,0.7867692112922668,0.7985209335915677,0.01819196795001504,0.8710691823899371,0.3060427292171011,0.26873321636925623,0.011178865281790762
compound_proxy,000037_jung_038_v01,jung_038,val,docres_binarization,12.93653572063777,0.4654816687107086,0.8155631893367774,0.002482758620004756,0.014150943396226415,0.43992760946717746,0.3767355962057186,0.027800717859632666
compound_proxy,000037_jung_038_v01,jung_038,val,binary_input_blend_0.75,17.07751427920681,0.5293569564819336,0.8252830356942129,0.0027292576411765126,0.015723270440251572,0.43992760946717746,0.28244609767191725,0.04418533605457056
compound_proxy,000037_jung_038_v01,jung_038,val,binary_docres_blend_0.75,15.15682509755126,0.5338330268859863,0.8308306257104778,0.0027270248151821585,0.015723270440251572,0.43992760946717746,0.33204153929887004,0.05342964479551641
compound_proxy,000037_jung_038_v01,jung_038,val,binary_input_blend_0.90,14.471364179358535,0.4913731515407562,0.8205087393866326,0.0024590163927707604,0.014150943396226415,0.43992760946717746,0.3390489225986303,0.0360254946056325
compound_proxy,000037_jung_038_v01,jung_038,val,binary_docres_blend_0.90,13.76794330295456,0.49256765842437744,0.8223615127991101,0.0013620266953522128,0.007861635220125786,0.43992760946717746,0.3589278661613893,0.038290708020031095
compound_proxy,000038_jung_039_v00,jung_039,val,input,27.081972677126362,0.9680818319320679,5.9589833067974496e-12,0.9999999999867578,1.0,0.0,0.0,0.0
compound_proxy,000038_jung_039_v00,jung_039,val,classical_shadow_0.25,29.516299253772317,0.9664067625999451,0.06431930896586376,0.9735704678579078,0.9873007044864665,0.0422227648515715,0.022077882815316165,0.0022868358737071605
compound_proxy,000038_jung_039_v00,jung_039,val,classical_shadow_0.40,28.854245038950744,0.9646925330162048,0.07483170398818847,0.9666939773325701,0.9843212034535728,0.04358321414867269,0.034389249007820546,0.004175133393406875
compound_proxy,000038_jung_039_v00,jung_039,val,classical_shadow_0.55,26.959493270226375,0.961818277835846,0.09076244611472317,0.9582432659699673,0.9803352931829017,0.048848269206172024,0.047461034994805175,0.00689872099519063
compound_proxy,000038_jung_039_v00,jung_039,val,classical_shadow_0.70,24.893007472054606,0.9584146738052368,0.10709759030763151,0.9504041667081311,0.9762169606441019,0.05467610841734399,0.060308865537587276,0.00996635115651933
compound_proxy,000038_jung_039_v00,jung_039,val,docres_deshadow,26.284932602919792,0.9639058113098145,0.09168377559258377,0.9574443293506287,0.9793023994914984,0.05700166277136312,0.034949789685528095,0.0025869085913205548
compound_proxy,000038_jung_039_v00,jung_039,val,docres_classical040_blend_0.70,27.277911843386967,0.9645251035690308,0.08343143633730668,0.9633732936635361,0.9822156893903279,0.05231799630236858,0.03494588640214169,0.0010884460377877535
compound_proxy,000038_jung_039_v00,jung_039,val,docres_input_blend_0.70,28.11500063116844,0.9658421874046326,0.07483315037595455,0.9687801318509268,0.9845595635362042,0.04888315252148231,0.024380874732190815,0.0035811788241883065
compound_proxy,000038_jung_039_v00,jung_039,val,docres_classical040_blend_0.80,26.951852047216374,0.9644063115119934,0.08708014986578336,0.9611966632378771,0.9811165845648604,0.05466215509121987,0.03489601922093481,0.0016634759053904618
compound_proxy,000038_jung_039_v00,jung_039,val,docres_input_blend_0.80,27.615384528057767,0.9653134346008301,0.07959420260389607,0.9660860402366812,0.9834207320302982,0.05101801141847188,0.028154109471139308,0.003422109172458374
compound_proxy,000038_jung_039_v00,jung_039,val,docres_classical040_blend_0.85,26.780412652115587,0.9641895890235901,0.08856211548930132,0.9600819363831294,0.9806398643995974,0.055494703549958724,0.034871842575474,0.0019259104692687411
compound_proxy,000038_jung_039_v00,jung_039,val,docres_input_blend_0.85,27.329871573420466,0.9650118350982666,0.08226436658507763,0.9631207147184304,0.9821494782562635,0.051643585539703024,0.0300653412374822,0.0033316102894590314
compound_proxy,000038_jung_039_v00,jung_039,val,docres_classical040_blend_0.90,26.606081120831977,0.9641081094741821,0.08985008350286208,0.9589580768358847,0.9798982996980772,0.056141207660376044,0.03481765259911484,0.002188248964980363
compound_proxy,000038_jung_039_v00,jung_039,val,docres_input_blend_0.90,27.00237416568801,0.9646380543708801,0.08626125360820305,0.9596272486785263,0.9804677154510303,0.053487750142440206,0.031829379092947224,0.0031233562232013496
compound_proxy,000038_jung_039_v00,jung_039,val,docres_classical040_blend_0.95,26.428214103370912,0.964083731174469,0.09105475384230652,0.9578746989075928,0.9795142751205043,0.056671434053092405,0.03458882717050029,0.0026523390490512454
compound_proxy,000038_jung_039_v00,jung_039,val,docres_input_blend_0.95,26.652542896827534,0.964252233505249,0.08869124114147824,0.9584693507311459,0.9797923618835743,0.054873780537435614,0.03355555145163617,0.0028440797540063593
compound_proxy,000038_jung_039_v00,jung_039,val,docres_appearance,19.98973581416919,0.9249622821807861,0.18941571572622634,0.8574633710878665,0.9160310397796494,0.06231555447029686,0.09449524412734829,0.04193430099088347
compound_proxy,000038_jung_039_v00,jung_039,val,docres_binarization,13.252111616471534,0.4991285800933838,0.7544056351892383,0.07991999194786999,0.08412786694210499,0.24935058894664017,0.20430183780352767,0.015497179162880858
compound_proxy,000038_jung_039_v00,jung_039,val,binary_input_blend_0.75,16.175084736107856,0.7252988219261169,0.7065513448371523,0.15832090347127362,0.1672625668732454,0.24935058894664017,0.15303822960562935,0.02871645101722254
compound_proxy,000038_jung_039_v00,jung_039,val,binary_docres_blend_0.75,15.71264227053593,0.7264304161071777,0.7058479680184304,0.16805270276829753,0.1776841993749669,0.24935058894664017,0.1620639614085655,0.028825851256829738
compound_proxy,000038_jung_039_v00,jung_039,val,binary_input_blend_0.90,14.307748242231863,0.5939659476280212,0.7353834289353551,0.11262413481652343,0.11894168123311616,0.24935058894664017,0.18379057607857277,0.021995783707869074
compound_proxy,000038_jung_039_v00,jung_039,val,binary_docres_blend_0.90,14.161407145447221,0.5947793126106262,0.7368383966073716,0.11249858953482908,0.11882250119180042,0.24935058894664017,0.18727201302492844,0.02200561290238854
compound_proxy,000038_jung_039_v01,jung_039,val,input,23.986218096095143,0.7084041237831116,9.135202594379166e-11,0.9999999997969955,1.0,0.0,0.0,0.0
compound_proxy,000038_jung_039_v01,jung_039,val,classical_shadow_0.25,24.30866767132773,0.7767552137374878,0.49655683129812295,0.10874447090600557,0.9732034104750305,0.08016650969174777,0.007174581417315913,0.02075916824525216
compound_proxy,000038_jung_039_v01,jung_039,val,classical_shadow_0.40,23.38211661986997,0.7965822815895081,0.5506601176875516,0.0882423349583235,0.9727974015428339,0.11450099417448634,0.01133542678824298,0.035556672548355914
compound_proxy,000038_jung_039_v01,jung_039,val,classical_shadow_0.55,22.029860250597018,0.8034654259681702,0.5789567890439064,0.08489459276751939,0.9695493300852619,0.1299263962046953,0.015711244579691364,0.051580769587863846
compound_proxy,000038_jung_039_v01,jung_039,val,classical_shadow_0.70,20.59121885088175,0.8010859489440918,0.6047632248472835,0.08352509265781016,0.9652862362971986,0.14345879699073266,0.019951313835612022,0.06818365669720113
compound_proxy,000038_jung_039_v01,jung_039,val,docres_deshadow,22.110823324038048,0.7095885276794434,0.2881740439122367,0.6761700724001037,0.8329273244011368,0.12564505063894607,0.020699102678012574,0.014209807970220461
compound_proxy,000038_jung_039_v01,jung_039,val,docres_classical040_blend_0.70,22.984874424480893,0.7478330731391907,0.46836451301785,0.21524663676155062,0.9646772228989038,0.10793827978744433,0.017945518645360026,0.0001816871915989858
compound_proxy,000038_jung_039_v01,jung_039,val,docres_input_blend_0.70,22.973249434273896,0.7097942233085632,0.2284691166797015,0.7232491095941581,0.865814047909054,0.09090824525296218,0.014464145537751357,0.012062187548349873
compound_proxy,000038_jung_039_v01,jung_039,val,docres_classical040_blend_0.80,22.723987972249418,0.7362298369407654,0.4426947764721279,0.2866249772153102,0.9583840844498579,0.11114987035034476,0.01889851257999498,0.0049445680611244665
compound_proxy,000038_jung_039_v01,jung_039,val,docres_input_blend_0.80,22.70102781852129,0.7097023129463196,0.24999975345132644,0.7022548683460446,0.8345513601299228,0.10154765642259973,0.016450013919126708,0.01314463702799342
compound_proxy,000038_jung_039_v01,jung_039,val,docres_classical040_blend_0.85,22.579245832069535,0.7299686670303345,0.42566966053746386,0.3367361610110182,0.9508729192042225,0.11507308054557505,0.01938591229331348,0.007289145882535949
compound_proxy,000038_jung_039_v01,jung_039,val,docres_input_blend_0.85,22.55811146282877,0.7096338868141174,0.25272451396363343,0.7094492166566533,0.8550548112058465,0.10684759479540935,0.01753474366805119,0.013525281994162613
compound_proxy,000038_jung_039_v01,jung_039,val,docres_classical040_blend_0.90,22.43014939866415,0.7234885096549988,0.3962019567305961,0.4108161083026714,0.9360535931790499,0.11737072824734596,0.01984481256601888,0.009600920321741105
compound_proxy,000038_jung_039_v01,jung_039,val,docres_input_blend_0.90,22.41171009770277,0.7096444368362427,0.2641124222560315,0.705409479031082,0.8550548112058465,0.11580563016709108,0.0186073075757668,0.013830224371034233
compound_proxy,000038_jung_039_v01,jung_039,val,docres_classical040_blend_0.95,22.272086570756287,0.7164282202720642,0.3489848818002469,0.5313357730407896,0.9431587494924888,0.12280787432704271,0.02009430350901064,0.012067306563258684
compound_proxy,000038_jung_039_v01,jung_039,val,docres_input_blend_0.95,22.26212289409019,0.70958411693573,0.28103053783841564,0.680410663904552,0.8341453511977264,0.12089859420239299,0.019699378780593274,0.014061651468056165
compound_proxy,000038_jung_039_v01,jung_039,val,docres_appearance,19.427483924891106,0.8194733262062073,0.5857396146256971,0.07744265596920626,0.9053999187982136,0.10376856083068801,0.047955019218882705,0.07939706882266472
compound_proxy,000038_jung_039_v01,jung_039,val,docres_binarization,12.842554743776873,0.46935805678367615,0.7868181579624051,0.020499108732575835,0.046691027202598455,0.3859210939407681,0.16326954702533095,0.05122489680321966
compound_proxy,000038_jung_039_v01,jung_039,val,binary_input_blend_0.75,15.07799947837717,0.539513111114502,0.751157276243169,0.02706827309019532,0.06841250507511165,0.3859210939407681,0.12219431101006345,0.024100457882885902
compound_proxy,000038_jung_039_v01,jung_039,val,binary_docres_blend_0.75,14.779210344729508,0.5393149256706238,0.7529718339921534,0.027407169263188622,0.06922452293950467,0.3859210939407681,0.12775315198113282,0.02367299894689188
compound_proxy,000038_jung_039_v01,jung_039,val,binary_input_blend_0.90,13.677051631265172,0.4974597096443176,0.7710273720474858,0.025773195874212854,0.06496142915144133,0.3859210939407681,0.14673788334882562,0.03988359475225226
compound_proxy,000038_jung_039_v01,jung_039,val,binary_docres_blend_0.90,13.576036536132888,0.497408002614975,0.7720360799150804,0.0254387377213461,0.06414941128704832,0.3859210939407681,0.14891261410321033,0.03986411041400322
compound_proxy,000043_jung_044_v00,jung_044,val,input,20.503118451827085,0.514879584312439,3.071672916021839e-10,0.999999999317406,1.0,0.0,0.0,0.0
compound_proxy,000043_jung_044_v00,jung_044,val,classical_shadow_0.25,19.750049801699706,0.5007476806640625,0.4924455962679029,0.06153046190911125,0.9692832764505119,0.0561576635673949,0.017367452267645897,0.011716099420916172
compound_proxy,000043_jung_044_v00,jung_044,val,classical_shadow_0.40,19.107947229793872,0.49173036217689514,0.547363668882559,0.04041361482003695,0.9604095563139932,0.09293148241297235,0.026870485905741183,0.019783531293844782
compound_proxy,000043_jung_044_v00,jung_044,val,classical_shadow_0.55,18.389046152457684,0.4824405908584595,0.5720588513952396,0.034751229639023426,0.9597269624573379,0.10545734568893544,0.037079190811570864,0.029013137865393928
compound_proxy,000043_jung_044_v00,jung_044,val,classical_shadow_0.70,17.641072404785035,0.4732225835323334,0.5930802786948166,0.032058337918912626,0.9542662116040955,0.11546040520428746,0.04732993990477381,0.0385235826535506
compound_proxy,000043_jung_044_v00,jung_044,val,docres_deshadow,20.3813140160295,0.5130273699760437,0.1651734522701544,0.7062600317248474,0.9010238907849829,0.029267634994632884,0.0061458637416521075,0.002107476758403279
compound_proxy,000043_jung_044_v00,jung_044,val,docres_classical040_blend_0.70,20.084581339231462,0.5077962279319763,0.42453374084762274,0.15951534013344648,0.9795221843003413,0.03898289264212486,0.01247679308291267,0.003903390053972883
compound_proxy,000043_jung_044_v00,jung_044,val,docres_input_blend_0.70,20.43240715522536,0.5135826468467712,0.12995926982504152,0.7534702938625928,0.9262798634812287,0.016272473177384478,0.0044180459142862715,0.001635350866848837
compound_proxy,000043_jung_044_v00,jung_044,val,docres_classical040_blend_0.80,20.19171801398159,0.509560227394104,0.3738016362817591,0.25106913751762844,0.9617747440273038,0.03143263102763417,0.010452540856833174,0.00194850132387399
compound_proxy,000043_jung_044_v00,jung_044,val,docres_input_blend_0.80,20.415746609863966,0.5133316516876221,0.14647600608685124,0.7222525966526776,0.9017064846416383,0.018380427398737822,0.005151668686516261,0.0017476328453530717
compound_proxy,000043_jung_044_v00,jung_044,val,docres_classical040_blend_0.85,20.243182579049744,0.5105055570602417,0.3370793392877849,0.32628611690714443,0.948122866894198,0.02970581982047386,0.009307383274507156,0.0007988646095385525
compound_proxy,000043_jung_044_v00,jung_044,val,docres_input_blend_0.85,20.407692494229885,0.5132286548614502,0.15467079297076064,0.7073301226820063,0.9023890784982935,0.019671646589677506,0.0054734211085817564,0.0018472219075887915
compound_proxy,000043_jung_044_v00,jung_044,val,docres_classical040_blend_0.90,20.290490767594925,0.5112611651420593,0.28204881141129745,0.444269521270696,0.9631399317406143,0.028622025399163042,0.008307240009065709,4.1957633868814606e-05
compound_proxy,000043_jung_044_v00,jung_044,val,docres_input_blend_0.90,20.39923156047839,0.5131518840789795,0.15158121690084927,0.7163774399585805,0.9017064846416383,0.020490974429711525,0.005735406726927629,0.0019432129362132382
compound_proxy,000043_jung_044_v00,jung_044,val,docres_classical040_blend_0.95,20.343372244269787,0.5125859975814819,0.2231554832384352,0.5783487781894066,0.9372013651877134,0.029716191058955305,0.0069872863868039635,0.001502213016652093
compound_proxy,000043_jung_044_v00,jung_044,val,docres_input_blend_0.95,20.389491144270657,0.5131186246871948,0.16152019684644503,0.6985721836601945,0.9017064846416383,0.02222037844649219,0.006022049456369221,0.002080802107487728
compound_proxy,000043_jung_044_v00,jung_044,val,docres_appearance,15.735315255892031,0.48140478134155273,0.6271821146444243,0.02661723465880942,0.764505119453925,0.11697201321295783,0.05119179256790958,0.08618523333461163
compound_proxy,000043_jung_044_v00,jung_044,val,docres_binarization,14.02218452801764,0.5330193638801575,0.8055763441454697,0.0,0.0,0.3494848087284343,0.1653921634718677,0.06569913126120443
compound_proxy,000043_jung_044_v00,jung_044,val,binary_input_blend_0.75,15.88589686303334,0.5342914462089539,0.532438351006579,0.0,0.0,0.0032306407869695758,0.1239373369770952,0.04938795904795219
compound_proxy,000043_jung_044_v00,jung_044,val,binary_docres_blend_0.75,15.800996371654774,0.5337876081466675,0.5537844411446942,0.0,0.0,0.023623088451107388,0.1257754051366711,0.04975198439819716
compound_proxy,000043_jung_044_v00,jung_044,val,binary_input_blend_0.90,14.737911053400452,0.5343348979949951,0.5683364627633658,0.0,0.0,0.023327508154386258,0.14867938038154163,0.059228670760604674
compound_proxy,000043_jung_044_v00,jung_044,val,binary_docres_blend_0.90,14.709257011095108,0.5341147184371948,0.5726397141639269,0.0,0.0,0.027242650681131086,0.14945559640671158,0.05935804153351857
compound_proxy,000043_jung_044_v01,jung_044,val,input,10.309659533191022,0.6059492230415344,0.45,0.0,0.0,0.0,0.0,0.0
compound_proxy,000043_jung_044_v01,jung_044,val,classical_shadow_0.25,13.28541564680724,0.7011948823928833,0.5906163336620309,0.0,0.0,0.09347078681400739,0.08305962923229153,0.02320282525851139
compound_proxy,000043_jung_044_v01,jung_044,val,classical_shadow_0.40,15.5955955585801,0.7402723431587219,0.6605649161998546,0.0,0.0,0.13860900949486882,0.13296408673975138,0.03128378668180867
compound_proxy,000043_jung_044_v01,jung_044,val,classical_shadow_0.55,18.394714365302136,0.7668783068656921,0.748270030287117,0.0,0.0,0.20503419915889257,0.18294501687919063,0.033429707294246894
compound_proxy,000043_jung_044_v01,jung_044,val,classical_shadow_0.70,21.161517150500593,0.7822983264923096,0.810633398705449,0.0,0.0,0.4098039317365083,0.23287109130136782,0.029141603641503245
compound_proxy,000043_jung_044_v01,jung_044,val,docres_deshadow,18.973885878554107,0.7010766863822937,0.8494630131499948,0.0,0.0,0.3994223220165836,0.3366084280954411,0.08243835524999146
compound_proxy,000043_jung_044_v01,jung_044,val,docres_classical040_blend_0.70,21.46300243319846,0.7231810092926025,0.8438067978557772,0.0,0.0,0.368044139990977,0.27554405025942846,0.07301132975962882
compound_proxy,000043_jung_044_v01,jung_044,val,docres_input_blend_0.70,20.262526527914044,0.6922286152839661,0.7340250089120663,0.0,0.0,0.14583776271643478,0.23561649030985707,0.07323441678614785
compound_proxy,000043_jung_044_v01,jung_044,val,docres_classical040_blend_0.80,20.952946695406034,0.7166215181350708,0.8462573224434796,0.0,0.0,0.37683895022324093,0.29590515034686204,0.07709553740579957
compound_proxy,000043_jung_044_v01,jung_044,val,docres_input_blend_0.80,21.02950545745726,0.6965846419334412,0.8475847762992632,0.0,0.0,0.3300128084795246,0.2692816829388349,0.07930796049877206
compound_proxy,000043_jung_044_v01,jung_044,val,docres_classical040_blend_0.85,20.53938969148803,0.7130197882652283,0.8472794469155146,0.0,0.0,0.38366322514403056,0.30611258426758364,0.07879907819252449
compound_proxy,000043_jung_044_v01,jung_044,val,docres_input_blend_0.85,20.912113127342337,0.6982239484786987,0.848802475388673,0.0,0.0,0.34987632298110877,0.2861177515846388,0.08133745898112175
compound_proxy,000043_jung_044_v01,jung_044,val,docres_classical040_blend_0.90,20.055916249370433,0.7091866135597229,0.848162961103143,0.0,0.0,0.3880943367852272,0.3163079794173621,0.08027160183857192
compound_proxy,000043_jung_044_v01,jung_044,val,docres_input_blend_0.90,20.470842909143272,0.699465274810791,0.8495431283761999,0.0,0.0,0.3679845053697087,0.302943855707196,0.08257188062699994
compound_proxy,000043_jung_044_v01,jung_044,val,docres_classical040_blend_0.95,19.52215550205168,0.7050910592079163,0.8488910705910291,0.0,0.0,0.39241914323198906,0.32647210833348334,0.08148511765171532
compound_proxy,000043_jung_044_v01,jung_044,val,docres_input_blend_0.95,19.789846944474146,0.7006040811538696,0.8497561233680972,0.0,0.0,0.38469775618255453,0.31983441402655105,0.08292687228016224
compound_proxy,000043_jung_044_v01,jung_044,val,docres_appearance,18.12395182416621,0.7903383374214172,0.8123758702714731,0.0,0.0,0.36556541399391207,0.30690402161040736,0.02062645045245529
compound_proxy,000043_jung_044_v01,jung_044,val,docres_binarization,11.700904469612908,0.5835118889808655,0.8930077229895476,0.0,0.0,0.42343173910112475,0.3352886269913922,0.15501287164924593
compound_proxy,000043_jung_044_v01,jung_044,val,binary_input_blend_0.75,14.281918712490889,0.6228016018867493,0.8557792326373247,0.0,0.0,0.42343173910112475,0.2514899555063702,0.09296538772887453
compound_proxy,000043_jung_044_v01,jung_044,val,binary_docres_blend_0.75,13.820296705088422,0.6262763142585754,0.8549479165094147,0.0,0.0,0.42343173910112475,0.335908715205893,0.09157986084902464
compound_proxy,000043_jung_044_v01,jung_044,val,binary_input_blend_0.90,12.794322426057118,0.5990614891052246,0.8777642680108945,0.0,0.0,0.42343173910112475,0.3017196326832703,0.12960711335149086
compound_proxy,000043_jung_044_v01,jung_044,val,binary_docres_blend_0.90,12.501933030424098,0.5995268225669861,0.8778196887665083,0.0,0.0,0.42343173910112475,0.3358839767517505,0.12969948127751385
compound_proxy,000046_jung_047_v00,jung_047,val,input,19.846468502241922,0.5665767192840576,1.1213580064506345e-11,0.9999999999750809,1.0,0.0,0.0,0.0
compound_proxy,000046_jung_047_v00,jung_047,val,classical_shadow_0.25,19.1955798426744,0.5628670454025269,0.07959476007902787,0.9732234809236128,0.9890356341888861,0.054658844669943446,0.024475429831570035,0.005160516486803587
compound_proxy,000046_jung_047_v00,jung_047,val,classical_shadow_0.40,18.59560916153212,0.5597224235534668,0.08735306654660008,0.9698874755144352,0.9880139546473959,0.05291739337244332,0.03886577938611619,0.008897875668676865
compound_proxy,000046_jung_047_v00,jung_047,val,classical_shadow_0.55,17.91528488852752,0.5566835999488831,0.09881148972616458,0.9641926290170221,0.9863692997757288,0.053694307911843986,0.05301671241933687,0.012995299840409622
compound_proxy,000046_jung_047_v00,jung_047,val,classical_shadow_0.70,17.19470676608026,0.5530248880386353,0.11121630740854026,0.9594676639638763,0.9845003737851981,0.05547275513979177,0.06737623203184338,0.017589180399592435
compound_proxy,000046_jung_047_v00,jung_047,val,docres_deshadow,19.50167117706465,0.5647374987602234,0.08288833702924227,0.9612228950732267,0.980912035883379,0.05912742455472755,0.013076061353139129,0.0018013178603517727
compound_proxy,000046_jung_047_v00,jung_047,val,docres_classical040_blend_0.70,19.29024320654469,0.5638614296913147,0.07992189524411315,0.966061080251215,0.9845252927984052,0.05568680302309603,0.020692072611508454,0.0011429154824341063
compound_proxy,000046_jung_047_v00,jung_047,val,docres_input_blend_0.70,19.6500106867673,0.5653592348098755,0.07512093463225819,0.9685224681677693,0.984475454771991,0.05629723587548227,0.009198141705812915,0.001632587916578276
compound_proxy,000046_jung_047_v00,jung_047,val,docres_classical040_blend_0.80,19.363911045527235,0.5640981197357178,0.0810955661546393,0.9652035700949944,0.9836032893097434,0.05801490407483748,0.018249895592717225,0.00020385064243731008
compound_proxy,000046_jung_047_v00,jung_047,val,docres_input_blend_0.80,19.60368733254875,0.5651695132255554,0.07949727552493252,0.9635372086531624,0.9818091203588338,0.057771787960467204,0.010691896440411096,0.0017341214703732561
compound_proxy,000046_jung_047_v00,jung_047,val,docres_classical040_blend_0.85,19.401865368395015,0.5643526911735535,0.08044233737594192,0.9642280795891186,0.9826812858210815,0.05737540299138524,0.01692710972661356,0.00033121051502439403
compound_proxy,000046_jung_047_v00,jung_047,val,docres_input_blend_0.85,19.57907199800252,0.5650286078453064,0.0804999195888463,0.9630670707625375,0.9818340393720408,0.05825802018920776,0.011399181944327822,0.0017706807750821237
compound_proxy,000046_jung_047_v00,jung_047,val,docres_classical040_blend_0.90,19.42836105818012,0.5643693208694458,0.08005098507643939,0.9629620586707612,0.982830799900324,0.05666191004703768,0.015809635729985696,0.000663578565416619
compound_proxy,000046_jung_047_v00,jung_047,val,docres_input_blend_0.90,19.55462497848465,0.5649230480194092,0.08164944207925681,0.9620618052775849,0.9813605781211064,0.058696686221658474,0.012005521409451611,0.0017972661145514884
compound_proxy,000046_jung_047_v00,jung_047,val,docres_classical040_blend_0.95,19.489786121463545,0.5648020505905151,0.0799405786446492,0.9607694748685212,0.9807126837777224,0.05580836108028117,0.013862572035843552,0.001555754068108544
compound_proxy,000046_jung_047_v00,jung_047,val,docres_input_blend_0.95,19.53197687060964,0.5648638606071472,0.08238270972018291,0.9615572489018768,0.9810615499626215,0.05896358543417367,0.012538231718880587,0.0018409893405025792
compound_proxy,000046_jung_047_v00,jung_047,val,docres_appearance,15.128602553884495,0.5501230359077454,0.19362727079034509,0.8497340119095932,0.9194617493147271,0.05756566777654458,0.08395038814637946,0.05810292185760935
compound_proxy,000046_jung_047_v00,jung_047,val,docres_binarization,12.332487364854597,0.5753745436668396,0.6210450945057235,0.23977565361093414,0.273785198106155,0.16658210453992917,0.12651218534028483,0.10292859992433473
compound_proxy,000046_jung_047_v00,jung_047,val,binary_input_blend_0.75,14.154681759701477,0.5743110179901123,0.5376299119372069,0.3505553722566687,0.3971592324943932,0.16658210453992917,0.09444585381322333,0.06836563897914877
compound_proxy,000046_jung_047_v00,jung_047,val,binary_docres_blend_0.75,14.040531964435852,0.5734481811523438,0.5398523655888116,0.34970755089604405,0.3963119860453526,0.16658210453992917,0.09845491729803281,0.06876115338814842
compound_proxy,000046_jung_047_v00,jung_047,val,binary_input_blend_0.90,13.02629136978134,0.5760034918785095,0.5613553262554816,0.3425375589353539,0.38918514826812856,0.16658210453992917,0.1139246464401521,0.08890877443400116
compound_proxy,000046_jung_047_v00,jung_047,val,binary_docres_blend_0.90,12.987939067047849,0.5758379697799683,0.5619196800012328,0.34277813137100765,0.38918514826812856,0.16658210453992917,0.1154051779794419,0.08904277231080057
compound_proxy,000046_jung_047_v01,jung_047,val,input,21.115436810641807,0.5974705815315247,8.999999795422653e-09,0.9999999800000005,1.0,0.0,0.0,0.0
compound_proxy,000046_jung_047_v01,jung_047,val,classical_shadow_0.25,20.794123276117684,0.5849780440330505,0.5338388130521394,0.020833333324475626,0.98,0.0774245547275514,0.026835521481992784,0.008425082879674818
compound_proxy,000046_jung_047_v01,jung_047,val,classical_shadow_0.40,20.063116522687743,0.5758933424949646,0.6338935429074358,0.002288650163368115,0.98,0.15868347338935573,0.042703739283356704,0.015264110630421766
compound_proxy,000046_jung_047_v01,jung_047,val,classical_shadow_0.55,19.105663987765134,0.5654717087745667,0.6644206945612534,0.0016328434802348347,0.98,0.17739812906294594,0.05902247839572385,0.023580589510205915
compound_proxy,000046_jung_047_v01,jung_047,val,classical_shadow_0.70,18.071678519590552,0.5549224019050598,0.6878689351201696,0.001534847298307444,0.98,0.18899635325828446,0.07509152088508365,0.032544424653483395
compound_proxy,000046_jung_047_v01,jung_047,val,docres_deshadow,20.664049607629362,0.5993578433990479,0.34609405655013803,0.5749999928125001,0.92,0.13705406690978278,0.031623219765153594,0.008567830833198054
compound_proxy,000046_jung_047_v01,jung_047,val,docres_classical040_blend_0.70,20.665067961607463,0.5932760238647461,0.5645291510171804,0.05580865597288308,0.98,0.12376460017969453,0.034879732137028,0.003210921950786627
compound_proxy,000046_jung_047_v01,jung_047,val,docres_input_blend_0.70,21.106890407568855,0.5992380976676941,0.29188437323889344,0.6493506409175241,1.0,0.11991173828021774,0.022151878139343065,0.008866120193040603
compound_proxy,000046_jung_047_v01,jung_047,val,docres_classical040_blend_0.80,20.682193762773178,0.5953943729400635,0.5555479884878347,0.08362989308962653,0.94,0.12657100576079489,0.033930097381164835,0.005063992774842976
compound_proxy,000046_jung_047_v01,jung_047,val,docres_input_blend_0.80,20.984607337990546,0.5993371605873108,0.208524297082999,0.8518518360768179,0.92,0.1262538977855293,0.025525274852819448,0.008989359318183237
compound_proxy,000046_jung_047_v01,jung_047,val,docres_classical040_blend_0.85,20.68372945338771,0.596357524394989,0.5439800295233201,0.11538461510724853,0.96,0.12893610274298398,0.03319856244384551,0.006145964335099642
compound_proxy,000046_jung_047_v01,jung_047,val,docres_input_blend_0.85,20.914363436733694,0.5993505716323853,0.32288032741810124,0.6025640948389219,0.94,0.12776808836742243,0.027137530557913198,0.009018449175047374
compound_proxy,000046_jung_047_v01,jung_047,val,docres_classical040_blend_0.90,20.68184027610014,0.5974169969558716,0.5413821492077001,0.12698412664819014,0.96,0.1312906294593309,0.03275182362993294,0.006889412146802803
compound_proxy,000046_jung_047_v01,jung_047,val,docres_input_blend_0.90,20.836315839703992,0.5992826223373413,0.32534361431563846,0.6025640948389219,0.94,0.12966280851963427,0.028706012926813386,0.008920405504656167
compound_proxy,000046_jung_047_v01,jung_047,val,docres_classical040_blend_0.95,20.677283483710852,0.5983365178108215,0.5450695164474118,0.1246684346825771,0.94,0.1335817345806247,0.03195139543053631,0.008013365502886824
compound_proxy,000046_jung_047_v01,jung_047,val,docres_input_blend_0.95,20.75524605028001,0.5994030833244324,0.3399276794895288,0.5822784736420447,0.92,0.13453834363934253,0.030227467975721626,0.008872769664696098
compound_proxy,000046_jung_047_v01,jung_047,val,docres_appearance,16.47289316994918,0.5749767422676086,0.6577575896110867,0.0014962911081628635,0.94,0.13642513609217272,0.09992218418999127,0.053394851402651086
compound_proxy,000046_jung_047_v01,jung_047,val,docres_binarization,12.753564167310817,0.5898780822753906,0.8219365835125787,0.0,0.0,0.362393636699963,0.16195100163631862,0.09526030476341886
compound_proxy,000046_jung_047_v01,jung_047,val,binary_input_blend_0.75,14.962378323969851,0.5945501923561096,0.7848367008251251,0.0,0.0,0.362393636699963,0.12131904482103606,0.06051513816118461
compound_proxy,000046_jung_047_v01,jung_047,val,binary_docres_blend_0.75,14.669215934353703,0.5937015414237976,0.7879901714232924,0.0,0.0,0.362393636699963,0.1294298688768886,0.060363706454228463
compound_proxy,000046_jung_047_v01,jung_047,val,binary_input_blend_0.90,13.586962753992145,0.5922417044639587,0.8068650634048243,0.0,0.0,0.362393636699963,0.14552715055685617,0.08109033863680311
compound_proxy,000046_jung_047_v01,jung_047,val,binary_docres_blend_0.90,13.481962670019145,0.5917975306510925,0.8081773812535492,0.0,0.0,0.362393636699963,0.1488080263551962,0.08109028451911797
compound_proxy,000050_jung_051_v00,jung_051,val,input,13.043480010851571,0.8191832900047302,3.5416369836838156e-11,0.999999999921297,1.0,0.0,0.0,0.0
compound_proxy,000050_jung_051_v00,jung_051,val,classical_shadow_0.25,16.52783130527954,0.9085131883621216,0.3677007727320982,0.3516681188242596,0.9847316228553439,0.0318753193119891,0.06732299889472136,0.02857817888856229
compound_proxy,000050_jung_051_v00,jung_051,val,classical_shadow_0.40,19.237986666916328,0.942975640296936,0.43975488970543053,0.31622202553252693,0.9841807020305368,0.06376926515667575,0.10770568700913605,0.042005435391229265
compound_proxy,000050_jung_051_v00,jung_051,val,classical_shadow_0.55,22.092839774291782,0.9646938443183899,0.5218787338834439,0.30655411870766436,0.9832362663308674,0.11990697377384196,0.1480885525191002,0.05114282086735124
compound_proxy,000050_jung_051_v00,jung_051,val,classical_shadow_0.70,22.992762052983235,0.975648045539856,0.6722321095956725,0.30227883659936844,0.9823705336061703,0.43990548365122617,0.18841393143599403,0.05482002248498439
compound_proxy,000050_jung_051_v00,jung_051,val,docres_deshadow,20.033427619589116,0.9108594059944153,0.7018293645706684,0.34154128031920655,0.968282701086101,0.45547194311989103,0.23358065403443387,0.10348446516756296
compound_proxy,000050_jung_051_v00,jung_051,val,docres_classical040_blend_0.70,22.536693421009183,0.9270243048667908,0.6876441883634978,0.3252596060703288,0.978671493782465,0.4385643732970027,0.19590947776419823,0.0927453666491109
compound_proxy,000050_jung_051_v00,jung_051,val,docres_input_blend_0.70,22.223553578479176,0.8990930318832397,0.5098249945644246,0.3794841843048328,0.9715882260349441,0.11168202912125341,0.16355625484185496,0.08914724407267328
compound_proxy,000050_jung_051_v00,jung_051,val,docres_classical040_blend_0.80,21.83351307162923,0.9221702814102173,0.6937195587398008,0.3294414893529404,0.9748937509837872,0.4432103627384196,0.20855966918443122,0.09757393545808574
compound_proxy,000050_jung_051_v00,jung_051,val,docres_input_blend_0.80,22.373383297955574,0.9042742848396301,0.6710847679578368,0.36045525028934566,0.9696206516606328,0.43369752639645776,0.18695910009950847,0.0975099842470649
compound_proxy,000050_jung_051_v00,jung_051,val,docres_classical040_blend_0.85,21.41454969838246,0.9196915626525879,0.6956462962142934,0.3334050391155071,0.9758381866834567,0.44811180177111715,0.21477483704653516,0.0996143816627624
compound_proxy,000050_jung_051_v00,jung_051,val,docres_input_blend_0.85,22.035082446568175,0.9063560962677002,0.6807076000872171,0.35348237316269754,0.9706437903352747,0.4393041127384196,0.19861473902401552,0.10054795400137449
compound_proxy,000050_jung_051_v00,jung_051,val,docres_classical040_blend_0.90,20.969228553222337,0.9168278574943542,0.6980695714133462,0.3358514065920491,0.976231701558319,0.45053059008855584,0.22110842165544692,0.1012655595293161
compound_proxy,000050_jung_051_v00,jung_051,val,docres_input_blend_0.90,21.486009863608846,0.9080745577812195,0.6885612059655246,0.34914938110130705,0.9723752557846687,0.4449532740122616,0.21026837442231658,0.10261846282031035
compound_proxy,000050_jung_051_v00,jung_051,val,docres_classical040_blend_0.95,20.506745861275427,0.9140372276306152,0.7010496211496067,0.33644451721149377,0.9702502754604124,0.4527977052111717,0.2272492607823102,0.10258324930309126
compound_proxy,000050_jung_051_v00,jung_051,val,docres_input_blend_0.95,20.79546742063791,0.9097276926040649,0.6957604278301048,0.344856613717244,0.9672595624114592,0.4503390028950954,0.22193381184217553,0.10362063210999069
compound_proxy,000050_jung_051_v00,jung_051,val,docres_appearance,17.370602048382935,0.9506731033325195,0.6968162615052216,0.2884595727208305,0.8883991814890603,0.4398123509877384,0.27711478452075655,0.044371782049325625
compound_proxy,000050_jung_051_v00,jung_051,val,docres_binarization,13.896704571835496,0.6273938417434692,0.822528631132465,0.051927437637798377,0.05406894380607587,0.5446158676771117,0.3270799002076988,0.0764932967824572
compound_proxy,000050_jung_051_v00,jung_051,val,binary_input_blend_0.75,17.629799659348564,0.695184588432312,0.802451732579876,0.0991215113038077,0.1003462930898788,0.5446158676771117,0.24535393751335677,0.08152472943541139
compound_proxy,000050_jung_051_v00,jung_051,val,binary_docres_blend_0.75,15.243758116533733,0.714266836643219,0.8097961981013199,0.09810470715410093,0.09940185739020935,0.5446158676771117,0.3041803156889458,0.0899055272011088
compound_proxy,000050_jung_051_v00,jung_051,val,binary_input_blend_0.90,15.330162709403947,0.6547796130180359,0.8061989184728882,0.09479553902611558,0.09633244136628365,0.5446158676771117,0.29382489222698605,0.0814281850577336
compound_proxy,000050_jung_051_v00,jung_051,val,binary_docres_blend_0.90,14.423791308151806,0.6635458469390869,0.8062716480084112,0.09555176688658154,0.09704076814103572,0.5446158676771117,0.3167119234018539,0.08211657184562152
compound_proxy,000050_jung_051_v01,jung_051,val,input,17.400681432148847,0.6850643157958984,2.3796934423003794e-10,0.9999999994711792,1.0,0.0,0.0,0.0
compound_proxy,000050_jung_051_v01,jung_051,val,classical_shadow_0.25,19.73590978197187,0.7022764086723328,0.4289648529601945,0.24329134717370052,0.9397144368059228,0.061020521117166215,0.04485323335737558,0.01580690788040539
compound_proxy,000050_jung_051_v01,jung_051,val,classical_shadow_0.40,20.601745976828255,0.709401547908783,0.5225286159564534,0.1381163823215614,0.9375991538868323,0.09194588726158039,0.07144833239835438,0.023592946300389828
compound_proxy,000050_jung_051_v01,jung_051,val,classical_shadow_0.55,20.57355712061848,0.7140845656394958,0.5854280302365775,0.0915346121720426,0.928609201480698,0.11973401311307902,0.09843367034313726,0.029185207439437803
compound_proxy,000050_jung_051_v01,jung_051,val,classical_shadow_0.70,19.672914013893934,0.7164443731307983,0.670460013535238,0.07002823718959143,0.9180327868852459,0.1823457723092643,0.12534539956990964,0.03248131355554307
compound_proxy,000050_jung_051_v01,jung_051,val,docres_deshadow,18.23222772811916,0.698091983795166,0.6105261117599992,0.318061340341147,0.88841882601798,0.21067672854223432,0.15454551051517332,0.05193130360868596
compound_proxy,000050_jung_051_v01,jung_051,val,docres_classical040_blend_0.70,19.577453586184493,0.7033208012580872,0.6020511327950218,0.25895598767963796,0.9365415124272871,0.18880119635558584,0.12953698509376493,0.04660889476294496
compound_proxy,000050_jung_051_v01,jung_051,val,docres_input_blend_0.70,20.389548221052603,0.6983304023742676,0.4753742169721025,0.45423816940867445,0.9238498149127445,0.16052611972070846,0.10830054646177266,0.04322509150098073
compound_proxy,000050_jung_051_v01,jung_051,val,docres_classical040_blend_0.80,19.151035526228537,0.7017001509666443,0.6070691574605063,0.275328330163332,0.9312533051295611,0.19656846049046323,0.13788476051183415,0.04874090223134803
compound_proxy,000050_jung_051_v01,jung_051,val,docres_input_blend_0.80,19.808544871386506,0.698554277420044,0.5290302925499929,0.39939167047276747,0.9026969857218403,0.18099401822207084,0.12369842798325051,0.04713859141227864
compound_proxy,000050_jung_051_v01,jung_051,val,docres_classical040_blend_0.85,18.92797041017647,0.7008607983589172,0.6057910235227207,0.29132947972067225,0.9328397673188789,0.20024853116485014,0.14201616720427948,0.04972381891743556
compound_proxy,000050_jung_051_v01,jung_051,val,docres_input_blend_0.85,19.449569978465156,0.6986037492752075,0.555559518809001,0.36813778248263984,0.9042834479111581,0.18939724540190736,0.13143383396444405,0.04875123656417323
compound_proxy,000050_jung_051_v01,jung_051,val,docres_classical040_blend_0.90,18.70052921802799,0.6999937295913696,0.6094106849855018,0.2960054625646969,0.9169751454257007,0.2037955551771117,0.14621767644387448,0.05055086230825648
compound_proxy,000050_jung_051_v01,jung_051,val,docres_input_blend_0.90,19.063993009618276,0.6985035538673401,0.5752006734955771,0.3501849567714375,0.9011105235325225,0.197071376873297,0.13911824394267236,0.05010871598726324
compound_proxy,000050_jung_051_v01,jung_051,val,docres_classical040_blend_0.95,18.46833286024558,0.6989811658859253,0.610560623223128,0.30633047204822417,0.9058699101004759,0.2075102179836512,0.15042515452195857,0.05121509308732378
compound_proxy,000050_jung_051_v01,jung_051,val,docres_input_blend_0.95,18.654037622051657,0.6982412934303284,0.5950258339884911,0.3291682935710331,0.8915917503966155,0.20371838811307902,0.14671892322153648,0.051242681156270564
compound_proxy,000050_jung_051_v01,jung_051,val,docres_appearance,17.238854805077196,0.7224599123001099,0.6868317974726775,0.045803055442987836,0.846641988365944,0.19170959638964577,0.134863411687904,0.019647018928691157
compound_proxy,000050_jung_051_v01,jung_051,val,docres_binarization,13.741062689797495,0.6194181442260742,0.8060431599129305,0.04478827359739891,0.05817028027498678,0.29317364185967304,0.23649593075479505,0.052665851216403436
compound_proxy,000050_jung_051_v01,jung_051,val,binary_input_blend_0.75,16.46933923923443,0.6436090469360352,0.781670861599737,0.050874403795359936,0.06768905341089371,0.29317364185967304,0.17692077639979692,0.056326721246216904
compound_proxy,000050_jung_051_v01,jung_051,val,binary_docres_blend_0.75,14.824464798080168,0.6445772051811218,0.8018863451821313,0.04922588326747682,0.06557377049180328,0.29317364185967304,0.21593419000774694,0.06277386108232852
compound_proxy,000050_jung_051_v01,jung_051,val,binary_input_blend_0.90,14.777899003468534,0.6295021772384644,0.7967293274992062,0.04848966611745244,0.06451612903225806,0.29317364185967304,0.21248761361663188,0.05592438634234496
compound_proxy,000050_jung_051_v01,jung_051,val,binary_docres_blend_0.90,14.16717571968216,0.6298768520355225,0.8041312800378801,0.04799682663705005,0.06398730830248546,0.29317364185967304,0.2283863558195757,0.057292182827870776
compound_proxy,000051_jung_052_v00,jung_052,val,input,19.699507145125924,0.5699775815010071,1.1437001345981913e-11,0.9999999999745844,1.0,0.0,0.0,0.0
compound_proxy,000051_jung_052_v00,jung_052,val,classical_shadow_0.25,19.03457725338837,0.5654241442680359,0.06886854695039096,0.9670307844844331,0.9899862756061607,0.043514721832755746,0.02245598855928192,0.002558804519862267
compound_proxy,000051_jung_052_v00,jung_052,val,classical_shadow_0.40,18.447216706825113,0.5622367858886719,0.0824678957096193,0.9551058499691757,0.9884105118690591,0.04504642734319198,0.03554987392697882,0.004998585469608062
compound_proxy,000051_jung_052_v00,jung_052,val,classical_shadow_0.55,17.778365217236516,0.5582776069641113,0.09812968513252085,0.9454292750494885,0.9854368932038835,0.04897754027671226,0.0489529429400924,0.008356902420069106
compound_proxy,000051_jung_052_v00,jung_052,val,classical_shadow_0.70,17.073754300786565,0.5539880990982056,0.11387616472295728,0.9393608502356322,0.9838865450109286,0.0541758154546176,0.06229504251106543,0.012491191449913338
compound_proxy,000051_jung_052_v00,jung_052,val,docres_deshadow,19.33744298025682,0.5686613917350769,0.07413435508550477,0.963925107801752,0.9826665988918822,0.051469537842914206,0.009339840060253695,0.004491966215462459
compound_proxy,000051_jung_052_v00,jung_052,val,docres_classical040_blend_0.70,19.136650566348827,0.567306399345398,0.07003673027983837,0.9664307431349641,0.9855893864687643,0.04687971217692653,0.017163131383078983,0.001975999934023497
compound_proxy,000051_jung_052_v00,jung_052,val,docres_input_blend_0.70,19.491527984168275,0.5691820383071899,0.07194438728491478,0.9676943833458002,0.9843694403497179,0.05267056427078649,0.006383947722100942,0.003637860718163308
compound_proxy,000051_jung_052_v00,jung_052,val,docres_classical040_blend_0.80,19.212338656431815,0.5676787495613098,0.07334567878884617,0.9632534169601102,0.9833528185838459,0.04929499219597365,0.014569258723832945,0.0028117012256482312
compound_proxy,000051_jung_052_v00,jung_052,val,docres_input_blend_0.80,19.4438398111993,0.5690256953239441,0.07442972057182798,0.9651740052147892,0.9833019874955523,0.05342186714637179,0.007304381925781716,0.004024005002997785
compound_proxy,000051_jung_052_v00,jung_052,val,docres_classical040_blend_0.85,19.246923398190752,0.5678901076316833,0.07336567091914864,0.9619223015613867,0.9823361968179739,0.04893256792148356,0.013331746073737126,0.003275733784657046
compound_proxy,000051_jung_052_v00,jung_052,val,docres_input_blend_0.85,19.420209930748975,0.5689384937286377,0.07513724887588473,0.9648112125052418,0.9832511564072587,0.05366524695113886,0.007810862976443742,0.004187837269211992
compound_proxy,000051_jung_052_v00,jung_052,val,docres_classical040_blend_0.90,19.273860603217084,0.5680974721908569,0.07359204824593482,0.95996025829707,0.9822599501855335,0.04856485278167244,0.012104151202556727,0.0036127520282019728
compound_proxy,000051_jung_052_v00,jung_052,val,docres_input_blend_0.90,19.391423061218504,0.5688490867614746,0.07318616332163862,0.9639518360390907,0.9827428455243227,0.05104626861723235,0.008346744639497644,0.004299205110330072
compound_proxy,000051_jung_052_v00,jung_052,val,docres_classical040_blend_0.95,19.328804162374954,0.5686081051826477,0.07482367877624956,0.963057070947287,0.9825649367152951,0.05147747414089574,0.01027834619999161,0.004350913469393865
compound_proxy,000051_jung_052_v00,jung_052,val,docres_input_blend_0.95,19.367386663038722,0.568712055683136,0.07350488688721704,0.9643204427914249,0.9829715854216439,0.051239385201449696,0.008861960805062291,0.0044415276998060835
compound_proxy,000051_jung_052_v00,jung_052,val,docres_appearance,15.232376774199599,0.5540107488632202,0.1881764796391227,0.8346728166227625,0.9106389467798506,0.04983730589137853,0.08171625296768271,0.05209240006819037
compound_proxy,000051_jung_052_v00,jung_052,val,docres_binarization,13.202826294790963,0.6016234159469604,0.6276506520564352,0.12933582389214915,0.139023026482997,0.16151424565487685,0.14044247195452356,0.030267563952026677
compound_proxy,000051_jung_052_v00,jung_052,val,binary_input_blend_0.75,15.046815371789544,0.5962865948677063,0.5690325603522679,0.19892982289518588,0.21354140192141513,0.16151424565487685,0.10527129949358127,0.008213692004653694
compound_proxy,000051_jung_052_v00,jung_052,val,binary_docres_blend_0.75,14.913758256794878,0.5955666303634644,0.5697953669174399,0.1997964641516627,0.21455802368728716,0.16151424565487685,0.10804657621361827,0.008284832742273263
compound_proxy,000051_jung_052_v00,jung_052,val,binary_input_blend_0.90,13.909778728276553,0.6012299656867981,0.5912842190821802,0.18512912685211594,0.19895287958115182,0.16151424565487685,0.12648409031610847,0.020807407307186755
compound_proxy,000051_jung_052_v00,jung_052,val,binary_docres_blend_0.90,13.863904672270312,0.6010532975196838,0.5917679319878393,0.18513264292369763,0.19900371066944544,0.16151424565487685,0.12755689106678897,0.02090103203651788
compound_proxy,000051_jung_052_v01,jung_052,val,input,10.15947456365334,0.4946879744529724,1.2688550210526728e-11,0.9999999999718032,1.0,0.0,0.0,0.0
compound_proxy,000051_jung_052_v01,jung_052,val,classical_shadow_0.25,12.869724968257888,0.5152308344841003,0.2750832808303194,0.8281878230703573,0.9757507401663612,0.1468029946297717,0.0840393889361782,0.028915085012895348
compound_proxy,000051_jung_052_v01,jung_052,val,classical_shadow_0.40,14.728046333796026,0.5171879529953003,0.3566238168577464,0.7729752789641652,0.9707035105033132,0.17575196423375042,0.13462090171906446,0.041437279117074254
compound_proxy,000051_jung_052_v01,jung_052,val,classical_shadow_0.55,16.50362783339172,0.5143769383430481,0.4349296155436466,0.7458794802314058,0.9646693923586634,0.21706833152562102,0.18485748120575715,0.049273429399758976
compound_proxy,000051_jung_052_v01,jung_052,val,classical_shadow_0.70,17.506175344332156,0.5068117380142212,0.4964325323670207,0.7295569241140716,0.9619906950514592,0.45696145604613636,0.23528514392450453,0.05103181774758511
compound_proxy,000051_jung_052_v01,jung_052,val,docres_deshadow,13.990429677058987,0.5245124101638794,0.36511978903557085,0.855321605118194,0.9610038065698576,0.2188619348694479,0.11492878858376508,0.05863510172634032
compound_proxy,000051_jung_052_v01,jung_052,val,docres_classical040_blend_0.70,14.326129424674354,0.5257523059844971,0.3203866617332419,0.8400322722399874,0.9688143239813901,0.16557763022142272,0.12095862180220363,0.057400175498220074
compound_proxy,000051_jung_052_v01,jung_052,val,docres_input_blend_0.70,12.913774046963946,0.5237053036689758,0.24496419205275768,0.8807005863600568,0.9698012124629917,0.1291685405148012,0.08062549439764798,0.049767862734871396
compound_proxy,000051_jung_052_v01,jung_052,val,docres_classical040_blend_0.80,14.223034335853221,0.5257827639579773,0.334094099049122,0.8463932806115021,0.9660792330466658,0.18247400862411048,0.11894571727794313,0.058197966315017
compound_proxy,000051_jung_052_v01,jung_052,val,docres_input_blend_0.80,13.292602999670839,0.5245615839958191,0.2818422236476385,0.8699067130761824,0.9649795573100239,0.15415994285865453,0.09197002257954578,0.05392048773574618
compound_proxy,000051_jung_052_v01,jung_052,val,docres_classical040_blend_0.85,14.168439185116599,0.5257458686828613,0.3406802908461026,0.848810703645966,0.9659664457916255,0.1903759159810587,0.11794991417905228,0.058482043056846116
compound_proxy,000051_jung_052_v01,jung_052,val,docres_input_blend_0.85,13.476156982086442,0.5246910452842712,0.3006072584253914,0.8656534954188031,0.9636543070633018,0.16774953043570276,0.0977192739480385,0.055523485581557695
compound_proxy,000051_jung_052_v01,jung_052,val,docres_classical040_blend_0.90,14.111976821554377,0.5255559682846069,0.35104510307201975,0.850240103484605,0.9635415198082616,0.20165339541281976,0.11687293260734363,0.058750968640557975
compound_proxy,000051_jung_052_v01,jung_052,val,docres_input_blend_0.90,13.65465820141842,0.524695873260498,0.32053564497102804,0.8616895080673963,0.9626674185817002,0.1827967514086929,0.1034631203345072,0.056856540098100976
compound_proxy,000051_jung_052_v01,jung_052,val,docres_classical040_blend_0.95,14.051581855673373,0.5252028107643127,0.3601218747219423,0.8491380385487828,0.9597067531368956,0.21074574746699823,0.11601422516574156,0.0584709242259994
compound_proxy,000051_jung_052_v01,jung_052,val,docres_input_blend_0.95,13.828438143003973,0.5246869325637817,0.34242927981065513,0.857746797834426,0.9611165938248978,0.19997354567339487,0.10924585976820822,0.057905748759114514
compound_proxy,000051_jung_052_v01,jung_052,val,docres_appearance,14.627315046856758,0.5082906484603882,0.38987798844473487,0.7206457280755404,0.9251656562808402,0.1712864739028068,0.2042134791537313,0.01866116752404788
compound_proxy,000051_jung_052_v01,jung_052,val,docres_binarization,14.169333614627844,0.6138602495193481,0.8975938825725546,0.0015773314930688299,0.0015790215705625264,0.6121531176423904,0.4307297192573492,0.1638394695740593
compound_proxy,000051_jung_052_v01,jung_052,val,binary_input_blend_0.75,19.187211658352066,0.6066242456436157,0.6341890609569639,0.0023657307009219103,0.0023685323558437898,0.007248485489801857,0.3230378177566627,0.13000859047096158
compound_proxy,000051_jung_052_v01,jung_052,val,binary_docres_blend_0.75,17.652673161824634,0.6011530756950378,0.8554125566716917,0.008391765931446827,0.008402650500493445,0.2227057485251713,0.3520075669748337,0.1441385046927858
compound_proxy,000051_jung_052_v01,jung_052,val,binary_input_blend_0.90,16.09903636457419,0.6144309043884277,0.6602063950507991,0.0023375672401966495,0.0023403355420837445,0.018689981746514643,0.38782617536313746,0.15428053093728836
compound_proxy,000051_jung_052_v01,jung_052,val,binary_docres_blend_0.90,15.507260109640058,0.612307608127594,0.8944146528072223,0.0023093387405004693,0.0023121387283236996,0.6121531176423904,0.3994835285507023,0.15908975873407907
compound_proxy,000057_jung_058_v00,jung_058,val,input,19.775520483940227,0.6029854416847229,1.3670764520412604e-11,0.9999999999696205,1.0,0.0,0.0,0.0
compound_proxy,000057_jung_058_v00,jung_058,val,classical_shadow_0.25,19.05332255120008,0.5978689193725586,0.11122849604879435,0.9650814370615871,0.9882431570313212,0.08281250822701831,0.029023433955122933,0.0018221015290684204
compound_proxy,000057_jung_058_v00,jung_058,val,classical_shadow_0.40,18.31294317032545,0.5940095782279968,0.11869535060054241,0.9578171091162886,0.9864203906795881,0.08029833142905282,0.04616572681209397,0.0015807125816364365
compound_proxy,000057_jung_058_v00,jung_058,val,classical_shadow_0.55,17.46043961737884,0.58939129114151,0.12943267866405533,0.9462422169327884,0.9833824467600328,0.07975863902739531,0.06361100107339673,6.439471176015982e-05
compound_proxy,000057_jung_058_v00,jung_058,val,classical_shadow_0.70,16.574951397331947,0.5846427083015442,0.14699714823052334,0.9303363667512287,0.9814077832123219,0.08189108217540793,0.08075687639356009,0.0024244675595737866
compound_proxy,000057_jung_058_v00,jung_058,val,docres_deshadow,19.060745130344714,0.6011766791343689,0.12061109449240422,0.9587680965260926,0.9797976729349577,0.08969950980134055,0.02293061388242686,0.005308304291391
compound_proxy,000057_jung_058_v00,jung_058,val,docres_classical040_blend_0.70,18.907606048304128,0.5994526147842407,0.11881920235768106,0.9604365620451855,0.9838077589087706,0.08620862138866804,0.029777506322737762,0.004826718933752303
compound_proxy,000057_jung_058_v00,jung_058,val,docres_input_blend_0.70,19.384830432044012,0.6017880439758301,0.1158413597316807,0.9667790943805994,0.9839900355439438,0.0917082185938512,0.016049879037665634,0.004606303323388266
compound_proxy,000057_jung_058_v00,jung_058,val,docres_classical040_blend_0.80,18.96437378803686,0.5999578833580017,0.12026243685704398,0.9598894731865618,0.981468542090713,0.08817784049325253,0.02763503847224766,0.004968073181408667
compound_proxy,000057_jung_058_v00,jung_058,val,docres_input_blend_0.80,19.28614181544416,0.601695716381073,0.11733686492604903,0.9630380350255443,0.9814989215299086,0.09034977332919131,0.018456891662906087,0.004952417821983708
compound_proxy,000057_jung_058_v00,jung_058,val,docres_classical040_blend_0.85,18.99532595621104,0.6004536747932434,0.11975024987108687,0.9592407473235975,0.9794938785430021,0.08778294361399093,0.026298026042132848,0.0051773868931028364
compound_proxy,000057_jung_058_v00,jung_058,val,docres_input_blend_0.85,19.233604128933774,0.6016131043434143,0.12001392227405683,0.9600154701764194,0.980314123401282,0.09110007739978833,0.01965091528837329,0.0051007338971798535
compound_proxy,000057_jung_058_v00,jung_058,val,docres_classical040_blend_0.90,19.011583592563454,0.6005515456199646,0.11880484023687116,0.9592867756029929,0.9806482972324331,0.0872485165040569,0.02542793142277569,0.005107000308417962
compound_proxy,000057_jung_058_v00,jung_058,val,docres_input_blend_0.90,19.178204910144355,0.6014764308929443,0.12112948654445473,0.959839357401165,0.9801926056444998,0.0916187086345519,0.02078316981505293,0.0052087013573431365
compound_proxy,000057_jung_058_v00,jung_058,val,docres_classical040_blend_0.95,19.055963877690537,0.6010977029800415,0.12150086474457608,0.9578021455244182,0.979159704711851,0.08979955034408682,0.023526004811237705,0.0055031299366373005
compound_proxy,000057_jung_058_v00,jung_058,val,docres_input_blend_0.95,19.121718020707032,0.601381778717041,0.11973587390187482,0.9588894503445531,0.9799799495701309,0.08926512323415278,0.021903345143072905,0.005349442109236273
compound_proxy,000057_jung_058_v00,jung_058,val,docres_appearance,14.865763530070861,0.5872636437416077,0.21611593788512384,0.8499340091306076,0.919494486131786,0.0823807543056923,0.10511633558822026,0.040264922421528085
compound_proxy,000057_jung_058_v00,jung_058,val,docres_binarization,12.841745405551954,0.6416520476341248,0.6559282251400279,0.12688779110439272,0.13655557918400826,0.18654665311731597,0.16048386172600598,0.020479222215477
compound_proxy,000057_jung_058_v00,jung_058,val,binary_input_blend_0.75,14.752599918843096,0.6359724998474121,0.5988223979528281,0.19292085515523372,0.20697511923929884,0.18654665311731597,0.12007237608058491,0.0017686320385554583
compound_proxy,000057_jung_058_v00,jung_058,val,binary_docres_blend_0.75,14.4857361703876,0.6348081231117249,0.6010999452560135,0.19350454454813532,0.20761308746240545,0.18654665311731597,0.12626160261232794,0.001876160234045666
compound_proxy,000057_jung_058_v00,jung_058,val,binary_input_blend_0.90,13.57355420587103,0.6413225531578064,0.6186286351313766,0.1842626662840571,0.19777014916304644,0.18654665311731597,0.1441097026627818,0.012260501294622554
compound_proxy,000057_jung_058_v00,jung_058,val,binary_docres_blend_0.90,13.475877406073597,0.6407763361930847,0.6196187414021358,0.18461407876345026,0.19822584075097974,0.18654665311731597,0.14674457853043227,0.012417653860332585
compound_proxy,000057_jung_058_v01,jung_058,val,input,17.75527515463621,0.7253071069717407,0.45,0.0,0.0,0.0,0.0,0.0
compound_proxy,000057_jung_058_v01,jung_058,val,classical_shadow_0.25,17.441299058360265,0.748300313949585,0.5876192987548821,0.0,0.0,0.12882325995271768,0.0150164158374607,0.00464912077863351
compound_proxy,000057_jung_058_v01,jung_058,val,classical_shadow_0.40,17.137575787415326,0.7596692442893982,0.6054204008145074,0.0,0.0,0.1404384934947321,0.024199817614424333,0.008836633790009311
compound_proxy,000057_jung_058_v01,jung_058,val,classical_shadow_0.55,16.76292911426238,0.769970178604126,0.6098907257160388,0.0,0.0,0.13842978470222142,0.03328253875435385,0.013579875853459546
compound_proxy,000057_jung_058_v01,jung_058,val,classical_shadow_0.70,16.342744686474234,0.7795918583869934,0.6174033965115157,0.0,0.0,0.13928012931556472,0.04219581041769973,0.018741571714784983
compound_proxy,000057_jung_058_v01,jung_058,val,docres_deshadow,17.741956476447275,0.7261497974395752,0.7033914210346686,0.0,0.0,0.28068743648741856,0.004661197577181098,0.0025449033396603604
compound_proxy,000057_jung_058_v01,jung_058,val,docres_classical040_blend_0.70,17.65180350939517,0.7375544309616089,0.6077262633837517,0.0,0.0,0.15600006318350068,0.0038406586446334515,0.00031656123732929167
compound_proxy,000057_jung_058_v01,jung_058,val,docres_input_blend_0.70,17.757147803783244,0.7258110642433167,0.7025625146594345,0.0,0.0,0.2732870689700563,0.0032897439447337464,0.0020776951359017704
compound_proxy,000057_jung_058_v01,jung_058,val,docres_classical040_blend_0.80,17.688647057188792,0.7339288592338562,0.600234981689857,0.0,0.0,0.1493842241329381,0.0010282701771915544,0.0007324158100704497
compound_proxy,000057_jung_058_v01,jung_058,val,docres_input_blend_0.80,17.756630928336982,0.7263013124465942,0.7029409121819977,0.0,0.0,0.27794948479120485,0.003868151726711029,0.0023227524855222097
compound_proxy,000057_jung_058_v01,jung_058,val,docres_classical040_blend_0.85,17.702779807471845,0.7322555780410767,0.605725074094972,0.0,0.0,0.15484169900433334,0.0003677341684292559,0.001227135705444872
compound_proxy,000057_jung_058_v01,jung_058,val,docres_input_blend_0.85,17.756256589209034,0.7258482575416565,0.7031822841286053,0.0,0.0,0.2801503767316228,0.004269511493460717,0.0024574658853684
compound_proxy,000057_jung_058_v01,jung_058,val,docres_classical040_blend_0.90,17.716087450682508,0.7297521829605103,0.6130958387998872,0.0,0.0,0.1613180078242235,0.0018835290628099782,0.0017073655842327964
compound_proxy,000057_jung_058_v01,jung_058,val,docres_input_blend_0.90,17.754984157519914,0.7255763411521912,0.7032933027659929,0.0,0.0,0.28426520221352863,0.004591943504865145,0.0024275422734113274
compound_proxy,000057_jung_058_v01,jung_058,val,docres_classical040_blend_0.95,17.725537549314833,0.7293848395347595,0.6616150502704577,0.0,0.0,0.20920057075762283,0.0029383528288501925,0.0020652306354914884
compound_proxy,000057_jung_058_v01,jung_058,val,docres_input_blend_0.95,17.74925951777901,0.7261835932731628,0.7033222276179726,0.0,0.0,0.2811613127425325,0.004687678897319832,0.0024119267650745007
compound_proxy,000057_jung_058_v01,jung_058,val,docres_appearance,15.514775772114305,0.7479909062385559,0.48022314102507024,0.0,0.0,0.0008213855088641186,0.05879095687178909,0.009808954612484077
compound_proxy,000057_jung_058_v01,jung_058,val,docres_binarization,13.475358129771703,0.6602646112442017,0.519318782112445,0.0,0.0,0.010880725346587827,0.09259993188157889,0.03566347335537598
compound_proxy,000057_jung_058_v01,jung_058,val,binary_input_blend_0.75,14.534073593765573,0.6782696843147278,0.7436991466383214,0.0,0.0,0.32748271667991763,0.06965394541213975,0.02639594745577576
compound_proxy,000057_jung_058_v01,jung_058,val,binary_docres_blend_0.75,14.550342472887852,0.6774747371673584,0.7435650929210775,0.0,0.0,0.40177335025247074,0.06839439471496865,0.02701222505848355
compound_proxy,000057_jung_058_v01,jung_058,val,binary_input_blend_0.90,13.888076534486892,0.667789101600647,0.7525750873793007,0.0,0.0,0.27265786660909946,0.08316721337945733,0.03218033671252972
compound_proxy,000057_jung_058_v01,jung_058,val,binary_docres_blend_0.90,13.897323027087742,0.6687809228897095,0.7524051364411017,0.0,0.0,0.3423334719860154,0.082747363147067,0.03217698530379155
jung,jung_020,jung_020,val,input,13.078237859780646,0.8793730139732361,1.011261074879144e-11,0.9999999999775275,1.0,0.0,0.0,0.0
jung,jung_020,jung_020,val,classical_shadow_0.25,16.2134966153234,0.908911406993866,0.10362490723904078,0.9575169822650871,0.9851457336119913,0.050420022935462924,0.06425910679565364,0.013973139341009291
jung,jung_020,jung_020,val,classical_shadow_0.40,18.47696174410971,0.9122549891471863,0.15250170794067758,0.9415686697390966,0.9806287781747904,0.07381488594442986,0.10288013985593417,0.01873444572744584
jung,jung_020,jung_020,val,classical_shadow_0.55,20.652700099098563,0.9090765714645386,0.1951249382213969,0.9264577243727153,0.9758421537562642,0.0931787722619064,0.14132070447035638,0.02053976689844971
jung,jung_020,jung_020,val,classical_shadow_0.70,21.480550440397312,0.9017121195793152,0.23124440844930588,0.9139004368093802,0.9732128811883413,0.10901253160534424,0.1799020352852859,0.019210432156780553
jung,jung_020,jung_020,val,docres_deshadow,22.691605108532066,0.9341093301773071,0.19007317152511036,0.9224049769702913,0.9729207397919054,0.09069524849054257,0.14393960328096872,0.011473868931352348
jung,jung_020,jung_020,val,docres_classical040_blend_0.70,21.603252296339846,0.9310651421546936,0.1770343810222863,0.9319774543852044,0.9772579159082226,0.08409784876411014,0.13150712486660945,0.01620589464145724
jung,jung_020,jung_020,val,docres_input_blend_0.70,19.14425128711399,0.9289066791534424,0.1377926800514841,0.9394533775716806,0.9794602125890469,0.06172886414192354,0.1007456192751083,0.01419931351128916
jung,jung_020,jung_020,val,docres_classical040_blend_0.80,22.008668761563772,0.9323495626449585,0.18105482045604435,0.9293568952777084,0.9762017123980314,0.08609779349793442,0.13567064556040578,0.014832286014860651
jung,jung_020,jung_020,val,docres_input_blend_0.80,20.314359723716407,0.9315190315246582,0.15647275115288797,0.9329454201714917,0.9764489089642464,0.07195656078588501,0.11500612127078609,0.013898634893099658
jung,jung_020,jung_020,val,docres_classical040_blend_0.85,22.20091210829123,0.9328640103340149,0.1834169661624248,0.927059074865355,0.9751005640576192,0.08705113502908382,0.13778651380692664,0.014046348833300094
jung,jung_020,jung_020,val,docres_input_blend_0.85,20.92342036550333,0.9324712157249451,0.16447579336916246,0.9315397652714694,0.9757522640958224,0.07665763985796593,0.1222738130166473,0.013502537794498075
jung,jung_020,jung_020,val,docres_classical040_blend_0.90,22.37386231195973,0.933370053768158,0.18492561647972416,0.9264718448063216,0.9746286433402997,0.08796302692844411,0.13979947589243358,0.013258548928585561
jung,jung_020,jung_020,val,docres_input_blend_0.90,21.53291986405251,0.9331175684928894,0.17376501559373744,0.9275814868481568,0.9746286433402997,0.08158669190488692,0.12949753564329697,0.012984964188670466
jung,jung_020,jung_020,val,docres_classical040_blend_0.95,22.559780117497027,0.9337794780731201,0.18862983217291424,0.9231359181737722,0.9737746915661026,0.08979026486314713,0.14215405879941828,0.012315178280328786
jung,jung_020,jung_020,val,docres_input_blend_0.95,22.13937911727619,0.9338067770004272,0.1818404103558749,0.9252210687999226,0.9734376053394458,0.08607706868203988,0.1368832504747067,0.012265870739862555
jung,jung_020,jung_020,val,docres_appearance,20.133151334759813,0.8988394737243652,0.3085212479185983,0.8106108472614677,0.8937504213577834,0.08556240242065849,0.25031455665013297,0.0628895446093338
jung,jung_020,jung_020,val,docres_binarization,11.696444572823964,0.4702300429344177,0.6838329413069937,0.07031383615379011,0.07391177329827636,0.1402137419345925,0.3743544761674099,0.04210070940267789
jung,jung_020,jung_020,val,binary_input_blend_0.75,15.403919712356826,0.6512060165405273,0.6780740925661668,0.10389049613316874,0.10813726151149464,0.1402137419345925,0.2809429899597072,0.057685123152500385
jung,jung_020,jung_020,val,binary_docres_blend_0.75,14.514682286150242,0.6699060201644897,0.6681031487737095,0.1276536071770872,0.132969280208544,0.1402137419345925,0.3169311722091327,0.05888921678134367
jung,jung_020,jung_020,val,binary_input_blend_0.90,13.063401695737602,0.5448288321495056,0.6813969439545775,0.0867635971979157,0.09051888806490034,0.1402137419345925,0.33685840778689585,0.05037803459841191
jung,jung_020,jung_020,val,binary_docres_blend_0.90,12.723868394468345,0.5532392263412476,0.6810331784567853,0.0878429344176237,0.09159756399020202,0.1402137419345925,0.35141727940329875,0.05058126168353924
jung,jung_029,jung_029,val,input,15.103501895349126,0.8986929059028625,6.134942553970291e-12,0.9999999999863668,1.0,0.0,0.0,0.0
jung,jung_029,jung_029,val,classical_shadow_0.25,18.120436829990222,0.9054194092750549,0.12071153965964065,0.9726343465649046,0.9884935241990457,0.08743223448399297,0.050988334555631586,0.0009490455126701684
jung,jung_029,jung_029,val,classical_shadow_0.40,20.284899977176252,0.9042116403579712,0.15208955806937036,0.9650090114015752,0.98546693933197,0.10339216157277227,0.08184372259122048,0.0003566043180312334
jung,jung_029,jung_029,val,classical_shadow_0.55,22.414605870900207,0.8993058204650879,0.18139648153829838,0.9561877214038481,0.9824812542603953,0.11454786094115763,0.11334697948265983,0.0029905057263474692
jung,jung_029,jung_029,val,classical_shadow_0.70,23.443423400471367,0.8913611769676208,0.20847531552212034,0.9490652724843016,0.980040899795501,0.12362643832454913,0.14402746850908155,0.007195437353123828
jung,jung_029,jung_029,val,docres_deshadow,24.306755935833557,0.9076146483421326,0.23682095156107336,0.9338564286810144,0.9703067484662576,0.1348834032772369,0.16736397233717917,0.008712253759035376
jung,jung_029,jung_029,val,docres_classical040_blend_0.70,24.59159604358471,0.9088202714920044,0.2130513601562991,0.9453515098551512,0.9756646216768916,0.12717779881589916,0.14161340410934167,0.007727298552468834
jung,jung_029,jung_029,val,docres_input_blend_0.70,23.36158418866461,0.9138086438179016,0.1962270959862688,0.948077559381271,0.9765780504430811,0.11909539218041289,0.11717420903636255,0.011494869854804777
jung,jung_029,jung_029,val,docres_classical040_blend_0.80,24.72621566247686,0.9086402058601379,0.2202056187106355,0.94093705131863,0.9738922972051807,0.12859551699613306,0.1502619467761388,0.008211660162384003
jung,jung_029,jung_029,val,docres_input_blend_0.80,24.41190502527339,0.912445068359375,0.21032355866598612,0.9432497722737945,0.9741513292433538,0.12457315378709735,0.1339103116624983,0.011081129561828279
jung,jung_029,jung_029,val,docres_classical040_blend_0.85,24.706027552722325,0.9084302186965942,0.22406326207359087,0.9396396277697247,0.9732924335378323,0.1300155901899554,0.15459351865166135,0.00841349486557835
jung,jung_029,jung_029,val,docres_input_blend_0.85,24.7049057216069,0.911427915096283,0.21720825235303703,0.940725317577609,0.9732242672119973,0.12720841399254873,0.14231540133633624,0.010666784559796447
jung,jung_029,jung_029,val,docres_classical040_blend_0.90,24.62380696373241,0.9082115888595581,0.2285935160624924,0.937224741984655,0.9719154737559645,0.13164290457955943,0.1588756167711323,0.008585831112624656
jung,jung_029,jung_029,val,docres_input_blend_0.90,24.787532612631715,0.9102213382720947,0.22415557530975855,0.9376388760937503,0.9722426721199727,0.12973769858652084,0.15070707205039396,0.01012090357544624
jung,jung_029,jung_029,val,docres_classical040_blend_0.95,24.518328973766348,0.9081172943115234,0.23331561643954368,0.9351188131687658,0.9710702113156101,0.13353633550465585,0.1630745875286053,0.008921519748983834
jung,jung_029,jung_029,val,docres_input_blend_0.95,24.645469281739896,0.9088647365570068,0.2309233543779754,0.9347372290441684,0.9706612133605999,0.1322646281669045,0.15907154466634207,0.00943643569068311
jung,jung_029,jung_029,val,docres_appearance,18.27160297560114,0.8265405893325806,0.32238612512809195,0.8250306963587212,0.8977368779822767,0.12574124052695784,0.21984899652870998,0.049948498918457776
jung,jung_029,jung_029,val,docres_binarization,11.432733736125192,0.5255126953125,0.6919012615144126,0.3832579235291428,0.47462849352419906,0.2120854587330969,0.22571889098623624,0.18665718662489247
jung,jung_029,jung_029,val,binary_input_blend_0.75,14.092782897365668,0.614967405796051,0.5716771463684043,0.5226523644635772,0.6031629175187457,0.2120854587330969,0.16924988568948743,0.12847549561353686
jung,jung_029,jung_029,val,binary_docres_blend_0.75,13.623528796497249,0.6174931526184082,0.5864893166948266,0.5303375831488423,0.6119018404907975,0.2120854587330969,0.2110152666757358,0.13108277284735745
jung,jung_029,jung_029,val,binary_input_blend_0.90,12.448333176626054,0.5597375631332397,0.6202031827395433,0.49096021564776265,0.5760599863667348,0.2120854587330969,0.20310576421437712,0.16301252560364787
jung,jung_029,jung_029,val,binary_docres_blend_0.90,12.249251988507247,0.5609515905380249,0.6243732075553329,0.4980339077920489,0.581908657123381,0.2120854587330969,0.2197477494151024,0.16417317927102848
jung,jung_003,jung_003,val,input,10.660806916345233,0.8433614373207092,1.1194595250785255e-11,0.9999999999751231,1.0,0.0,0.0,0.0
jung,jung_003,jung_003,val,classical_shadow_0.25,13.911230264288895,0.8964261412620544,0.10301375166868727,0.9605189900762383,0.9871137867555599,0.04017683637776914,0.08639988162644249,0.017517513624413943
jung,jung_003,jung_003,val,classical_shadow_0.40,16.54334146146435,0.9154521226882935,0.20385670029061062,0.9534189166176108,0.9847504850987612,0.11237206892084467,0.13878235268715594,0.025017004621380713
jung,jung_003,jung_003,val,classical_shadow_0.55,19.910858697375676,0.9257200360298157,0.28076196055896296,0.9435921981346513,0.9808448181501567,0.16126117372716672,0.1911091170501106,0.02945604862057519
jung,jung_003,jung_003,val,classical_shadow_0.70,23.215921945014777,0.9284040331840515,0.3935203159996292,0.9375401986484304,0.979078561122444,0.26330807099365205,0.243293223494865,0.03016019332246143
jung,jung_003,jung_003,val,docres_deshadow,24.90146317398998,0.9441502690315247,0.4090709381687542,0.89101120985701,0.9550475148017314,0.2701159476616142,0.2232347733756024,0.03455345542361288
jung,jung_003,jung_003,val,docres_classical040_blend_0.70,21.88868623769974,0.9409226775169373,0.3921183802870521,0.9082291812735049,0.9653465346534653,0.264263505635445,0.19778668119663986,0.03617806563578901
jung,jung_003,jung_003,val,docres_input_blend_0.70,18.411849996584138,0.9341360330581665,0.37382428479663926,0.911852460920666,0.9655455495298274,0.2591754113227102,0.15628726163350434,0.0360716459292286
jung,jung_003,jung_003,val,docres_classical040_blend_0.80,22.87013332675498,0.9425048828125,0.397148023952378,0.9044335896205755,0.9626847106821235,0.2662035237725094,0.2062183712712964,0.036092984621863985
jung,jung_003,jung_003,val,docres_input_blend_0.80,20.27054695950345,0.9391372203826904,0.38687239631834414,0.9036905374221504,0.9612418528284989,0.26370319989635965,0.17845381526104423,0.03691935342315678
jung,jung_003,jung_003,val,docres_classical040_blend_0.85,23.374623497754683,0.9429566264152527,0.39949693879452614,0.9027106534775581,0.961838897457585,0.2670909444228527,0.21046719452128565,0.035883091751521726
jung,jung_003,jung_003,val,docres_input_blend_0.85,21.32744328852933,0.9408969283103943,0.39203472682737606,0.9020588441283901,0.9602467784466889,0.2651023448633243,0.18971606857537676,0.03679129875833484
jung,jung_003,jung_003,val,docres_classical040_blend_0.90,23.884673919701136,0.9434558749198914,0.40308502796139545,0.8980522653550357,0.9600477635703268,0.26802370773416245,0.21472009480045423,0.03553418241829963
jung,jung_003,jung_003,val,docres_input_blend_0.90,22.46401336141372,0.9422945976257324,0.3981552234250934,0.8978120917872314,0.9575352007562565,0.26752493846353154,0.200807239076483,0.03641294849792396
jung,jung_003,jung_003,val,docres_classical040_blend_0.95,24.39860262736977,0.9437568783760071,0.40698028191579194,0.8922462809326686,0.9564157420767202,0.2690568726518979,0.21869256913803228,0.035023467800466494
jung,jung_003,jung_003,val,docres_input_blend_0.95,23.68594198907713,0.9434254169464111,0.403954341821489,0.893909809370202,0.9566645106721727,0.26880424925508484,0.21231772123281237,0.03547777924159157
jung,jung_003,jung_003,val,docres_appearance,18.031150707196844,0.9145926237106323,0.4554222723922754,0.794602499317677,0.8921339370117917,0.26929977976421815,0.3501506468632277,0.021655661808716645
jung,jung_003,jung_003,val,docres_binarization,12.930752761529039,0.5719447135925293,0.7552355826082153,0.10933792397270418,0.11692123986267973,0.3888910480632206,0.42022539239818224,0.007396080659887058
jung,jung_003,jung_003,val,binary_input_blend_0.75,17.060239434908,0.7106309533119202,0.7442319776810665,0.16026143790468778,0.16774466391362755,0.3888910480632206,0.3155182907467949,0.0272493745636268
jung,jung_003,jung_003,val,binary_docres_blend_0.75,15.551948931382816,0.7326381206512451,0.7371493194836175,0.176987785747422,0.1852828498930295,0.3888910480632206,0.37130462393533653,0.02798970511659558
jung,jung_003,jung_003,val,binary_input_blend_0.90,14.531350304672607,0.6290415525436401,0.74795264090363,0.1379196139164458,0.14503209114881338,0.3888910480632206,0.3784526848697764,0.016694111943384316
jung,jung_003,jung_003,val,binary_docres_blend_0.90,13.892643554027039,0.6384634375572205,0.7470970327941399,0.13931727192714763,0.14630081098562117,0.3888910480632206,0.40087082041003985,0.0163163419355938
jung,jung_046,jung_046,val,input,16.54947310964697,0.9305210113525391,9.594675054458436e-12,0.9999999999786785,1.0,0.0,0.0,0.0
jung,jung_046,jung_046,val,classical_shadow_0.25,20.256871391904635,0.9412156343460083,0.08105425440448064,0.9787615094292417,0.9904479648621565,0.04844705414321253,0.05232911360218105,0.0035303901059240486
jung,jung_046,jung_046,val,classical_shadow_0.40,22.964345760489998,0.9441129565238953,0.14741082846830694,0.972061293010662,0.9873776678535638,0.09895557513116664,0.08359885773928637,0.004072153493706114
jung,jung_046,jung_046,val,classical_shadow_0.55,25.061296221381163,0.9442313313484192,0.16998062395962707,0.9651155494935666,0.9839235837188972,0.10604154449849265,0.1154702555984872,0.003421624156407502
jung,jung_046,jung_046,val,classical_shadow_0.70,24.407458376815857,0.9422774910926819,0.18965823209257326,0.9590828556339951,0.9810451802733418,0.11159303854529673,0.1467855163237954,0.001563786755093588
jung,jung_046,jung_046,val,docres_deshadow,21.762653492170664,0.9389850497245789,0.22154537923183673,0.9346655473693277,0.9733267947378521,0.11698953508497738,0.1846507386973513,0.002158408306860505
jung,jung_046,jung_046,val,docres_classical040_blend_0.70,24.387999045730126,0.9432292580604553,0.20098253312436123,0.9469589086135645,0.9782947058698109,0.11267802109516072,0.15433628573192731,0.004502511020889337
jung,jung_046,jung_046,val,docres_input_blend_0.70,25.636480954243556,0.9450702667236328,0.18776884085138107,0.9501561498014487,0.9795313532760496,0.10964265324732694,0.12938650922972167,0.0065697522046956405
jung,jung_046,jung_046,val,docres_classical040_blend_0.80,23.55929863874641,0.9420727491378784,0.20866647985135323,0.9423239161105718,0.9764397347604529,0.11461548993420356,0.16440149966673004,0.0038935871670248874
jung,jung_046,jung_046,val,docres_input_blend_0.80,24.915500722123156,0.9436741471290588,0.20042010108163422,0.9434148751967834,0.9768661649005351,0.11249719067018339,0.1477771761915927,0.005581222955610427
jung,jung_046,jung_046,val,docres_classical040_blend_0.85,23.11434567781368,0.941293478012085,0.21243594258195475,0.9401286186653217,0.9756081959872924,0.11559972410443732,0.169480919933505,0.003502881505850297
jung,jung_046,jung_046,val,docres_input_blend_0.85,24.22480734905531,0.9426711201667786,0.20607129295681226,0.9415623136359763,0.9763331272254323,0.1140368325742761,0.1570240032887837,0.004879833672020033
jung,jung_046,jung_046,val,docres_classical040_blend_0.90,22.664960894962086,0.9405773282051086,0.2158286629897101,0.9384864842483018,0.9749045862561566,0.11648579318682624,0.17452475155697786,0.0030864784863809114
jung,jung_046,jung_046,val,docres_input_blend_0.90,23.433143995494873,0.9415417313575745,0.21230504742944772,0.9381950999109822,0.9748619432421484,0.11555580814408568,0.1661826033735866,0.004106654826448903
jung,jung_046,jung_046,val,docres_classical040_blend_0.95,22.20855771084225,0.9397973418235779,0.21978033162523808,0.9358858735562867,0.9735400098078932,0.11751394331741165,0.17966622147938227,0.0025809046940042557
jung,jung_046,jung_046,val,docres_input_blend_0.95,22.59086271344143,0.9403011798858643,0.2162348841972353,0.9363947459901151,0.9743289055670454,0.11552222535087561,0.17551778918039398,0.0031386314495897936
jung,jung_046,jung_046,val,docres_appearance,18.165520861535967,0.9065423011779785,0.29012365235283955,0.8487182525408081,0.9162704419948402,0.11363642234754058,0.20996974357485948,0.040704243697864705
jung,jung_046,jung_046,val,docres_binarization,12.939647670181518,0.6931515336036682,0.6654516547288141,0.3314917127013682,0.40297648237777445,0.1977199866702144,0.2307036587972001,0.12436912542555892
jung,jung_046,jung_046,val,binary_input_blend_0.75,16.00318992095923,0.7694639563560486,0.5603294166529974,0.45660778967742244,0.5214174537856335,0.1977199866702144,0.1728424511629954,0.08157659145404152
jung,jung_046,jung_046,val,binary_docres_blend_0.75,14.833155112407423,0.7715908885002136,0.5734131189649145,0.4730688779233328,0.5400737724142343,0.1977199866702144,0.2190719873765167,0.084908887349322
jung,jung_046,jung_046,val,binary_input_blend_0.90,14.084570177945913,0.723198413848877,0.6015514882866575,0.42967739550590006,0.4958316453806955,0.1977199866702144,0.20771009266267632,0.10683715421504618
jung,jung_046,jung_046,val,binary_docres_blend_0.90,13.655602653581301,0.7242951989173889,0.6077724665164194,0.4346013452086457,0.5000959467815185,0.1977199866702144,0.22653370919722285,0.1083493358520107
jung,jung_048,jung_048,val,input,17.20940320055164,0.9345038533210754,1.2024031770252464e-11,0.9999999999732799,1.0,0.0,0.0,0.0
jung,jung_048,jung_048,val,classical_shadow_0.25,20.703520212188074,0.9395012855529785,0.12081851890050826,0.9712260435554941,0.9884836339345358,0.08870963465016254,0.0447760200713169,0.0020836597029855433
jung,jung_048,jung_048,val,classical_shadow_0.40,22.973713293539852,0.9391112923622131,0.17988877972267275,0.963543708324486,0.9851703406813628,0.13445924087420913,0.07181329524050774,0.0004981491637987094
jung,jung_048,jung_048,val,classical_shadow_0.55,24.30174762680199,0.9351047873497009,0.24660936688159468,0.9540504096837971,0.9830861723446894,0.1843428316866339,0.09892271717314463,0.003366887805685973
jung,jung_048,jung_048,val,classical_shadow_0.70,23.449768919508465,0.9293593168258667,0.2663354596105232,0.9446277582763295,0.9791315965263861,0.185780047624351,0.125701873725694,0.008928589533738152
jung,jung_048,jung_048,val,docres_deshadow,24.687582372335683,0.9501611590385437,0.2553991735407279,0.9420847426749442,0.9749098196392786,0.18819573714328142,0.08299285114795815,0.013240716903313543
jung,jung_048,jung_048,val,docres_classical040_blend_0.70,24.864044706647974,0.9483519792556763,0.24566491653047978,0.9517296862182615,0.9799064796259185,0.18486786629118737,0.07957873278130347,0.012073193208314468
jung,jung_048,jung_048,val,docres_input_blend_0.70,23.040040614866175,0.9493050575256348,0.23930345017472776,0.9563405230552167,0.9809485637942552,0.18615128421342922,0.05805933317381595,0.01713611344436612
jung,jung_048,jung_048,val,docres_classical040_blend_0.80,24.881466389807603,0.9490119218826294,0.24926897373355256,0.9478591964942146,0.9777955911823647,0.1859073287406064,0.08063096493748412,0.012743162400581763
jung,jung_048,jung_048,val,docres_input_blend_0.80,23.830676685320974,0.9499391317367554,0.2422839904706507,0.9535500649947061,0.9796659986639946,0.18484930446173345,0.06637632221838506,0.016636143948634902
jung,jung_048,jung_048,val,docres_classical040_blend_0.85,24.867484831711582,0.9492915868759155,0.2510714060945165,0.945831931443727,0.9765130260521042,0.18641645320562794,0.08133658482511694,0.012907813514198207
jung,jung_048,jung_048,val,docres_input_blend_0.85,24.166845585827787,0.9500883221626282,0.2458942927828942,0.9489573606974542,0.9776352705410821,0.18501901261674064,0.0706303191729972,0.01608994135134844
jung,jung_048,jung_048,val,docres_classical040_blend_0.90,24.82373685466316,0.9496034979820251,0.25294466140637883,0.943931756470365,0.9757114228456913,0.18710589258534463,0.08183568486235498,0.013122975479594099
jung,jung_048,jung_048,val,docres_input_blend_0.90,24.436442698382915,0.9501358270645142,0.24860520685847418,0.9472116455319706,0.9771275885103541,0.1857137553763013,0.07485012492579164,0.015327736668738327
jung,jung_048,jung_048,val,docres_classical040_blend_0.95,24.76447900550923,0.9498815536499023,0.2546321769855352,0.9422138448980811,0.9750434201736807,0.18776351168599748,0.08224398271763697,0.013278837361032374
jung,jung_048,jung_048,val,docres_input_blend_0.95,24.628042017138426,0.9501751661300659,0.2523826543028452,0.9441470793332778,0.9756312625250501,0.1869653530194793,0.07902670293346577,0.014454676349924298
jung,jung_048,jung_048,val,docres_appearance,17.97807373563459,0.9081689715385437,0.3660047264705612,0.8278969536480582,0.9033533734134936,0.18731272439925964,0.18935418247931757,0.042506597035334576
jung,jung_048,jung_048,val,docres_binarization,13.611347082572463,0.7316694259643555,0.7109257950978802,0.28844547772637413,0.3414562458249833,0.2713765983061005,0.22418942258568053,0.08508415173412716
jung,jung_048,jung_048,val,binary_input_blend_0.75,16.777843849301817,0.806693971157074,0.6203687690243003,0.39385581128985503,0.44259185036740145,0.2713765983061005,0.16804429757201914,0.05064360845987903
jung,jung_048,jung_048,val,binary_docres_blend_0.75,16.131566528470948,0.8068462014198303,0.6285295566271962,0.3965148345284206,0.4456646626586506,0.2713765983061005,0.18901654436136855,0.05225769070073006
jung,jung_048,jung_048,val,binary_input_blend_0.90,14.786674727256413,0.761957049369812,0.6570454743604863,0.3691665880934957,0.4185170340681363,0.2713765983061005,0.2017539940949465,0.07078140227430134
jung,jung_048,jung_048,val,binary_docres_blend_0.90,14.537387976693745,0.7617637515068054,0.6607939807762501,0.3698245779409171,0.41910487641950567,0.2713765983061005,0.21052036659041234,0.0716781570224963
jung,jung_052,jung_052,val,input,15.901095470950338,0.9278212785720825,1.0114659110271873e-11,0.999999999977523,1.0,0.0,0.0,0.0
jung,jung_052,jung_052,val,classical_shadow_0.25,19.179311401335458,0.9384102821350098,0.2451902609468674,0.9703514151249619,0.9886940885592268,0.20681992539879898,0.0520052120210535,0.007043979243133176
jung,jung_052,jung_052,val,classical_shadow_0.40,21.432519445205067,0.9403740167617798,0.27892398561409515,0.9579729139152912,0.9857496066531805,0.22079045527896088,0.08335761425545855,0.009797159824719815
jung,jung_052,jung_052,val,classical_shadow_0.55,23.218625302716845,0.9393656253814697,0.3075587206768342,0.9468375845708217,0.9811867835468645,0.2304674479511124,0.11549108307644115,0.011619587586691814
jung,jung_052,jung_052,val,classical_shadow_0.70,23.18376081907136,0.9359951615333557,0.33052378539942384,0.9392488080396253,0.978579456057541,0.23732176397449803,0.1468466183330559,0.011875562849224676
jung,jung_052,jung_052,val,docres_deshadow,24.4467316228633,0.9451698660850525,0.34049715307637235,0.9331157885436073,0.9705327039784221,0.245847993439327,0.13258930280400302,0.01919257226677908
jung,jung_052,jung_052,val,docres_classical040_blend_0.70,24.357165871484035,0.9454631805419922,0.3219256481766392,0.945651937407357,0.9769611148572713,0.23922383005740588,0.11777021149456057,0.01856184225786626
jung,jung_052,jung_052,val,docres_input_blend_0.70,22.87338684592293,0.9459404349327087,0.3090443355193387,0.9489270760435073,0.9780624859518993,0.23789582286182906,0.09287919035236648,0.018356701226902177
jung,jung_052,jung_052,val,docres_classical040_blend_0.80,24.50001974667769,0.945530891418457,0.3279606209846694,0.9420044311016551,0.9747808496291301,0.24140102113700695,0.122720760058739,0.018955483033185953
jung,jung_052,jung_052,val,docres_input_blend_0.80,23.81501458267733,0.946155846118927,0.3194488041797501,0.9438463713067605,0.9754776354236907,0.24024496706436338,0.10610918582400818,0.019151716456376068
jung,jung_052,jung_052,val,docres_classical040_blend_0.85,24.530113506392205,0.9454489350318909,0.33058448617012526,0.9387042937135335,0.9734547089233536,0.24146186608819872,0.12519843079159135,0.01910029989396673
jung,jung_052,jung_052,val,docres_input_blend_0.85,24.16438869149756,0.9460216760635376,0.32378800298591365,0.9405979287231464,0.9737693863789616,0.24035078437078383,0.1127289712742323,0.019357830051421342
jung,jung_052,jung_052,val,docres_classical040_blend_0.90,24.52511916493615,0.9453656077384949,0.3348067359026216,0.9364756316509737,0.9721959991009216,0.24365757519642336,0.12760801534973404,0.01919998134873807
jung,jung_052,jung_052,val,docres_input_blend_0.90,24.396561600965665,0.9457984566688538,0.3305006590472771,0.9377803783685981,0.9726230613621039,0.24309938890505542,0.11940301402961127,0.019402057993743917
jung,jung_052,jung_052,val,docres_classical040_blend_0.95,24.53167930856306,0.9452921748161316,0.3369979628527497,0.9346711934577197,0.971499213306361,0.24396973625036375,0.13018073492194163,0.019263282815971845
jung,jung_052,jung_052,val,docres_input_blend_0.95,24.500814903159185,0.9455711245536804,0.3345848770220433,0.934635433544554,0.9712519667340975,0.24319991534615487,0.12580321819476717,0.01941603248838481
jung,jung_052,jung_052,val,docres_appearance,18.51757986243682,0.9065824747085571,0.41392210327490936,0.8368659793641883,0.912294897729827,0.23862596227613025,0.20381971428289847,0.03392990999917406
jung,jung_052,jung_052,val,docres_binarization,13.876322781265111,0.6500006318092346,0.752000079070865,0.11522745277664956,0.12423016408181614,0.3728366974418666,0.2768272340549141,0.006420721367262096
jung,jung_052,jung_052,val,binary_input_blend_0.75,17.598194339514258,0.7734719514846802,0.7226476300554636,0.16545115332077995,0.17541020454034614,0.3728366974418666,0.20755676657584013,0.02346323736579744
jung,jung_052,jung_052,val,binary_docres_blend_0.75,16.241166413268935,0.783482551574707,0.7268340884933581,0.18715308672964803,0.19856147448864914,0.3728366974418666,0.2405166685599666,0.024743850162855054
jung,jung_052,jung_052,val,binary_input_blend_0.90,15.235663853358897,0.7010359168052673,0.7428179270693215,0.14553137544590045,0.1548213081591369,0.3728366974418666,0.2490455642059475,0.014481367229329481
jung,jung_052,jung_052,val,binary_docres_blend_0.90,14.75672700472142,0.7054954767227173,0.7430310597560672,0.1461388900598897,0.15542818610923803,0.3728366974418666,0.2623109254812742,0.014655933805029338
jung,jung_053,jung_053,val,input,14.852939528754662,0.9256476759910583,9.917117127500319e-12,0.999999999977962,1.0,0.0,0.0,0.0
jung,jung_053,jung_053,val,classical_shadow_0.25,18.099665356445716,0.9375813007354736,0.2856475058424531,0.9719652490202577,0.9886944640338505,0.42459109003245005,0.0549189109541632,0.0017738391998395788
jung,jung_053,jung_053,val,classical_shadow_0.40,20.431264141502044,0.9389850497245789,0.30198939609164094,0.9633566433359149,0.9866889985895627,0.42357423440230174,0.08817402105685077,0.00038379528343722647
jung,jung_053,jung_053,val,classical_shadow_0.55,22.560799087810626,0.9360558986663818,0.3207209218208711,0.9551865088502325,0.9836257052186178,0.42497470998594267,0.12172672256101098,0.0031069362984521886
jung,jung_053,jung_053,val,classical_shadow_0.70,23.04513679204183,0.9298233389854431,0.34078338592915436,0.9470473193965595,0.9818185825105783,0.42805417974959603,0.15455363736992098,0.008555374516062916
jung,jung_053,jung_053,val,docres_deshadow,24.11245518069913,0.9475502967834473,0.3475767342963595,0.9369489657312448,0.9742815585331452,0.43507757793922514,0.1487223255633033,0.016191397750163875
jung,jung_053,jung_053,val,docres_classical040_blend_0.70,23.834148082908936,0.9467381834983826,0.33383389807031255,0.9475804732264426,0.9796147743300423,0.43126765374357895,0.13046229398652792,0.01343365571266754
jung,jung_053,jung_053,val,docres_input_blend_0.70,22.11457434630121,0.9485201239585876,0.3245576374737549,0.9508010866339216,0.9795706981664316,0.4327653480825571,0.10414482142686941,0.017933663147119795
jung,jung_053,jung_053,val,docres_classical040_blend_0.80,24.059219113178226,0.9471439719200134,0.338641286076807,0.9438477081581655,0.977939880112835,0.43188512421666647,0.13664053300813736,0.014527569241210906
jung,jung_053,jung_053,val,docres_input_blend_0.80,23.202962599984446,0.9488100409507751,0.3326821057762432,0.9460733095731907,0.9777856135401974,0.4314410709828291,0.11899063541756016,0.018031401528591614
jung,jung_053,jung_053,val,docres_classical040_blend_0.85,24.117768283068845,0.9472394585609436,0.34105503351556826,0.9418528042645133,0.9766616713681241,0.43428669022688754,0.13966248553890337,0.015039668698396473
jung,jung_053,jung_053,val,docres_input_blend_0.85,23.64065584067784,0.9486802220344543,0.3369826763936055,0.9428759866190908,0.9766837094499294,0.4316355084935034,0.12649169866719623,0.017800318175529746
jung,jung_053,jung_053,val,docres_classical040_blend_0.90,24.145226008505585,0.9473139047622681,0.3436531776931749,0.9393598505552625,0.9753393864598026,0.43461513196789153,0.14265076441917207,0.01550800779229026
jung,jung_053,jung_053,val,docres_input_blend_0.90,23.95794031396101,0.9484124183654785,0.3409865567329992,0.9400917742832238,0.9752291960507757,0.43395562095195556,0.13395860397576798,0.017407355950237822
jung,jung_053,jung_053,val,docres_classical040_blend_0.95,24.12718322819551,0.9473910927772522,0.3463703157042157,0.9365264384669593,0.9738628349788434,0.43483058974999017,0.14577203773241762,0.015830663202300598
jung,jung_053,jung_053,val,docres_input_blend_0.95,24.13211538239176,0.947996973991394,0.34450049293020846,0.9381471736348211,0.9743697108603667,0.4346781927821643,0.1413176155284164,0.016899458090852335
jung,jung_053,jung_053,val,docres_appearance,17.694904846322967,0.8901000022888184,0.4456117979960328,0.8370655588035857,0.9102829689703809,0.4298277651510175,0.22960634132129407,0.05074793821521444
jung,jung_053,jung_053,val,docres_binarization,12.988107153750597,0.6774830222129822,0.7252437228542258,0.2895113739878818,0.34302274330042315,0.53382293048859,0.27134864361289,0.09253973524795442
jung,jung_053,jung_053,val,binary_input_blend_0.75,16.321367949353508,0.7657925486564636,0.6343752811965212,0.3978216580395349,0.447549365303244,0.53382293048859,0.20348051387350788,0.053338036274848
jung,jung_053,jung_053,val,binary_docres_blend_0.75,15.312686089569958,0.7711483836174011,0.6419317200498318,0.41687704259541525,0.4694552186177715,0.53382293048859,0.24080725055107371,0.05533914832889875
jung,jung_053,jung_053,val,binary_input_blend_0.90,14.239896554140074,0.7128361463546753,0.6773449789006067,0.368945399562558,0.41949488716502115,0.53382293048859,0.24413228654442448,0.07619582347664666
jung,jung_053,jung_053,val,binary_docres_blend_0.90,13.855163753067846,0.7155521512031555,0.6785861080015732,0.3728375885763938,0.4231972849083216,0.53382293048859,0.25921298146017213,0.07727170476825071
jung,jung_058,jung_058,val,input,15.455179040072771,0.9243389368057251,1.2653977865539901e-11,0.99999999997188,1.0,0.0,0.0,0.0
jung,jung_058,jung_058,val,classical_shadow_0.25,19.075376877473108,0.9369794130325317,0.17242401872298768,0.9628531422188492,0.9861650075923739,0.12640385840577498,0.06168393527490453,0.007717500342888373
jung,jung_058,jung_058,val,classical_shadow_0.40,21.503042117658886,0.9400031566619873,0.1972921593193306,0.9554147087488959,0.9834092570721557,0.13111892714415843,0.09895461246265638,0.010880010211854592
jung,jung_058,jung_058,val,classical_shadow_0.55,22.963067241308586,0.9394253492355347,0.21984702519246802,0.9466634061257835,0.9797255497441089,0.13358045102488902,0.13673365872836185,0.012619405721394706
jung,jung_058,jung_058,val,classical_shadow_0.70,22.000615430923904,0.9360281229019165,0.2410964483634435,0.9374628558826121,0.9758450030931893,0.13577607767358352,0.17380175639807788,0.012763255463007135
jung,jung_058,jung_058,val,docres_deshadow,22.37983299145112,0.9387173652648926,0.25696054119127276,0.9294044931492689,0.9725268545076204,0.14916308188055158,0.1854443281606488,0.0030862499393877114
jung,jung_058,jung_058,val,docres_classical040_blend_0.70,23.919518842285015,0.9421310424804688,0.24246824557795008,0.9361937380077077,0.9761824419323998,0.1451272357744981,0.15982607192822107,0.007829605226053346
jung,jung_058,jung_058,val,docres_input_blend_0.70,23.864509401683392,0.9443133473396301,0.2282612758483223,0.9435201519624502,0.9775603171925089,0.14646725251812576,0.13010401635420252,0.0072274752860301715
jung,jung_058,jung_058,val,docres_classical040_blend_0.80,23.535086966859183,0.9413259625434875,0.24705204270301534,0.937576068997983,0.9747764467690231,0.1477256572400394,0.1684537892704298,0.006423501339827217
jung,jung_058,jung_058,val,docres_input_blend_0.80,24.137076490377453,0.9432073831558228,0.23891356212821935,0.9386866446438392,0.9759574827062595,0.14809422766068353,0.14858157686814868,0.006326156350006664
jung,jung_058,jung_058,val,docres_classical040_blend_0.85,23.284402484313755,0.9407913088798523,0.25004590689724837,0.9344235751043172,0.9736797705415894,0.14805210532689564,0.1727510106520981,0.00564001017742702
jung,jung_058,jung_058,val,docres_input_blend_0.85,23.941924516225953,0.9423168897628784,0.2445826692214419,0.9350684413473618,0.9739047297677296,0.14883663379369533,0.15780336365418682,0.005675814287307692
jung,jung_058,jung_058,val,docres_classical040_blend_0.90,23.006471076433996,0.9400920867919922,0.2530725470474935,0.931149570669094,0.9728080535402959,0.14838645135133713,0.1770500181033118,0.0048056587598732615
jung,jung_058,jung_058,val,docres_input_blend_0.90,23.551863367133237,0.9412746429443359,0.24911051482377222,0.9336605360839852,0.9735672909285192,0.14949742790499307,0.16703083902010643,0.004913320914216563
jung,jung_058,jung_058,val,docres_classical040_blend_0.95,22.69137128805316,0.9392654299736023,0.2551859291361774,0.9298255047742902,0.9724706147010854,0.14877081764715175,0.1812443185179381,0.0038981020504682733
jung,jung_058,jung_058,val,docres_input_blend_0.95,23.00516338566109,0.9400152564048767,0.2526694842294929,0.9302607151255076,0.9722456554749451,0.1483443290175492,0.17621479829854675,0.004094262831672333
jung,jung_058,jung_058,val,docres_appearance,17.140690341294487,0.9106720089912415,0.33419743907323174,0.8425808455883131,0.9151060120353186,0.14345550565229068,0.24597327523754983,0.03585667306777002
jung,jung_058,jung_058,val,docres_binarization,13.225976180538698,0.7088192701339722,0.7142405536380426,0.20391145389382703,0.22898037230751928,0.23782532921236502,0.2958474192792064,0.030292297796499668
jung,jung_058,jung_058,val,binary_input_blend_0.75,16.823899686903342,0.803188145160675,0.6543939993467178,0.2800371593651931,0.3051571902592655,0.23782532921236502,0.22186613708156028,0.006398228360109354
jung,jung_058,jung_058,val,binary_docres_blend_0.75,15.183948415708276,0.8123443722724915,0.6524636078332513,0.311450893424659,0.3396603115685282,0.23782532921236502,0.2681152103644066,0.007985301103304702
jung,jung_058,jung_058,val,binary_input_blend_0.90,14.547132033942955,0.7475501298904419,0.6847322244528633,0.2555566962615996,0.2799898768348237,0.23782532921236502,0.26614167578542924,0.019845680930363502
jung,jung_058,jung_058,val,binary_docres_blend_0.90,13.963286561406587,0.7520402073860168,0.683861179587024,0.2585656960526143,0.2826612676452393,0.23782532921236502,0.28474676992419934,0.02065068933055908
jung,jung_061,jung_061,val,input,14.28214407443541,0.9052327871322632,1.066277066641419e-11,0.999999999976305,1.0,0.0,0.0,0.0
jung,jung_061,jung_061,val,classical_shadow_0.25,17.921202887876312,0.9261742830276489,0.09796208244082366,0.9734771543747874,0.98796294102315,0.05375597696515673,0.06628528628368122,0.009594517384747965
jung,jung_061,jung_061,val,classical_shadow_0.40,20.72356659030012,0.9324455857276917,0.15740032976276452,0.9667759410158616,0.9852854062507405,0.09190710241000846,0.10612834941298645,0.013485101741165328
jung,jung_061,jung_061,val,classical_shadow_0.55,23.404161818760677,0.9343828558921814,0.26119546680364947,0.9592384389164356,0.9825130914863872,0.17446998235276842,0.14678760027436935,0.016112903089215536
jung,jung_061,jung_061,val,classical_shadow_0.70,23.530317492567786,0.9326379895210266,0.2854632223574122,0.9515088689022919,0.9787218918086392,0.17880036202187616,0.18670269505697962,0.016934622197959357
jung,jung_061,jung_061,val,docres_deshadow,22.423256049870343,0.9287936687469482,0.3121998195429636,0.9257031744386881,0.9701206075397484,0.18883872672954882,0.19757730747459798,0.018160997201642014
jung,jung_061,jung_061,val,docres_classical040_blend_0.70,23.741402632496545,0.9334319233894348,0.2924878488279582,0.938763404039727,0.974954387128877,0.18487677640343547,0.17046796441950413,0.019779030790997052
jung,jung_061,jung_061,val,docres_input_blend_0.70,22.804771983194655,0.9343700408935547,0.2751787439247854,0.9418421232896271,0.9762102220221311,0.18144878164687916,0.13859108912959117,0.020204136844003375
jung,jung_061,jung_061,val,docres_classical040_blend_0.80,23.466196232616788,0.9320807456970215,0.2991336535086318,0.9351107670377471,0.9731772622799327,0.18638787066528195,0.1795323104105684,0.01955450641018111
jung,jung_061,jung_061,val,docres_input_blend_0.80,23.512595434977477,0.9333889484405518,0.288514418958879,0.937337588307788,0.974362012179229,0.18479401329015413,0.15838359713617645,0.020281469254598256
jung,jung_061,jung_061,val,docres_classical040_blend_0.85,23.252767643244464,0.9312625527381897,0.3026190916693638,0.9324490073835359,0.9727270573182001,0.18700725912596813,0.1841283382103893,0.01927091763638513
jung,jung_061,jung_061,val,docres_input_blend_0.85,23.54846678380151,0.9325911998748779,0.2935003970824449,0.9336971350401615,0.9730113972940312,0.18438019772374742,0.16815125683980073,0.020039012318083055
jung,jung_061,jung_061,val,docres_classical040_blend_0.90,23.00493658011963,0.9304565191268921,0.30417548244331477,0.9298118340301561,0.971826647394735,0.18574979375966125,0.18866933717739462,0.018955465210443157
jung,jung_061,jung_061,val,docres_input_blend_0.90,23.358236325003432,0.9314084649085999,0.3003995320053834,0.9297449396176422,0.9708314574793261,0.18583522665079039,0.17801786583926588,0.019570636411376015
jung,jung_061,jung_061,val,docres_classical040_blend_0.95,22.720915229756994,0.9295343160629272,0.30948445184719225,0.9271788601107901,0.9702390825296779,0.1884275809409899,0.19293417641776844,0.018522812314917498
jung,jung_061,jung_061,val,docres_input_blend_0.95,22.97328968932326,0.9303596019744873,0.3063650320924713,0.9277255745289771,0.970855152477312,0.18734899069048463,0.1877252513818325,0.019004082312155546
jung,jung_061,jung_061,val,docres_appearance,17.13219898725952,0.8962484002113342,0.3728821979067236,0.8427061956764899,0.9146506172546975,0.18606749732354771,0.26673126482086595,0.026720814395993834
jung,jung_061,jung_061,val,docres_binarization,13.096006226524555,0.6895912885665894,0.7210885086173889,0.2778879624326502,0.3253560173447385,0.283882818110705,0.30153127464146057,0.07689681952013586
jung,jung_061,jung_061,val,binary_input_blend_0.75,16.673408419722055,0.7728729248046875,0.6493222093308323,0.36997290660464877,0.41416486979598605,0.283882818110705,0.22609355016745522,0.04228766205990366
jung,jung_061,jung_061,val,binary_docres_blend_0.75,15.122154591035287,0.7790801525115967,0.6484332925336842,0.39517664479807113,0.4426225623770822,0.283882818110705,0.27533345656190306,0.04377130448802711
jung,jung_061,jung_061,val,binary_input_blend_0.90,14.430062573065019,0.7229968905448914,0.6796054027146312,0.35069102195015645,0.3962277563206407,0.283882818110705,0.2713035054235489,0.062360604320335924
jung,jung_061,jung_061,val,binary_docres_blend_0.90,13.860556824013347,0.7258713245391846,0.6777095528152056,0.35604802253198947,0.4012510958936569,0.283882818110705,0.29072946863620885,0.06321860492433475
jung,jung_063,jung_063,val,input,15.804097075359596,0.8850405812263489,7.027628479150394e-12,0.999999999984383,1.0,0.0,0.0,0.0
jung,jung_063,jung_063,val,classical_shadow_0.25,19.51770591898817,0.9130368232727051,0.13170042712092808,0.9538393859264914,0.9819780425717989,0.0688530796589473,0.05677852642307346,0.03227276759945423
jung,jung_063,jung_063,val,classical_shadow_0.40,20.907807553559504,0.9081878662109375,0.18852091055517564,0.938174061932013,0.9754033076694829,0.09606104395399308,0.09115398613627823,0.0469610000267952
jung,jung_063,jung_063,val,classical_shadow_0.55,20.197682464466165,0.8967881798744202,0.2332243567523214,0.9252829064781823,0.970468352255868,0.11506529378202701,0.1258756468135387,0.056976853600101615
jung,jung_063,jung_063,val,classical_shadow_0.70,18.09766990167966,0.882344663143158,0.31735110726637883,0.9146631595922353,0.9666578170630769,0.1780688610780806,0.1600144473451357,0.06145814844458315
jung,jung_063,jung_063,val,docres_deshadow,20.810760310603456,0.9111201763153076,0.1414725736518747,0.9341795814850423,0.9677197694938547,0.04473517225934082,0.14401542932129366,0.01585340222047578
jung,jung_063,jung_063,val,docres_classical040_blend_0.70,22.716879740373173,0.9187496900558472,0.14195548276670467,0.9430949678253032,0.9731700841753471,0.06126257751803644,0.12810291971665305,0.006407454805655779
jung,jung_063,jung_063,val,docres_input_blend_0.70,21.163874619140344,0.9125312566757202,0.09991867680798464,0.9492968452915349,0.9751222026142771,0.03190303780054069,0.10088845212976014,0.008073064227884333
jung,jung_063,jung_063,val,docres_classical040_blend_0.80,22.177383643920553,0.9173002243041992,0.1361089990423702,0.9405982518080545,0.9713429013165087,0.05556236902584557,0.13338848584859653,0.0007674149845175237
jung,jung_063,jung_063,val,docres_input_blend_0.80,21.37264864226641,0.9127776026725769,0.11483840651948649,0.9429198848865226,0.9723267690097294,0.03681940097154161,0.11525541574175122,0.010384645750299208
jung,jung_063,jung_063,val,docres_classical040_blend_0.85,21.861216834009987,0.9161698222160339,0.13644399667589396,0.939285390391172,0.9705152030984023,0.052035065080490786,0.13602464015728347,0.004462502014195303
jung,jung_063,jung_063,val,docres_input_blend_0.85,21.352065166035832,0.9126078486442566,0.12043749268580935,0.9407466795609969,0.9712023487889058,0.037800540693303186,0.12245298104311338,0.011652942296182335
jung,jung_063,jung_063,val,docres_classical040_blend_0.90,21.524422097872066,0.9147888422012329,0.13738403754303266,0.9370593474804557,0.9693126981400215,0.04867039570858017,0.13867076896825697,0.008203401022257948
jung,jung_063,jung_063,val,docres_input_blend_0.90,21.246217276729766,0.9122164845466614,0.1275219943514519,0.9379881263359672,0.9696875048802961,0.039949449975204894,0.12965049406721002,0.013011672667580352
jung,jung_063,jung_063,val,docres_classical040_blend_0.95,21.17078507882441,0.9131314754486084,0.13905599401014512,0.9347629388205038,0.9680321084440835,0.04596426305209105,0.14124043705048744,0.01206479767847629
jung,jung_063,jung_063,val,docres_input_blend_0.95,21.067126576080245,0.9118227958679199,0.13430669742766707,0.9362556415804578,0.9686567863445411,0.04229565365767822,0.13681876318890063,0.014330962009391027
jung,jung_063,jung_063,val,docres_appearance,15.64856107527872,0.791658341884613,0.25956680957276324,0.7949664810704045,0.8741117861102868,0.05135786538123144,0.13979739632032875,0.10004150357513712
jung,jung_063,jung_063,val,docres_binarization,10.515951411078724,0.40290987491607666,0.7606868748416578,0.035624754597909564,0.03684037917948558,0.19516148813300843,0.3436865530430753,0.05259421046284784
jung,jung_063,jung_063,val,binary_input_blend_0.75,13.954996422506152,0.6473994851112366,0.7355452205423721,0.10936101121213092,0.11255134071494385,0.19516148813300843,0.25780723845657855,0.06599364575803764
jung,jung_063,jung_063,val,binary_docres_blend_0.75,12.989370806209548,0.6732792854309082,0.7000599382674836,0.18404833653582012,0.18980838005403464,0.19516148813300843,0.2937442514611757,0.06286700262599025
jung,jung_063,jung_063,val,binary_input_blend_0.90,11.756419211389895,0.5051778554916382,0.7616393633295717,0.043612856231697285,0.044883107147876876,0.19516148813300843,0.3093933045578352,0.06017276750137837
jung,jung_063,jung_063,val,binary_docres_blend_0.90,11.431875092118988,0.5182366967201233,0.7610001403724252,0.043622735410378075,0.044898724095388316,0.19516148813300843,0.32393014837228984,0.05911480529014496
jung,jung_067,jung_067,val,input,15.802822679586349,0.8822113871574402,7.040268368285751e-12,0.999999999984355,1.0,0.0,0.0,0.0
jung,jung_067,jung_067,val,classical_shadow_0.25,19.129732374281623,0.8902597427368164,0.2634557967705943,0.9761890045895085,0.9884070214962921,0.22959183673469388,0.05128237643919968,0.004393435875832236
jung,jung_067,jung_067,val,classical_shadow_0.40,21.59876203806473,0.8916333913803101,0.27965019175939204,0.9670906273344622,0.9861697800306642,0.22862449421805559,0.08224133640455095,0.005533242133373413
jung,jung_067,jung_067,val,classical_shadow_0.55,24.00510542799215,0.8901264071464539,0.3054708303700425,0.9593738067818347,0.9827435151287587,0.23836425144272227,0.11389458275184396,0.005444931464013777
jung,jung_067,jung_067,val,classical_shadow_0.70,24.703926959952977,0.8865007758140564,0.3287503123487959,0.9499264069776805,0.9794267655433524,0.24595927211621377,0.14465002685798042,0.003996521048910305
jung,jung_067,jung_067,val,docres_deshadow,23.474328993887347,0.8949468731880188,0.33265335979414623,0.9319755539358747,0.9686316843455678,0.262948570544144,0.1126735092736986,0.011621592259684042
jung,jung_067,jung_067,val,docres_classical040_blend_0.70,23.34266182157026,0.8950330018997192,0.3238465858784855,0.9431534327311611,0.9746863168434556,0.2509120658014018,0.1035598638155154,0.011402808468836496
jung,jung_067,jung_067,val,docres_input_blend_0.70,21.468260805881716,0.8958922028541565,0.3072419657611041,0.9458820319107148,0.9762038862292312,0.24360172021137816,0.07878250975363063,0.012956926680159027
jung,jung_067,jung_067,val,docres_classical040_blend_0.80,23.43963839233579,0.8950991034507751,0.3270378563577906,0.939094040841607,0.9723864951969711,0.257069891878745,0.1066417682999527,0.011622445694220964
jung,jung_067,jung_067,val,docres_input_blend_0.80,22.308880588944984,0.8959559202194214,0.3203343802780857,0.9411408868044714,0.9736224537688913,0.25223594313131537,0.09011196027706862,0.013004992048783939
jung,jung_067,jung_067,val,docres_classical040_blend_0.85,23.466999966368114,0.8950761556625366,0.328287318896391,0.9377330857009901,0.9716668231171188,0.2569621022840339,0.10814882832873132,0.011679460217240043
jung,jung_067,jung_067,val,docres_input_blend_0.85,22.687264513671362,0.8958328366279602,0.32393140036616974,0.937977473790833,0.9719640789761882,0.25313695358966987,0.095788553774706,0.012843070103603667
jung,jung_067,jung_067,val,docres_classical040_blend_0.90,23.484020745495254,0.895054817199707,0.3296637750704387,0.9360976566484678,0.9705873149973403,0.2598116169544741,0.10964987295026354,0.011746285636906257
jung,jung_067,jung_067,val,docres_input_blend_0.90,23.016346639739353,0.8955875635147095,0.3274002263848371,0.9349100830441384,0.9703213492286993,0.25747064806420944,0.1014599339193966,0.012542983644901206
jung,jung_067,jung_067,val,docres_classical040_blend_0.95,23.47392968599705,0.8948827981948853,0.3310528813911907,0.9341671061412768,0.9699302230983448,0.2629513343799058,0.11120034145836012,0.011579904285702028
jung,jung_067,jung_067,val,docres_input_blend_0.95,23.284762828017698,0.895203709602356,0.3301196601590349,0.9332841261571223,0.9693200663349917,0.26153625046985207,0.10712000943389269,0.012082521926971363
jung,jung_067,jung_067,val,docres_appearance,18.78600737547218,0.8293814063072205,0.44513173189034105,0.8040989318768885,0.8845239212741325,0.2566912463793751,0.21002638325102527,0.03827616322421791
jung,jung_067,jung_067,val,docres_binarization,13.520311535870187,0.47503483295440674,0.7712704742395132,0.11317604674497056,0.12090490941518821,0.43785238905963253,0.29074304694792324,0.036999492124583366
jung,jung_067,jung_067,val,binary_input_blend_0.75,17.344863671655983,0.6716411709785461,0.721242199708832,0.1617587977060969,0.17007728652335805,0.43785238905963253,0.2180606153620712,0.01134902088624531
jung,jung_067,jung_067,val,binary_docres_blend_0.75,16.186666868258108,0.6853728294372559,0.7302538600558309,0.1669840797475527,0.17558434243874965,0.43785238905963253,0.24601914438581501,0.011648396979839128
jung,jung_067,jung_067,val,binary_input_blend_0.90,14.903918816183053,0.557604968547821,0.751160983267349,0.14311155963634986,0.1508651710003442,0.43785238905963253,0.26174725578205277,0.02593530850617752
jung,jung_067,jung_067,val,binary_docres_blend_0.90,14.501334434649735,0.5646132826805115,0.7510776453872554,0.1437815375461,0.1515691980349823,0.43785238905963253,0.2729527564005017,0.026298895471667423
jung,jung_069,jung_069,val,input,14.561828741670695,0.8519160151481628,7.799760837201575e-12,0.9999999999826672,1.0,0.0,0.0,0.0
jung,jung_069,jung_069,val,classical_shadow_0.25,17.695428027161693,0.8661124110221863,0.1212891026609444,0.9438067271599071,0.980483239158318,0.06861616394197559,0.05410692835598839,0.009571990997552775
jung,jung_069,jung_069,val,classical_shadow_0.40,19.907609312578497,0.8675476908683777,0.2533131478205454,0.9236619903255304,0.9745727458661213,0.1765599815795533,0.08696063426250888,0.01269468030412879
jung,jung_069,jung_069,val,classical_shadow_0.55,21.915475698475987,0.8641840815544128,0.3004367385481716,0.9081581297035772,0.9695635594689223,0.20308000704311197,0.1194784697750373,0.013727503269424133
jung,jung_069,jung_069,val,classical_shadow_0.70,22.479723427674827,0.8571010828018188,0.345986847907536,0.8931658887729849,0.9652303532429716,0.22932372580623314,0.1520713999459815,0.012932020117922325
jung,jung_069,jung_069,val,docres_deshadow,23.570301794674076,0.8800760507583618,0.3275774946174256,0.8944894860800657,0.9599785072971193,0.21163197031057415,0.14317257138122272,0.018661274150653193
jung,jung_069,jung_069,val,docres_classical040_blend_0.70,23.132395497448268,0.8788859844207764,0.30150173814128084,0.9091131199461012,0.9674316220057545,0.1986699353929921,0.12628796926526153,0.019029198363216104
jung,jung_069,jung_069,val,docres_input_blend_0.70,21.34968035470608,0.8808363080024719,0.27010971943482126,0.9171014207284657,0.9689222449474816,0.18130053771451016,0.10022233606639007,0.019026477702607698
jung,jung_069,jung_069,val,docres_classical040_blend_0.80,23.38757781565622,0.879448413848877,0.31177797220123044,0.9024730397972517,0.9645890387215308,0.20365158266852676,0.13198288300705818,0.019076840397739388
jung,jung_069,jung_069,val,docres_input_blend_0.80,22.39827060655235,0.8812984824180603,0.29083748770853995,0.9090048785114946,0.9656463410406628,0.19236635017810946,0.11455165891579101,0.01950444882381106
jung,jung_069,jung_069,val,docres_classical040_blend_0.85,23.476416936486686,0.8796306848526001,0.31586099598289236,0.9001571180831567,0.9632370783790342,0.2055830206823692,0.1347847455543011,0.019057967027038773
jung,jung_069,jung_069,val,docres_input_blend_0.85,22.845410086292752,0.8812029957771301,0.30118850298994093,0.9022496548216966,0.9627864249315353,0.1968008018312091,0.1217124960262985,0.01952507902995992
jung,jung_069,jung_069,val,docres_classical040_blend_0.90,23.53809362767783,0.8797981142997742,0.32125514243053294,0.897640723777144,0.9621624432349984,0.20876325662662026,0.13761231599139637,0.01897547517844821
jung,jung_069,jung_069,val,docres_input_blend_0.90,23.205227798028815,0.8809195756912231,0.3116061484007875,0.8995429349265852,0.9619717821610566,0.20322357817177067,0.12887746552075338,0.0193765078961314
jung,jung_069,jung_069,val,docres_classical040_blend_0.95,23.570743779022223,0.879854679107666,0.32431234557715416,0.8965277553118792,0.9612958019898084,0.21031274126044616,0.14031251551967774,0.018853479998637557
jung,jung_069,jung_069,val,docres_input_blend_0.95,23.45810880790821,0.880538821220398,0.3200626768950662,0.8963036025985334,0.9607758172426942,0.20752529425309152,0.13616939162331773,0.019010411936645925
jung,jung_069,jung_069,val,docres_appearance,18.353444169116376,0.8335286974906921,0.3772843951487537,0.8091545012042405,0.9222796131313481,0.18995002099389147,0.188776593922368,0.04323877021303877
jung,jung_069,jung_069,val,docres_binarization,12.540716055346897,0.4907999634742737,0.8195466665417083,0.02514408119506394,0.025635248032724375,0.4430171608132085,0.3345386084436077,0.051435838465811644
jung,jung_069,jung_069,val,binary_input_blend_0.75,16.478382721229877,0.6818748116493225,0.8135503321238379,0.05084803603639818,0.05165181821333241,0.4430171608132085,0.251172691422196,0.06071991390036193
jung,jung_069,jung_069,val,binary_docres_blend_0.75,15.104772364781056,0.7048484683036804,0.7973088020089741,0.08906772147430492,0.09054667729746595,0.4430171608132085,0.2867899742416504,0.06231546112068553
jung,jung_069,jung_069,val,binary_input_blend_0.90,13.959274675841908,0.5717372894287109,0.8209200175723556,0.029664125001626254,0.030141782507713107,0.4430171608132085,0.3012021891011825,0.05711478970514573
jung,jung_069,jung_069,val,binary_docres_blend_0.90,13.486648811604516,0.5828123688697815,0.8209752412845215,0.029835724398597163,0.030315110756751137,0.4430171608132085,0.3153411779578215,0.05733552877315052
jung,jung_074,jung_074,val,input,17.058842704464872,0.9225350022315979,9.573841719401344e-12,0.9999999999787248,1.0,0.0,0.0,0.0
jung,jung_074,jung_074,val,classical_shadow_0.25,20.17004477168136,0.920409083366394,0.13012847684313414,0.8752224329596742,0.9522370912494947,0.020817974372476743,0.07218637260064634,0.040476747103753735
jung,jung_074,jung_074,val,classical_shadow_0.40,19.178546536079462,0.884147584438324,0.22985347552632324,0.7758864726608723,0.8980065102227517,0.0463542215200983,0.11555966504558643,0.06070716780897148
jung,jung_074,jung_074,val,classical_shadow_0.55,16.791719038045297,0.8432938456535339,0.30576151491245374,0.7003254509451871,0.8606897432078804,0.06127084430401966,0.15931732215441902,0.0765169911200011
jung,jung_074,jung_074,val,classical_shadow_0.70,14.41799400658101,0.8078306317329407,0.3434041115005305,0.6996896233420067,0.8872837903963576,0.07514832367912937,0.20258579162751633,0.0868030027904961
jung,jung_074,jung_074,val,docres_deshadow,22.24085561602575,0.9435274004936218,0.08969677352262162,0.9358817032573346,0.9735336042380274,0.009192557486396349,0.08857112274434081,0.027037555673815834
jung,jung_074,jung_074,val,docres_classical040_blend_0.70,23.759254696745806,0.9513347148895264,0.07881007053350275,0.9326173672715021,0.969959364295896,0.008056872037914692,0.09687801973518907,0.0027996764561473075
jung,jung_074,jung_074,val,docres_input_blend_0.70,21.50686955420546,0.9417043924331665,0.06374743515372439,0.9523238752412259,0.9804055060315299,0.007316131297173951,0.06218492705138922,0.016838461490910634
jung,jung_074,jung_074,val,docres_classical040_blend_0.80,23.513565090689777,0.9531832337379456,0.0783939963909519,0.9366562186110943,0.9727251452034976,0.007995436194488326,0.09427152233545692,0.006975416062122055
jung,jung_074,jung_074,val,docres_input_blend_0.80,21.92849546117675,0.9427627325057983,0.07261093970111372,0.9461641437350188,0.9774056975086697,0.007905915394067053,0.07110436521457796,0.020061904836623234
jung,jung_074,jung_074,val,docres_classical040_blend_0.85,23.274292404976805,0.9526577591896057,0.0808894239058146,0.9368433986415015,0.973278301385018,0.008170967175706513,0.09288440768619186,0.011907038407178347
jung,jung_074,jung_074,val,docres_input_blend_0.85,22.08186982590178,0.9431516528129578,0.0771493172217406,0.943563806802287,0.976405761334383,0.008504476040021063,0.07553615077767104,0.021723489886133786
jung,jung_074,jung_074,val,docres_classical040_blend_0.90,22.97100916894359,0.9511557817459106,0.08294123348671442,0.9381914283180736,0.9742995127970555,0.008342987537300334,0.09150097574574852,0.016973330657079618
jung,jung_074,jung_074,val,docres_input_blend_0.90,22.186812620722492,0.9433808326721191,0.08106919316817937,0.9414855406904031,0.9759377061038658,0.008727400386168158,0.07991615125952083,0.0234063759814738
jung,jung_074,jung_074,val,docres_classical040_blend_0.95,22.62766617927592,0.9479604363441467,0.08597182697932533,0.9376766476685029,0.9740442099440462,0.008790591539406705,0.08993548720172638,0.021935886683423948
jung,jung_074,jung_074,val,docres_input_blend_0.95,22.256152528294937,0.943571150302887,0.08565865171966917,0.938325720469914,0.9746186413633172,0.008999473407056346,0.08453708350112023,0.025151531872710083
jung,jung_074,jung_074,val,docres_appearance,16.71624367241926,0.8673054575920105,0.21708269786595744,0.8098836877118295,0.9051337148692636,0.009889415481832543,0.15246216274819563,0.10109346125861653
jung,jung_074,jung_074,val,docres_binarization,12.637782799929587,0.6013233661651611,0.6122874284031053,0.10024421887925963,0.11178009914260792,0.051890468667719854,0.20131958684825513,0.1249650391529172
jung,jung_074,jung_074,val,binary_input_blend_0.75,15.352671180469649,0.7317048907279968,0.5268784296291092,0.19309684386004,0.20162542816415974,0.051890468667719854,0.15090135503033925,0.08586833114378617
jung,jung_074,jung_074,val,binary_docres_blend_0.75,14.776409115588647,0.741355836391449,0.5347622657834955,0.20604048714500345,0.21524158032466012,0.051890468667719854,0.17280934926190938,0.09411046104377242
jung,jung_074,jung_074,val,binary_input_blend_0.90,13.663885559853743,0.6552407741546631,0.564157922265902,0.16780059125728342,0.17630789524072932,0.051890468667719854,0.18121492219847388,0.1088195846409503
jung,jung_074,jung_074,val,binary_docres_blend_0.90,13.441802885397976,0.6592086553573608,0.5692289890072433,0.16890330427389208,0.1772652809395145,0.051890468667719854,0.1899309578140541,0.11228770689525529
jung,jung_075,jung_075,val,input,13.473888139232864,0.9179552793502808,6.232464544453365e-12,0.9999999999861501,1.0,0.0,0.0,0.0
jung,jung_075,jung_075,val,classical_shadow_0.25,16.938534251506834,0.9445381760597229,0.2873074721642045,0.9842176049051106,0.9932688845184344,0.24561708860759493,0.06936098011637856,0.01140652286226314
jung,jung_075,jung_075,val,classical_shadow_0.40,19.484971011926447,0.9510614275932312,0.3128632183690535,0.9800670819223758,0.9915099304728401,0.3496431082981716,0.11115320868150365,0.015720202935868573
jung,jung_075,jung_075,val,classical_shadow_0.55,21.757264801740885,0.9512471556663513,0.3323771633236883,0.9769687862717442,0.9905404282429849,0.35572784810126584,0.15345596508645662,0.017717885185650973
jung,jung_075,jung_075,val,classical_shadow_0.70,21.88879767238559,0.9460851550102234,0.3499766050760165,0.9739917897389089,0.9891138749619124,0.36240682137834035,0.19502610242409202,0.017104115814814542
jung,jung_075,jung_075,val,docres_deshadow,22.717882662494674,0.9663903117179871,0.37771820432970693,0.9276583845845963,0.9649178693110995,0.3674841772151899,0.19701047957861062,0.027267142602218263
jung,jung_075,jung_075,val,docres_classical040_blend_0.70,23.311419417835925,0.9663978815078735,0.36029407937645097,0.9439645328011828,0.973158638264868,0.36232946554149087,0.17168360635393404,0.027341127659016064
jung,jung_075,jung_075,val,docres_input_blend_0.70,22.045833911075935,0.9684314727783203,0.34791271731268847,0.9437989442026704,0.973144788233013,0.36085443037974685,0.13842617412647198,0.0287529542555022
jung,jung_075,jung_075,val,docres_classical040_blend_0.80,23.317814836070518,0.9667631387710571,0.3662073794939066,0.9389338550474522,0.9704301819894185,0.36363045007032346,0.18035096246656196,0.027645382131058813
jung,jung_075,jung_075,val,docres_input_blend_0.80,23.09625070260495,0.9689883589744568,0.35864048973238305,0.9381897567644624,0.9701808814160272,0.36182489451476796,0.15814610738810303,0.029279062201916426
jung,jung_075,jung_075,val,docres_classical040_blend_0.85,23.237429043729243,0.9667834639549255,0.36917827752559024,0.9361121515204651,0.9692252292180272,0.364256329113924,0.1845843743967348,0.027658326585176005
jung,jung_075,jung_075,val,docres_input_blend_0.85,23.34694059419769,0.9686371684074402,0.3635281294387694,0.9358389620686708,0.9690590288357663,0.363299929676512,0.16792163757204714,0.029145012234754037
jung,jung_075,jung_075,val,docres_classical040_blend_0.90,23.104734298443518,0.9668079614639282,0.37222623259274235,0.9329656682610739,0.9676601756184039,0.36471167369901547,0.18875321971263898,0.027599159041950018
jung,jung_075,jung_075,val,docres_input_blend_0.90,23.362077868583345,0.9682421088218689,0.36869611380880507,0.9324744676465861,0.9673831749813024,0.3647556258790436,0.17764171561732994,0.028754896671394723
jung,jung_075,jung_075,val,docres_classical040_blend_0.95,22.937576388465253,0.9664886593818665,0.3749057426361493,0.9303938435971354,0.9661782222099111,0.36684774964838257,0.1927887261796421,0.027445802971672272
jung,jung_075,jung_075,val,docres_input_blend_0.95,23.14188083583784,0.9671878218650818,0.3734646512290015,0.9296349119479409,0.9659566217002299,0.36600386779184246,0.18738808223711426,0.02807521451788208
jung,jung_075,jung_075,val,docres_appearance,16.62636149701912,0.9339326024055481,0.43995866162082997,0.8063289251167555,0.8985069665660231,0.3476300984528833,0.2808844281735198,0.004677796538949843
jung,jung_075,jung_075,val,docres_binarization,13.787515355005153,0.7969605326652527,0.6242123158666765,0.5274770151040531,0.6619068723858065,0.383412447257384,0.2574567027936351,0.10262828777250062
jung,jung_075,jung_075,val,binary_input_blend_0.75,16.545603983598994,0.8481087684631348,0.5528852082011727,0.5858983004287669,0.7099803329547658,0.38337201125175807,0.1930299564270153,0.06554576803885293
jung,jung_075,jung_075,val,binary_docres_blend_0.75,15.586045833230395,0.8423696756362915,0.5677797121232917,0.5996660909545232,0.7213235090440708,0.38341068917018284,0.24205827886710246,0.06801023584331037
jung,jung_075,jung_075,val,binary_input_blend_0.90,14.906835212843957,0.8171629309654236,0.597926355378322,0.5492527629810142,0.6800504141159525,0.3833913502109705,0.23186078707150942,0.08724297315195759
jung,jung_075,jung_075,val,binary_docres_blend_0.90,14.470197490398494,0.8148971199989319,0.6033416763810164,0.5551352140124703,0.6849117752970831,0.38340893108298174,0.25103455503157673,0.08858753781104682
jung,jung_082,jung_082,val,input,17.926470926314234,0.9576358795166016,8.43295433483604e-12,0.9999999999812601,1.0,0.0,0.0,0.0
jung,jung_082,jung_082,val,classical_shadow_0.25,21.809274139431125,0.9633892178535461,0.04292748640566432,0.9692528629640745,0.986544732206439,0.007178943649531885,0.05242342688709481,0.0015716005585467625
jung,jung_082,jung_082,val,classical_shadow_0.40,23.999564235733576,0.9628274440765381,0.06428510666195049,0.9601441982000816,0.9832652449308497,0.010915032679738562,0.08407544568790243,0.0030079748284794275
jung,jung_082,jung_082,val,classical_shadow_0.55,24.317762175834595,0.9593074321746826,0.08671014553099313,0.9490602015627156,0.9793486001274315,0.014472708002119767,0.1160375184873455,0.004832534728595334
jung,jung_082,jung_082,val,classical_shadow_0.70,22.403505790642658,0.9530095458030701,0.10723339387803493,0.9416282641918925,0.9764439113976238,0.01762409468291821,0.1474239499014586,0.007287396868141497
jung,jung_082,jung_082,val,docres_deshadow,24.006940568313166,0.9741411805152893,0.09758365552500009,0.9289165565622086,0.9619392076758743,0.014393216746157922,0.11240472306216256,0.010401666678285019
jung,jung_082,jung_082,val,docres_classical040_blend_0.70,24.447564738891018,0.9721799492835999,0.08206164276415942,0.9439730516943923,0.9715340504478842,0.010867337926161456,0.10382104595945431,0.0074229328611546165
jung,jung_082,jung_082,val,docres_input_blend_0.70,23.537342841168503,0.9728320837020874,0.0693668776428294,0.9465836922230348,0.9720212885574004,0.010339162692103868,0.07871780430949984,0.005838757878818791
jung,jung_082,jung_082,val,docres_classical040_blend_0.80,24.340810312508392,0.9729107022285461,0.08678416997421332,0.9388118559809037,0.9681046437539822,0.011550962727433316,0.10670694223635406,0.00835960923940838
jung,jung_082,jung_082,val,docres_input_blend_0.80,24.00854315560574,0.9735516309738159,0.07872769817920552,0.940445431039331,0.9685731419362092,0.011639286345168698,0.08989763465888033,0.007216336563639384
jung,jung_082,jung_082,val,docres_classical040_blend_0.85,24.271179802479597,0.973263144493103,0.0892012166261439,0.9368545239869888,0.9672800869532626,0.012229288111641054,0.10812731762904779,0.008842562095047775
jung,jung_082,jung_082,val,docres_input_blend_0.85,24.132702954244234,0.9738317131996155,0.08362195463103649,0.9372490598089267,0.9667741089164574,0.012361773538244126,0.09556802477217707,0.007991746829897573
jung,jung_082,jung_082,val,docres_classical040_blend_0.90,24.19902244885254,0.9734355807304382,0.09168878298248878,0.9346986159564894,0.9656497132791125,0.012918212329977035,0.1094866977704349,0.009317114541263336
jung,jung_082,jung_082,val,docres_input_blend_0.90,24.176231419869918,0.9738867878913879,0.08819194500453983,0.9345972423633055,0.9653873542970653,0.013045398339515986,0.10113222565125685,0.00877069244668102
jung,jung_082,jung_082,val,docres_classical040_blend_0.95,24.103643871074347,0.9739100933074951,0.09422677934725415,0.932308751818107,0.9640193396049623,0.013444621091679916,0.1109253267107939,0.009918276482341377
jung,jung_082,jung_082,val,docres_input_blend_0.95,24.1280646230117,0.9740751385688782,0.093833177659958,0.9299408026769141,0.9626513249128593,0.01380144850733086,0.10689657823913887,0.009577431769304937
jung,jung_082,jung_082,val,docres_appearance,17.11939869401059,0.9457695484161377,0.22618867082143512,0.7821909783114538,0.8757542820733856,0.013759053170817877,0.19596355525075257,0.06005022631745069
jung,jung_082,jung_082,val,docres_binarization,13.12705078199934,0.8001610636711121,0.5069332991296169,0.35287129348114643,0.41190360181402497,0.0970658894188306,0.24798295180994143,0.03244385175554281
jung,jung_082,jung_082,val,binary_input_blend_0.75,16.367353465410094,0.8640639185905457,0.44135807629276835,0.41204554402789006,0.47065327386529743,0.09705705705705706,0.18590603752541474,0.008931831730159826
jung,jung_082,jung_082,val,binary_docres_blend_0.75,15.494833010753133,0.8650432825088501,0.4371417288052369,0.4482571789704261,0.51163749484652,0.09705882352941177,0.2141228633477769,0.010249150789010184
jung,jung_082,jung_082,val,binary_input_blend_0.90,14.312804693086393,0.8257246017456055,0.48454865849588385,0.3668626593393449,0.4244406131704209,0.09706235647412118,0.22312083710007588,0.022210273140729153
jung,jung_082,jung_082,val,binary_docres_blend_0.90,14.007409027636113,0.8266554474830627,0.48881639567245416,0.3678937898106973,0.4253026498257187,0.0970658894188306,0.23442206912795158,0.022556473362094487
dibco18,dibco18_001,dibco18_001,val,input,9.204305805020468,0.6967349052429199,2.465887494196295e-11,0.9999999999452025,1.0,0.0,0.0,0.0
dibco18,dibco18_001,dibco18_001,val,classical_shadow_0.25,11.106063187194525,0.716556191444397,0.12095297743763235,0.8461754516971175,0.990520028494712,0.0119106529209622,0.0492127664353256,0.03356028534373797
dibco18,dibco18_001,dibco18_001,val,classical_shadow_0.40,12.427833941828963,0.722148597240448,0.17012836590371025,0.7992400812583176,0.9912871938188393,0.0183184421534937,0.07876027221885328,0.049939752381530214
dibco18,dibco18_001,dibco18_001,val,classical_shadow_0.55,13.898138477125006,0.7229822278022766,0.21005978997658242,0.7670372570327151,0.990520028494712,0.024444444444444446,0.10849137749028594,0.06230926700124232
dibco18,dibco18_001,dibco18_001,val,classical_shadow_0.70,15.488432107769622,0.7212640047073364,0.31439670599931563,0.7324595219440628,0.9890952928927612,0.09685223367697594,0.13811093592076004,0.06984480471477321
dibco18,dibco18_001,dibco18_001,val,docres_deshadow,9.58999056596333,0.7059136033058167,0.047743881572147415,0.9396001700904083,0.9683818291413228,0.008859106529209623,0.00969838510432813,0.01304249590315046
dibco18,dibco18_001,dibco18_001,val,docres_classical040_blend_0.70,10.368727483428817,0.7136350870132446,0.06690104741764792,0.9372755191849839,0.9866842018740752,0.011072164948453608,0.030372418749859617,0.02575649767082201
dibco18,dibco18_001,dibco18_001,val,docres_input_blend_0.70,9.474829507784815,0.7035377025604248,0.034897525085889995,0.9566337483385233,0.9767110526604198,0.007120274914089347,0.006772679289356102,0.009255608680656177
dibco18,dibco18_001,dibco18_001,val,docres_classical040_blend_0.80,10.103290631072399,0.71114581823349,0.05547543376312271,0.9485702203632026,0.9833963504849581,0.009935853379152348,0.023703883386115104,0.02152437698827581
dibco18,dibco18_001,dibco18_001,val,docres_input_blend_0.80,9.513716920626688,0.7048884630203247,0.03948076182317177,0.950804769747564,0.9743547591648858,0.007919816723940435,0.007701664308335047,0.010570709603835196
dibco18,dibco18_001,dibco18_001,val,docres_classical040_blend_0.85,9.969457024958114,0.7101168632507324,0.051900583243811936,0.9495798318822689,0.9783549783549783,0.009473081328751432,0.019911587269501194,0.01962298559046839
dibco18,dibco18_001,dibco18_001,val,docres_input_blend_0.85,9.53368210968226,0.7052043080329895,0.04230956197002431,0.945599999949568,0.9715600854841361,0.007805269186712486,0.008258607910518183,0.01120141599401692
dibco18,dibco18_001,dibco18_001,val,docres_classical040_blend_0.90,9.83943459868958,0.708512008190155,0.049502047599356835,0.9480968857626778,0.9759438873362924,0.009083619702176403,0.016361206567392192,0.017529239772380946
dibco18,dibco18_001,dibco18_001,val,docres_input_blend_0.90,9.553036805513509,0.7054868936538696,0.044557989537827185,0.9427688372086342,0.9694777796043619,0.008190148911798397,0.00878345124991577,0.011834061449913152
dibco18,dibco18_001,dibco18_001,val,docres_classical040_blend_0.95,9.715297480146347,0.706847071647644,0.04866549670467345,0.9435552257290887,0.9755603046742287,0.008836197021764032,0.013146508546144693,0.015284246404235731
dibco18,dibco18_001,dibco18_001,val,docres_input_blend_0.95,9.57193718259502,0.7056974768638611,0.04651062289820092,0.9404723906298291,0.9687654118033865,0.0085475372279496,0.009311510904476385,0.012418428486473107
dibco18,dibco18_001,dibco18_001,val,docres_appearance,10.45750647217394,0.8020493984222412,0.24601200480625168,0.6843339586950224,0.8794454490657022,0.007331042382588774,0.13660191810974112,0.06998412765421087
dibco18,dibco18_001,dibco18_001,val,docres_binarization,24.626949580766507,0.9783604145050049,0.4351234962315039,0.521288949074836,0.5903885144391473,0.10938602520045819,0.23623305707162592,0.026373792143452673
dibco18,dibco18_001,dibco18_001,val,binary_input_blend_0.75,19.93977538134901,0.9424596428871155,0.3654014405589618,0.6499248119974975,0.7105046851882295,0.10937686139747996,0.1776641466208477,0.04570847652002775
dibco18,dibco18_001,dibco18_001,val,binary_docres_blend_0.75,20.21276699641456,0.9421337842941284,0.3680315395466418,0.6476447914778173,0.7089703545399748,0.10937686139747996,0.17998949756305732,0.046831725481594554
dibco18,dibco18_001,dibco18_001,val,binary_input_blend_0.90,23.638515206795077,0.9686949253082275,0.415848031083699,0.5554403121175759,0.6162529453668694,0.10938602520045819,0.21191086853985583,0.036076331533679375
dibco18,dibco18_001,dibco18_001,val,binary_docres_blend_0.90,23.731060170970594,0.9683055281639099,0.4163945489968175,0.5553031799054264,0.6162529453668694,0.10938373424971364,0.21290122408642728,0.036227926783291405
dibco18,dibco18_007,dibco18_007,val,input,12.164326516449586,0.7510956525802612,4.5022535699601464e-11,0.9999999998999499,1.0,0.0,0.0,0.0
dibco18,dibco18_007,dibco18_007,val,classical_shadow_0.25,13.833523951072344,0.756961464881897,0.0664234425943819,0.9205180766939509,0.9883941970985493,0.011296296296296296,0.03644985994397762,0.007967228054620771
dibco18,dibco18_007,dibco18_007,val,classical_shadow_0.40,14.96165518556553,0.7575706839561462,0.09349720411169048,0.8942499545715354,0.9864932466233116,0.01624867724867725,0.0584168482207698,0.010490445219827105
dibco18,dibco18_007,dibco18_007,val,classical_shadow_0.55,16.186435677297084,0.7558014392852783,0.11846111802536283,0.8698376278794707,0.9861930965482741,0.021026455026455025,0.08034194418508146,0.011208029784395071
dibco18,dibco18_007,dibco18_007,val,classical_shadow_0.70,17.48336685029568,0.7524306178092957,0.14023487139535565,0.852162629684069,0.9855927963981991,0.02673015873015873,0.10231571739807027,0.010086015106333062
dibco18,dibco18_007,dibco18_007,val,docres_deshadow,14.153276459784765,0.7649512887001038,0.11586718550447547,0.8532441712585176,0.944672336168084,0.014809523809523809,0.04407940657744577,0.028976293550510443
dibco18,dibco18_007,dibco18_007,val,docres_classical040_blend_0.70,14.415651848721048,0.7647356986999512,0.10139816661906909,0.8831668651257063,0.9642821410705352,0.014925925925925926,0.04839854756717493,0.024229851621401687
dibco18,dibco18_007,dibco18_007,val,docres_input_blend_0.70,13.55065698482802,0.7630302309989929,0.07716626832798293,0.9074425668399997,0.9563781890945473,0.009761904761904762,0.030866168689698048,0.022345085280331342
dibco18,dibco18_007,dibco18_007,val,docres_classical040_blend_0.80,14.330680405163982,0.7651516795158386,0.10395833766301965,0.8773981362253427,0.9608804402201101,0.014455026455026455,0.047036331569664885,0.025863233135885743
dibco18,dibco18_007,dibco18_007,val,docres_input_blend_0.80,13.753915247708443,0.7637304663658142,0.08745692902856966,0.8942677548649716,0.9536768384192096,0.010873015873015873,0.035324203755576315,0.02479120223760078
dibco18,dibco18_007,dibco18_007,val,docres_classical040_blend_0.85,14.28607438499876,0.76458740234375,0.10624760109074201,0.8727753946451788,0.9567783891945973,0.014481481481481482,0.04625533769063181,0.026688186872230454
dibco18,dibco18_007,dibco18_007,val,docres_input_blend_0.85,13.855760682823053,0.7640601992607117,0.09530495324918992,0.8822766035518839,0.9522761380690346,0.011746031746031746,0.03758043365494348,0.025918699399214196
dibco18,dibco18_007,dibco18_007,val,docres_classical040_blend_0.90,14.246502016033652,0.7653334736824036,0.1095303710288572,0.8660252336510824,0.9545772886443221,0.014534391534391535,0.04563695404087554,0.027420921701837554
dibco18,dibco18_007,dibco18_007,val,docres_input_blend_0.90,13.957129453553783,0.7644526362419128,0.101747026534913,0.8736425546775591,0.9497748874437218,0.012756613756613756,0.03981462807345157,0.02700618525636702
dibco18,dibco18_007,dibco18_007,val,docres_classical040_blend_0.95,14.190705113525826,0.7646551728248596,0.1114437113253172,0.8621692880387154,0.9487743871935967,0.014613756613756614,0.04448558979147214,0.028353164020656095
dibco18,dibco18_007,dibco18_007,val,docres_input_blend_0.95,14.056793497541321,0.7646784782409668,0.10917947303986741,0.8625307460269172,0.9472736368184093,0.01373015873015873,0.04195399937752871,0.02801091711801652
dibco18,dibco18_007,dibco18_007,val,docres_appearance,16.556795197207045,0.8686293959617615,0.17051623473590466,0.8252661715285616,0.9228614307153576,0.005174603174603175,0.16048878514368703,0.037526491152799
dibco18,dibco18_007,dibco18_007,val,docres_binarization,19.87314393729221,0.9393539428710938,0.38467797695840106,0.5495169081683159,0.6828414207103551,0.05264021164021164,0.1568261437908497,0.11098319412931945
dibco18,dibco18_007,dibco18_007,val,binary_input_blend_0.75,20.242810436585206,0.9414417743682861,0.3180768561166427,0.6075020609556882,0.7372686343171586,0.05264021164021164,0.1176790538437597,0.06956825061497804
dibco18,dibco18_007,dibco18_007,val,binary_docres_blend_0.75,21.056397523175463,0.9411309361457825,0.32241048778209297,0.6075991098155774,0.7375687843921961,0.05264021164021164,0.12894188193796036,0.06935520463951163
dibco18,dibco18_007,dibco18_007,val,binary_input_blend_0.90,20.513802577925322,0.9426894187927246,0.35415330631714836,0.5810821839075261,0.7123561780890445,0.05264021164021164,0.141203838572466,0.09419757001056188
dibco18,dibco18_007,dibco18_007,val,binary_docres_blend_0.90,20.67875929670647,0.9427119493484497,0.35620002568592796,0.5808559293873852,0.7115557778889444,0.05264021164021164,0.1458245253657018,0.09435862020626479
dibco18,dibco18_008,dibco18_008,val,input,9.804473792287565,0.6129225492477417,2.3259444370538064e-11,0.9999999999483123,1.0,0.0,0.0,0.0
dibco18,dibco18_008,dibco18_008,val,classical_shadow_0.25,11.271801593095512,0.6179154515266418,0.044682263854623865,0.9589205998415549,0.9881635395668579,0.007358490566037735,0.04299251860073163,0.0027350596283219368
dibco18,dibco18_008,dibco18_008,val,classical_shadow_0.40,12.202086883664132,0.6193026304244995,0.06929885128442786,0.9427484686355093,0.986457848762082,0.012992662473794549,0.068939449993834,0.004945366165131499
dibco18,dibco18_008,dibco18_008,val,classical_shadow_0.55,13.138467050126563,0.619663655757904,0.09310714569919944,0.926876701627437,0.9853724091590428,0.017830188679245282,0.09478201175648451,0.007431113416178289
dibco18,dibco18_008,dibco18_008,val,classical_shadow_0.70,14.025741576047764,0.6183673143386841,0.12283648286026624,0.8963228023496246,0.9839768439551352,0.02176624737945493,0.12065343034488422,0.010256874000314479
dibco18,dibco18_008,dibco18_008,val,docres_deshadow,10.512661635070813,0.6266681551933289,0.0599227965794094,0.9231418080319965,0.9616478006926138,0.012452830188679246,0.02316713939244459,0.006028207080251268
dibco18,dibco18_008,dibco18_008,val,docres_classical040_blend_0.70,11.009822591946394,0.625309407711029,0.05611334166820614,0.9381643958208232,0.9716235075205458,0.01180293501048218,0.03690101533275785,0.0028732977399854474
dibco18,dibco18_008,dibco18_008,val,docres_input_blend_0.70,10.301807716337306,0.6230382323265076,0.0442901170566759,0.9426793153168358,0.9707448183180855,0.009229559748427672,0.016152608213096577,0.004675343192642837
dibco18,dibco18_008,dibco18_008,val,docres_classical040_blend_0.80,10.843160125939072,0.6259446740150452,0.05681622600478883,0.9343918513613745,0.9672817491083889,0.0120020964360587,0.03233693015990465,0.003926151028977977
dibco18,dibco18_008,dibco18_008,val,docres_input_blend_0.80,10.371721300541626,0.6245614886283875,0.04871097599921327,0.937512517477593,0.9677986251098362,0.01009958071278826,0.01845441279237055,0.005183771723989417
dibco18,dibco18_008,dibco18_008,val,docres_classical040_blend_0.85,10.759010530169569,0.6263680458068848,0.05780808564229486,0.9316810451836792,0.9656794335039024,0.012379454926624739,0.029911209766925587,0.00453436190259257
dibco18,dibco18_008,dibco18_008,val,docres_input_blend_0.85,10.408472875611904,0.6251760125160217,0.05080317123711026,0.9357032147924752,0.9673334367085337,0.010759958071278827,0.019666974966087,0.005404783060017467
dibco18,dibco18_008,dibco18_008,val,docres_classical040_blend_0.90,10.675619511218716,0.6263229250907898,0.05738678875288254,0.9307868753899079,0.9648007443014421,0.012148846960167714,0.027688761458461823,0.005027551891314421
dibco18,dibco18_008,dibco18_008,val,docres_input_blend_0.90,10.445185118747142,0.6256612539291382,0.05370372816313531,0.9310482462240658,0.9645423063007185,0.010964360587002096,0.020872302380071546,0.005603595708223666
dibco18,dibco18_008,dibco18_008,val,docres_classical040_blend_0.95,10.595794393089147,0.6259683966636658,0.059315168080176624,0.924284578650423,0.9615961130924691,0.011860587002096436,0.025482015867143503,0.00531639187318856
dibco18,dibco18_008,dibco18_008,val,docres_input_blend_0.95,10.481213204115424,0.6261011958122253,0.05545622703821082,0.9301190416431678,0.9652142451025999,0.011645702306079664,0.022135569531795952,0.005849776098063823
dibco18,dibco18_008,dibco18_008,val,docres_appearance,15.081172586346865,0.8033199310302734,0.22366524909713498,0.765189755058647,0.8462293895694423,0.017479035639413,0.202242734410326,0.03270751578330451
dibco18,dibco18_008,dibco18_008,val,docres_binarization,19.496589516540503,0.9460956454277039,0.39426824410827715,0.5816275358750113,0.6594304026464052,0.05055031446540881,0.1856523821268549,0.13531561322646907
dibco18,dibco18_008,dibco18_008,val,binary_input_blend_0.75,18.107089570478344,0.9138159155845642,0.3344844280766323,0.6205629215808065,0.6894608983304905,0.0504874213836478,0.13922386648579768,0.09593462468338063
dibco18,dibco18_008,dibco18_008,val,binary_docres_blend_0.75,18.366249267948266,0.9152341485023499,0.3374983952914763,0.619060888922063,0.6889440223290433,0.0504979035639413,0.14530782669461917,0.09575793510769276
dibco18,dibco18_008,dibco18_008,val,binary_input_blend_0.90,19.433046279515203,0.9397735595703125,0.3689703405990471,0.6008105369530805,0.674316431488086,0.05054507337526205,0.16761822255107492,0.11957119972040216
dibco18,dibco18_008,dibco18_008,val,binary_docres_blend_0.90,19.477166064520326,0.9399957656860352,0.37034545139740715,0.5995581330848035,0.6732826794851915,0.050539832285115306,0.16984330168125952,0.11944909721324942
dibco19,dibco19_a_008,dibco19_a_008,val,input,14.64514491299134,0.6539779305458069,2.685766609111795e-11,0.9999999999403163,1.0,0.0,0.0,0.0
dibco19,dibco19_a_008,dibco19_a_008,val,classical_shadow_0.25,14.669684403444894,0.645976185798645,0.030888727779786705,0.9502319454240746,0.9902715607281408,0.0015062636707098827,0.0053889402251257375,0.008052105766433513
dibco19,dibco19_a_008,dibco19_a_008,val,classical_shadow_0.40,14.671721060510677,0.6441730260848999,0.050031532430528255,0.9189309082333963,0.9890778871978514,0.002520381785643269,0.008423184744170127,0.012767975753742108
dibco19,dibco19_a_008,dibco19_a_008,val,classical_shadow_0.55,14.661194684677765,0.6421276330947876,0.06537416968856778,0.8957690015225218,0.9868695911668158,0.003748260091469477,0.01092635264485602,0.017252365373817857
dibco19,dibco19_a_008,dibco19_a_008,val,classical_shadow_0.70,14.647824832865414,0.6374855637550354,0.08610912387175067,0.8600833767139091,0.9850790808713816,0.003991847285742692,0.014440441517629164,0.022297699167025686
dibco19,dibco19_a_008,dibco19_a_008,val,docres_deshadow,14.639341722262937,0.6597001552581787,0.033079161917356985,0.9366963974900558,0.9652641002685766,0.0027838536488367467,0.0015675747332139446,0.001969428742932979
dibco19,dibco19_a_008,dibco19_a_008,val,docres_classical040_blend_0.70,14.663936501475094,0.6541500091552734,0.03032464257626871,0.9442619170589508,0.9777379886601014,0.002878305826207994,0.0019441162824247226,0.002644254856031139
dibco19,dibco19_a_008,dibco19_a_008,val,docres_input_blend_0.70,14.634011757279485,0.6593383550643921,0.02561048529545679,0.9513945617369941,0.973142345568487,0.0021077749055478227,0.0016358844193871168,0.0016265156730024388
dibco19,dibco19_a_008,dibco19_a_008,val,docres_classical040_blend_0.80,14.65463779611297,0.6559673547744751,0.031055234380458693,0.9386990838889958,0.9724261414503134,0.0025899781268641877,0.0006267959560042144,0.0010485427020682195
dibco19,dibco19_a_008,dibco19_a_008,val,docres_input_blend_0.80,14.632846832406559,0.6596075296401978,0.030564186509049365,0.9413402958548686,0.9683079677708147,0.0024607277788824817,0.0016674854471515948,0.0017326628099951615
dibco19,dibco19_a_008,dibco19_a_008,val,docres_classical040_blend_0.85,14.651606188842036,0.6540078520774841,0.030671288408639738,0.9383771296021728,0.969740376007162,0.002624776297474647,0.00018502489482577456,0.00040368412368755344
dibco19,dibco19_a_008,dibco19_a_008,val,docres_input_blend_0.85,14.634425788054983,0.6596413254737854,0.03213455372529559,0.9382315447364566,0.9663980901223516,0.0025949492940942533,0.0016469769454808298,0.0018083479740241578
dibco19,dibco19_a_008,dibco19_a_008,val,docres_classical040_blend_0.90,14.635293144924368,0.658650815486908,0.032668681159125135,0.9359782545291783,0.9659206207102358,0.0027092861403857625,0.0014663578694551814,0.0009384440151458734
dibco19,dibco19_a_008,dibco19_a_008,val,docres_input_blend_0.90,14.636637789339009,0.6596689820289612,0.03274894646237314,0.9371054612302597,0.9657415696806924,0.002674487969775303,0.0016147910745128319,0.001876666027349314
dibco19,dibco19_a_008,dibco19_a_008,val,docres_classical040_blend_0.95,14.629989470350502,0.6597216129302979,0.03300321354375993,0.936414176457238,0.9650850492390332,0.0027739113143766155,0.001664034872250648,0.0015834461437335965
dibco19,dibco19_a_008,dibco19_a_008,val,docres_input_blend_0.95,14.63892395240146,0.6596966981887817,0.03300810121397581,0.9368195505596004,0.9655028349746344,0.0027739113143766155,0.0015722729736157193,0.0019567974366218265
dibco19,dibco19_a_008,dibco19_a_008,val,docres_appearance,15.01167741752165,0.6779582500457764,0.11044609618297156,0.8145611631643367,0.922829006266786,0.006606681248757208,0.029247540734329214,0.014488203440723628
dibco19,dibco19_a_008,dibco19_a_008,val,docres_binarization,19.782312627097905,0.951031506061554,0.47062502459062017,0.277402340515499,0.30134288272157567,0.07378703519586399,0.06580599191356802,0.07557774310217256
dibco19,dibco19_a_008,dibco19_a_008,val,binary_input_blend_0.75,19.902087375792682,0.8891018629074097,0.38992281382301436,0.39838923210511973,0.43103551178752614,0.07378703519586399,0.048827701293283315,0.04313308759523477
dibco19,dibco19_a_008,dibco19_a_008,val,binary_docres_blend_0.75,19.903841317165423,0.8899052143096924,0.39444197225285355,0.38822426813009403,0.42029245001492094,0.07378703519586399,0.04879689955123033,0.0430618298250662
dibco19,dibco19_a_008,dibco19_a_008,val,binary_input_blend_0.90,20.045874490650448,0.934148907661438,0.42102832150224145,0.36403653569032485,0.3948672038197553,0.07378703519586399,0.05939115873034443,0.06216877312480969
dibco19,dibco19_a_008,dibco19_a_008,val,binary_docres_blend_0.90,20.04625135336162,0.9343979358673096,0.420772682008986,0.3645919321795943,0.39540435690838555,0.07378703519586399,0.059394004967268356,0.06215735717838674
kligler,natiCHW01_06,natiCHW01_06,val,input,11.497635864556441,0.805308997631073,2.2663171339587508e-11,0.9999999999496374,1.0,0.0,0.0,0.0
kligler,natiCHW01_06,natiCHW01_06,val,classical_shadow_0.25,15.815243581220308,0.8994590640068054,0.23507874971631898,0.6583302561127151,0.9876611603545528,0.01259837962962963,0.1113802934368192,0.040294779937805766
kligler,natiCHW01_06,natiCHW01_06,val,classical_shadow_0.40,18.463932080086952,0.920522928237915,0.335954584521507,0.5409564328386066,0.9861502820306205,0.02218894675925926,0.17821181122912128,0.0598521800799537
kligler,natiCHW01_06,natiCHW01_06,val,classical_shadow_0.55,18.736841956579543,0.9206644892692566,0.4188015764250608,0.4867975288838482,0.9841861402095085,0.045435474537037036,0.2450226091594045,0.07402657703665602
kligler,natiCHW01_06,natiCHW01_06,val,classical_shadow_0.70,16.267075441794347,0.9055436849594116,0.634483509704799,0.47567633437787776,0.9829270749395649,0.35192997685185184,0.31187988494008717,0.08089643362474006
kligler,natiCHW01_06,natiCHW01_06,val,docres_deshadow,31.12286485898277,0.9571629762649536,0.5952018072122803,0.5270956348841925,0.9620769540692989,0.34848958333333335,0.15413053740014523,0.11790437991684806
kligler,natiCHW01_06,natiCHW01_06,val,docres_classical040_blend_0.70,27.24327164007309,0.9594082832336426,0.5782354686066983,0.5620048175824359,0.9752719580983078,0.34261574074074075,0.16140134236565,0.11096183262089065
kligler,natiCHW01_06,natiCHW01_06,val,docres_input_blend_0.70,20.619429594166725,0.9515795111656189,0.3148382634995471,0.6640754560301245,0.9680197421434327,0.05673755787037037,0.10783584672294844,0.10633387025592224
kligler,natiCHW01_06,natiCHW01_06,val,docres_classical040_blend_0.80,29.08621609339911,0.9598016738891602,0.5929632135503938,0.5320994794532458,0.9730056406124094,0.3455251736111111,0.15882348969680468,0.11479763904272088
kligler,natiCHW01_06,natiCHW01_06,val,docres_input_blend_0.80,23.19489123575089,0.9563326239585876,0.552872377026423,0.5888145784578226,0.9666095890410958,0.33185619212962963,0.12321162967501817,0.1142571424373931
kligler,natiCHW01_06,natiCHW01_06,val,docres_classical040_blend_0.85,29.93145963791012,0.9592540860176086,0.5951938026520692,0.5278651746729812,0.9716962127316681,0.34662760416666666,0.15788410607298475,0.11596581470952816
kligler,natiCHW01_06,natiCHW01_06,val,docres_input_blend_0.85,24.788204573369402,0.957478404045105,0.5716522883504431,0.557313632513385,0.9649979854955681,0.3365668402777778,0.1309464188453159,0.11677475907223331
kligler,natiCHW01_06,natiCHW01_06,val,docres_classical040_blend_0.90,30.612722301917476,0.9589943885803223,0.5931068309806261,0.5327308119985337,0.9647965350523772,0.34717881944444445,0.156354773738199,0.11715631147447784
kligler,natiCHW01_06,natiCHW01_06,val,docres_input_blend_0.90,26.656671898565595,0.957931399345398,0.5825750303324179,0.5419002321345932,0.9639907332796133,0.3422410300925926,0.13868868010167032,0.11825777125386105
kligler,natiCHW01_06,natiCHW01_06,val,docres_classical040_blend_0.95,31.082422055770067,0.9576234221458435,0.5963015087528043,0.5254079763681107,0.9680197421434327,0.34784288194444446,0.1556003313362382,0.11749160930659815
kligler,natiCHW01_06,natiCHW01_06,val,docres_input_blend_0.95,28.81432226630374,0.957650899887085,0.5892948614499105,0.5343453828584991,0.9625805801772764,0.34608506944444445,0.14640577909404504,0.11864662016436167
kligler,natiCHW01_06,natiCHW01_06,val,docres_appearance,10.512637225805769,0.7901220917701721,0.6618816527798452,0.37541636200391143,0.9309024979854955,0.34409288194444443,0.46289153277051565,0.05136502613600901
kligler,natiCHW01_06,natiCHW01_06,val,docres_binarization,9.614418456157738,0.6722695827484131,0.5851747805907103,0.48512654655766513,0.6496776792908945,0.3495905671296296,0.4718281760620915,0.0058028775694324965
kligler,natiCHW01_06,natiCHW01_06,val,binary_input_blend_0.75,13.389636119177217,0.7721024751663208,0.5446610238639638,0.6033996616207444,0.7544319097502015,0.3495905671296296,0.35390407702432825,0.026984785988831226
kligler,natiCHW01_06,natiCHW01_06,val,binary_docres_blend_0.75,12.265243572005517,0.7833012342453003,0.5412510405823664,0.6120181039112577,0.7627417405318292,0.3495905671296296,0.3924378801289034,0.02776531223738719
kligler,natiCHW01_06,natiCHW01_06,val,binary_input_blend_0.90,10.993410370930352,0.7117506265640259,0.5533205360992922,0.5603118969574169,0.7165592264302981,0.3495905671296296,0.4246584626906318,0.009101482883549667
kligler,natiCHW01_06,natiCHW01_06,val,binary_docres_blend_0.90,10.583192830071692,0.7170059084892273,0.5512036233319252,0.5631309148042929,0.7192284448025785,0.3495905671296296,0.44000655864197535,0.007687558323094992
kligler,natiCHW02_04,natiCHW02_04,val,input,14.399407368261228,0.8352164030075073,9.625450436701045e-12,0.9999999999786101,1.0,0.0,0.0,0.0
kligler,natiCHW02_04,natiCHW02_04,val,classical_shadow_0.25,17.67749343808109,0.8927448987960815,0.12276977999222341,0.9056507186275714,0.9838933926547025,0.02528697042366107,0.10336760238867727,0.022797653325830915
kligler,natiCHW02_04,natiCHW02_04,val,classical_shadow_0.40,17.457894801334575,0.892901599407196,0.1710125115954844,0.8918335601615431,0.9810913135547903,0.03755395683453237,0.16548191407658186,0.030984818671689476
kligler,natiCHW02_04,natiCHW02_04,val,classical_shadow_0.55,15.503110605735271,0.8751945495605469,0.2164496019094237,0.8822564775165964,0.9781608949541186,0.052023980815347724,0.2277246124668893,0.03391865164964777
kligler,natiCHW02_04,natiCHW02_04,val,classical_shadow_0.70,13.21453898278615,0.8456082940101624,0.4126691286503271,0.8752324890059012,0.9763641419434879,0.23765307753796963,0.2898005987366969,0.0314511186083551
kligler,natiCHW02_04,natiCHW02_04,val,docres_deshadow,12.157915862007362,0.8540002703666687,0.43368335676885217,0.8309487246557746,0.9490919980321276,0.23880575539568347,0.32356796915408853,0.03134087911377887
kligler,natiCHW02_04,natiCHW02_04,val,docres_classical040_blend_0.70,13.911711799842145,0.8816177845001221,0.422890430571233,0.8500625212979792,0.9597227866783599,0.2330519584332534,0.2761846303349478,0.03727767787011697
kligler,natiCHW02_04,natiCHW02_04,val,docres_input_blend_0.70,15.848758707702462,0.902313232421875,0.3995974973298799,0.8506782172413336,0.9577976941669697,0.2190183852917666,0.2263899437312895,0.03804722050699599
kligler,natiCHW02_04,natiCHW02_04,val,docres_classical040_blend_0.80,13.309870213947306,0.8731614947319031,0.42651709647068026,0.8449200891516809,0.9566640285769288,0.23521342925659472,0.29194906662904974,0.0358628455539033
kligler,natiCHW02_04,natiCHW02_04,val,docres_input_blend_0.80,14.558675170382873,0.888610303401947,0.4207705343445013,0.8435351016239035,0.955059784817437,0.2279040767386091,0.25880023824077997,0.037428755561081356
kligler,natiCHW02_04,natiCHW02_04,val,docres_classical040_blend_0.85,13.014268016890227,0.8684877157211304,0.4285511441924176,0.8413398138570262,0.9552736839853693,0.23619504396482813,0.2998551182583345,0.034931694105418666
kligler,natiCHW02_04,natiCHW02_04,val,docres_input_blend_0.85,13.927346871393137,0.8807649612426758,0.42465974040699705,0.8407373202246501,0.9541400183953285,0.23109192645883295,0.2750262785849752,0.03649934674876106
kligler,natiCHW02_04,natiCHW02_04,val,docres_classical040_blend_0.90,12.724181572037532,0.8636806607246399,0.4309038675196486,0.8364821213785216,0.9527282838869757,0.23702158273381296,0.30784115609473206,0.03383206567695059
kligler,natiCHW02_04,natiCHW02_04,val,docres_input_blend_0.90,13.314169518447613,0.8721640706062317,0.4286848961926466,0.8363356312182065,0.9523646553014908,0.2339488409272582,0.29126237519788095,0.03514514885596893
kligler,natiCHW02_04,natiCHW02_04,val,docres_classical040_blend_0.95,12.433174565415586,0.8589879274368286,0.43221618529499517,0.833836631326384,0.9509101409595516,0.2378864908073541,0.31587697998463976,0.0325936309741898
kligler,natiCHW02_04,natiCHW02_04,val,docres_input_blend_0.95,12.726811697129497,0.8633551001548767,0.43157919032688663,0.8330832989379836,0.9502470535389618,0.23639168665067944,0.30736928888261944,0.0334583136638331
kligler,natiCHW02_04,natiCHW02_04,val,docres_appearance,9.202600793472248,0.7874809503555298,0.4535876893723989,0.7866671553033301,0.9182691279330923,0.24147561950439647,0.4138293318286547,0.026853816257501585
kligler,natiCHW02_04,natiCHW02_04,val,docres_binarization,7.8261471435569865,0.6236205697059631,0.6826777347850368,0.41005722211877826,0.5058287523261534,0.27113029576338926,0.4241108571965957,0.11200580789747834
kligler,natiCHW02_04,natiCHW02_04,val,binary_input_blend_0.75,10.703293199200093,0.7169668078422546,0.6140863413797611,0.4951676672921517,0.5786400290902869,0.27113029576338926,0.31791004529709566,0.061519652768715655
kligler,natiCHW02_04,natiCHW02_04,val,binary_docres_blend_0.75,8.875890311261756,0.7089222073554993,0.5987855805672254,0.5401329806674724,0.6290132831383286,0.27113029576338926,0.39880639488409275,0.06974236977931325
kligler,natiCHW02_04,natiCHW02_04,val,binary_input_blend_0.90,8.887423099297314,0.6606799364089966,0.6448981825167291,0.4658974312734524,0.5536138264422151,0.27113029576338926,0.3814640146706164,0.09092004431630452
kligler,natiCHW02_04,natiCHW02_04,val,binary_docres_blend_0.90,8.237391748892536,0.6590067744255066,0.6408754461874097,0.4802098841555574,0.5657419092639729,0.27113029576338926,0.4140670835880316,0.09494982342901748
kligler,natiCHW02_05,natiCHW02_05,val,input,11.368417830275304,0.732757031917572,1.0798861804772741e-11,0.9999999999760025,1.0,0.0,0.0,0.0
kligler,natiCHW02_05,natiCHW02_05,val,classical_shadow_0.25,16.022255551490552,0.8719780445098877,0.17919670931751475,0.8156730692433316,0.9823858318734852,0.0222845723421263,0.13194608234980645,0.035310975324941825
kligler,natiCHW02_05,natiCHW02_05,val,classical_shadow_0.40,18.072012064642976,0.8967666625976562,0.2353575259865043,0.8047844818948126,0.9816899042499581,0.03217745803357314,0.2112991332424257,0.05135571918104422
kligler,natiCHW02_05,natiCHW02_05,val,classical_shadow_0.55,16.83304584292212,0.8908067345619202,0.2693757154975391,0.7973086462999295,0.9796501163878957,0.04130615507593925,0.290748383254181,0.06143075209428014
kligler,natiCHW02_05,natiCHW02_05,val,classical_shadow_0.70,13.934226775126275,0.8656556010246277,0.48187020064211405,0.7926881386069256,0.9792421588154832,0.43495763389288566,0.37003119073368756,0.06429977169205085
kligler,natiCHW02_05,natiCHW02_05,val,docres_deshadow,12.305148750751087,0.8473129272460938,0.49158408531297126,0.7359640078594815,0.9421420172302081,0.4288697042366107,0.41372925816209777,0.03794648141622984
kligler,natiCHW02_05,natiCHW02_05,val,docres_classical040_blend_0.70,14.653855571045408,0.886875569820404,0.49104120801795337,0.7542184682404058,0.9535648292577572,0.4236514788169464,0.3530300841679598,0.05073253121022668
kligler,natiCHW02_05,natiCHW02_05,val,docres_input_blend_0.70,17.07204466140539,0.9066342711448669,0.4898442320724631,0.7534796166574103,0.9509491012934654,0.411480415667466,0.28956560555477184,0.04818343261382947
kligler,natiCHW02_05,natiCHW02_05,val,docres_classical040_blend_0.80,13.837271713986034,0.8745975494384766,0.4912888545658184,0.7489122621022869,0.9500371961316023,0.425480415667466,0.37330066299901254,0.04716562085307907
kligler,natiCHW02_05,natiCHW02_05,val,docres_input_blend_0.80,15.443575129637086,0.8904892802238464,0.4917621672189163,0.7475781427240676,0.9481653907993569,0.41834852118305355,0.3309350637137349,0.04695388574124459
kligler,natiCHW02_05,natiCHW02_05,val,docres_classical040_blend_0.85,13.440014954530756,0.8679422736167908,0.4914866575740313,0.7457284724310282,0.9478774207482422,0.4263517186250999,0.3834151063462955,0.04510745027999007
kligler,natiCHW02_05,natiCHW02_05,val,docres_input_blend_0.85,14.613610004266096,0.8807859420776367,0.49193957555739587,0.7452236521203919,0.9463415804756306,0.4213876898481215,0.35169530258146425,0.04548369835262043
kligler,natiCHW02_05,natiCHW02_05,val,docres_classical040_blend_0.90,13.052731753460094,0.8610325455665588,0.4914570319900208,0.7427941675004184,0.9461975954500732,0.427136690647482,0.3935995611354054,0.04285734560868176
kligler,natiCHW02_05,natiCHW02_05,val,docres_input_blend_0.90,13.807218231416584,0.8701279759407043,0.4924233588018083,0.7414559704446012,0.944421780134866,0.4239264588329337,0.37243557311013936,0.0434642425031314
kligler,natiCHW02_05,natiCHW02_05,val,docres_classical040_blend_0.95,12.67044520293,0.8541281223297119,0.49139212205223537,0.7396786620174823,0.9445897626646829,0.428193445243805,0.4038211125217474,0.040412533266837324
kligler,natiCHW02_05,natiCHW02_05,val,docres_input_blend_0.95,13.036902049084365,0.8588471412658691,0.49217340826379596,0.7386233449011433,0.9437738475198579,0.42655635491606714,0.39312887885769815,0.04092318911551743
kligler,natiCHW02_05,natiCHW02_05,val,docres_appearance,9.23134952739787,0.7836911678314209,0.4952649633091645,0.701285365885522,0.9178085479110173,0.42839168665067945,0.5068897415401012,0.018072296596082314
kligler,natiCHW02_05,natiCHW02_05,val,docres_binarization,7.745353932606996,0.6157534718513489,0.691524997938071,0.36757089565087153,0.4871013414604881,0.4708729016786571,0.5234780771461263,0.09488650163493881
kligler,natiCHW02_05,natiCHW02_05,val,binary_input_blend_0.75,11.126907644588202,0.7113873362541199,0.6330544333155685,0.4287407128669474,0.5469991120923424,0.4708729016786571,0.39245440667074183,0.04331292350949146
kligler,natiCHW02_05,natiCHW02_05,val,binary_docres_blend_0.75,8.829451310525373,0.7046476602554321,0.5941622129644974,0.5294007138732031,0.6762496700343165,0.4708729016786571,0.4958387047224966,0.05398755701239791
kligler,natiCHW02_05,natiCHW02_05,val,binary_input_blend_0.90,8.984644076158792,0.6537156701087952,0.6614406517130623,0.4052783198512168,0.5232895778839001,0.4708729016786571,0.4707921004372972,0.07302649274351639
kligler,natiCHW02_05,natiCHW02_05,val,binary_docres_blend_0.90,8.169098075632853,0.65279221534729,0.6580404621515425,0.4198496184129334,0.537328117875741,0.4708729016786571,0.5124567828090468,0.07828798406227089
kligler,natiCHW03_05,natiCHW03_05,val,input,12.914168858209399,0.8393634557723999,1.7745904745680718e-11,0.9999999999605647,1.0,0.0,0.0,0.0
kligler,natiCHW03_05,natiCHW03_05,val,classical_shadow_0.25,17.35905630963702,0.9145012497901917,0.16383456259978635,0.8407026044538427,0.9852512027762442,0.0262004662004662,0.10589134786781848,0.039322882094036574
kligler,natiCHW03_05,natiCHW03_05,val,classical_shadow_0.40,19.12948082197277,0.9249512553215027,0.22749132692831397,0.8114023676072785,0.9838709677419355,0.039595959595959594,0.16944814662461716,0.0587452901763047
kligler,natiCHW03_05,natiCHW03_05,val,classical_shadow_0.55,17.892934528683824,0.9162948727607727,0.2824589677896086,0.7902913852439744,0.9829245208612667,0.051108003108003106,0.23299615765498122,0.07297270829900247
kligler,natiCHW03_05,natiCHW03_05,val,classical_shadow_0.70,15.169729016893271,0.8958765268325806,0.5041749142781716,0.7645360444523593,0.9815837211136524,0.2713069153069153,0.2966099913158737,0.08036022380288886
kligler,natiCHW03_05,natiCHW03_05,val,docres_deshadow,33.86959843210473,0.9571107029914856,0.532148977713429,0.6420691345743219,0.9295291426768673,0.2717249417249417,0.13054651492298552,0.11476913717113259
kligler,natiCHW03_05,natiCHW03_05,val,docres_classical040_blend_0.70,29.258884426123647,0.9583132266998291,0.5167967011141499,0.6759949218779049,0.9659279122959223,0.26256565656565656,0.14218597437420963,0.1068667103492054
kligler,natiCHW03_05,natiCHW03_05,val,docres_input_blend_0.70,23.127082120106557,0.9547257423400879,0.28896865716827835,0.6843055237026041,0.941911822698951,0.050284382284382284,0.09128636592166,0.10017869030233983
kligler,natiCHW03_05,natiCHW03_05,val,docres_classical040_blend_0.80,31.763333607482394,0.9590123295783997,0.5206289593786577,0.6691287514575049,0.9609985014591056,0.265998445998446,0.13831296981885216,0.11068618267832338
kligler,natiCHW03_05,natiCHW03_05,val,docres_input_blend_0.80,26.27626885859695,0.9578925967216492,0.5068452799905567,0.6665735281604244,0.9407681993848095,0.2555866355866356,0.1044611545317428,0.10836484308341755
kligler,natiCHW03_05,natiCHW03_05,val,docres_classical040_blend_0.85,32.98291231478571,0.9583372473716736,0.522873074704692,0.6643642244150875,0.9558324789021216,0.26726340326340325,0.13630903910903913,0.11218893341310955
kligler,natiCHW03_05,natiCHW03_05,val,docres_input_blend_0.85,28.28031225749474,0.9585059285163879,0.5139912676070387,0.660508211255534,0.938954176196861,0.25971561771561774,0.11111068452244922,0.1112928147717489
kligler,natiCHW03_05,natiCHW03_05,val,docres_classical040_blend_0.90,33.863612653667296,0.9585127234458923,0.5262299240148512,0.6567852077927134,0.9497200094644688,0.26893550893550894,0.13447902250255192,0.11331943086758595
kligler,natiCHW03_05,natiCHW03_05,val,docres_input_blend_0.90,30.606522274048636,0.9584832787513733,0.5201884352410738,0.6553804617153732,0.9381260351762757,0.264018648018648,0.11772715998598346,0.11336463169766393
kligler,natiCHW03_05,natiCHW03_05,val,docres_classical040_blend_0.95,34.2856115172184,0.9569035768508911,0.5301610006750365,0.6473745878457894,0.9369035412887452,0.269979797979798,0.13224906074317833,0.1142999015139505
kligler,natiCHW03_05,natiCHW03_05,val,docres_input_blend_0.95,32.87180759988425,0.9575247764587402,0.5280887421461902,0.6452556740321231,0.9305544601309251,0.2673830613830614,0.12431134878193703,0.11454875991311794
kligler,natiCHW03_05,natiCHW03_05,val,docres_appearance,10.43930328114369,0.8486416339874268,0.5659269210623616,0.5735769891675873,0.8949049609590661,0.27015850815850817,0.42133741030211613,0.04006094364629325
kligler,natiCHW03_05,natiCHW03_05,val,docres_binarization,9.109169241269683,0.7006877064704895,0.6736176998998848,0.39701572725415124,0.6410994557930436,0.2824009324009324,0.39997102853573435,0.08712462860708829
kligler,natiCHW03_05,natiCHW03_05,val,binary_input_blend_0.75,12.346832597661157,0.7650335431098938,0.5986206807871683,0.49513147616518793,0.7499802823566527,0.2824009324009324,0.29982589088471445,0.035716408435838204
kligler,natiCHW03_05,natiCHW03_05,val,binary_docres_blend_0.75,11.597999891054485,0.75983065366745,0.5983900566465344,0.49276264590161445,0.749112706049373,0.2824009324009324,0.3324176607706019,0.03355541217043483
kligler,natiCHW03_05,natiCHW03_05,val,binary_input_blend_0.90,10.305417785304826,0.7260470390319824,0.6317981041122543,0.46077731305567743,0.7125167599968452,0.2824009324009324,0.3597668692962811,0.06524649164551542
kligler,natiCHW03_05,natiCHW03_05,val,binary_docres_blend_0.90,10.025709668490808,0.7243908643722534,0.6321180977069265,0.460451833330092,0.7121224071298998,0.2824009324009324,0.3726444840562488,0.06553570450911324
kligler,natiCHW04_03,natiCHW04_03,val,input,11.900817767047556,0.8040400147438049,3.2003399930147225e-11,0.9999999999288813,1.0,0.0,0.0,0.0
kligler,natiCHW04_03,natiCHW04_03,val,classical_shadow_0.25,16.300256710701195,0.8976153135299683,0.25696721283323853,0.6306580098249915,0.9740416755565038,0.019909872202235442,0.11406375125271968,0.042046574251935594
kligler,natiCHW04_03,natiCHW04_03,val,classical_shadow_0.40,18.58854032035228,0.9189327359199524,0.34015030130712237,0.5667413306551045,0.9716947585520234,0.03357724623259616,0.18255633657968268,0.06430686539575017
kligler,natiCHW04_03,natiCHW04_03,val,classical_shadow_0.55,18.083173693344712,0.9196819067001343,0.40590619407601936,0.5341761218431088,0.9676409928170115,0.04662900212860556,0.2510001718991813,0.08276074462802134
kligler,natiCHW04_03,natiCHW04_03,val,classical_shadow_0.70,15.442041157358688,0.9062057733535767,0.4412973435975962,0.5029689007458261,0.9638717018704217,0.06029637615896628,0.31955451064186224,0.09556162129041942
kligler,natiCHW04_03,natiCHW04_03,val,docres_deshadow,32.71320587139502,0.9696665406227112,0.6286454052117375,0.4592779758243301,0.9436739918924685,0.3185481835193488,0.1535902292032727,0.1231406710856285
kligler,natiCHW04_03,natiCHW04_03,val,docres_classical040_blend_0.70,28.662635302273504,0.9678962230682373,0.6258573632921283,0.4658434505736279,0.9578266126164569,0.30582052288454553,0.1622621357452995,0.11763676958690182
kligler,natiCHW04_03,natiCHW04_03,val,docres_input_blend_0.70,21.653862283204074,0.9597399234771729,0.39964854526208293,0.4703204342332229,0.955124102126449,0.052819384479582815,0.10734185778275852,0.10922768845724498
kligler,natiCHW04_03,natiCHW04_03,val,docres_classical040_blend_0.80,31.06207689586663,0.9696902632713318,0.6280070774463176,0.46312878131501717,0.9527060664248631,0.31030248348172773,0.15925793968724186,0.12118642193863094
kligler,natiCHW04_03,natiCHW04_03,val,docres_input_blend_0.80,24.5555378105435,0.9660808444023132,0.6099959337076837,0.46640880895998293,0.9519237607567029,0.30191672217544463,0.12284475613452227,0.11790332547644516
kligler,natiCHW04_03,natiCHW04_03,val,docres_classical040_blend_0.85,32.136034629929014,0.969523012638092,0.6283705777234636,0.46258033306397,0.9521371168480194,0.3121688813176182,0.15798990300677304,0.12222627733256819
kligler,natiCHW04_03,natiCHW04_03,val,docres_input_blend_0.85,26.38816397391992,0.9680220484733582,0.6163584963985601,0.4631348419903662,0.9475144015361638,0.30661691777263494,0.13070476716378832,0.12081211404784926
kligler,natiCHW04_03,natiCHW04_03,val,docres_classical040_blend_0.90,32.89425959373705,0.9702526330947876,0.6296156917755312,0.45944544321465064,0.9450963658345779,0.3143838037057606,0.1563406416511365,0.12304980760278225
kligler,natiCHW04_03,natiCHW04_03,val,docres_input_blend_0.90,28.53657111519638,0.9691969156265259,0.6208183287094889,0.46266115298805777,0.9468743332622146,0.3109360164295125,0.13844969547531527,0.12272661560664808
kligler,natiCHW04_03,natiCHW04_03,val,docres_classical040_blend_0.95,33.19073453275495,0.969333291053772,0.6293826508388648,0.45918190932335734,0.9444562975606287,0.3162681163550846,0.15518128817216434,0.1232366579425164
kligler,natiCHW04_03,natiCHW04_03,val,docres_input_blend_0.95,30.88293871409155,0.9696935415267944,0.6251773743977813,0.46089821396008673,0.9451674845316834,0.31443266228785194,0.1461115705840296,0.12356157074368082
kligler,natiCHW04_03,natiCHW04_03,val,docres_appearance,10.398719074717299,0.8408867120742798,0.6453148495800715,0.406317512261659,0.882796387170187,0.3046365165785312,0.4534886384796078,0.04692955016302989
kligler,natiCHW04_03,natiCHW04_03,val,docres_binarization,9.141824132960748,0.7269217371940613,0.7123687958327494,0.25683515603304763,0.5478273238034279,0.30233202012322136,0.4465440073559948,0.046574360079367993
kligler,natiCHW04_03,natiCHW04_03,val,binary_input_blend_0.75,12.422486824644174,0.7897939682006836,0.6698148062238536,0.29915527778658213,0.6195860891828462,0.30233202012322136,0.3347728732170569,0.007391135379692636
kligler,natiCHW04_03,natiCHW04_03,val,binary_docres_blend_0.75,11.701422257788037,0.7854716181755066,0.6648753862937409,0.3017767716161838,0.6257022971339165,0.30233202012322136,0.3733465449494005,0.0011248892017061462
kligler,natiCHW04_03,natiCHW04_03,val,binary_input_blend_0.90,10.360988305510297,0.7526896595954895,0.6900934841209044,0.28357650578908355,0.5929876964654007,0.30233202012322136,0.4018939821778582,0.029504852876653376
kligler,natiCHW04_03,natiCHW04_03,val,binary_docres_blend_0.90,10.080676547179193,0.74989253282547,0.6878068005074308,0.28579207077468805,0.5972548182917289,0.30233202012322136,0.41712863094708336,0.027355387260067372
kligler,natiCHW04_05,natiCHW04_05,val,input,9.866581165762637,0.7347427606582642,2.312794955550146e-11,0.9999999999486046,1.0,0.0,0.0,0.0
kligler,natiCHW04_05,natiCHW04_05,val,classical_shadow_0.25,14.273806885914093,0.8805074691772461,0.15536367468466972,0.8923478422549935,0.9841188261294136,0.02366546854565916,0.13065136760759677,0.05165698018453155
kligler,natiCHW04_05,natiCHW04_05,val,classical_shadow_0.40,17.481527992676014,0.9160652160644531,0.260220718085186,0.7968626141767757,0.9816518476640798,0.0374256738819935,0.20914108305170198,0.07954464560343458
kligler,natiCHW04_05,natiCHW04_05,val,classical_shadow_0.55,18.74570252895395,0.9223494529724121,0.33925335667266954,0.7177091182849393,0.9789792876599681,0.050529545598900355,0.2876467398057287,0.1028215238366531
kligler,natiCHW04_05,natiCHW04_05,val,classical_shadow_0.70,16.235179445436568,0.9078607559204102,0.3745855122965741,0.6881720429858379,0.97692347227219,0.0630145419426498,0.3661553472349093,0.11874731616258555
kligler,natiCHW04_05,natiCHW04_05,val,docres_deshadow,29.959199868646202,0.9597363471984863,0.5876784150621864,0.6288125253955262,0.9536413630056021,0.44003179065074743,0.21263503370459785,0.14265006334722344
kligler,natiCHW04_05,natiCHW04_05,val,docres_classical040_blend_0.70,26.24960558228811,0.9599068760871887,0.5782694233764775,0.6437162577515302,0.9682376522588272,0.4291770423294469,0.21151887376689166,0.13889031642984906
kligler,natiCHW04_05,natiCHW04_05,val,docres_input_blend_0.70,19.326141086632333,0.9469348192214966,0.34570814858664817,0.6446346325481325,0.963920439944493,0.04941394130781395,0.14854940945462106,0.12826671357274227
kligler,natiCHW04_05,natiCHW04_05,val,docres_classical040_blend_0.80,28.074223058112253,0.9610110521316528,0.5832786630002593,0.637415359466555,0.962789741481215,0.4330108124042168,0.2117769939754175,0.14234129528340345
kligler,natiCHW04_05,natiCHW04_05,val,docres_input_blend_0.80,22.06772882069977,0.9551367163658142,0.5628754908395883,0.6403025428440294,0.9615562522485481,0.4236576511725245,0.17015199202346923,0.13825139718335647
kligler,natiCHW04_05,natiCHW04_05,val,docres_classical040_blend_0.85,28.915012078007415,0.9607765078544617,0.5848095030755995,0.6354495736731733,0.9614534614791592,0.4348185799415977,0.21235553068132146,0.14303266492666492
kligler,natiCHW04_05,natiCHW04_05,val,docres_input_blend_0.85,23.776529345309328,0.957828938961029,0.5716179973520441,0.6348234333321486,0.9590378783985198,0.42782528822491883,0.18100566737198662,0.14147712567119408
kligler,natiCHW04_05,natiCHW04_05,val,docres_classical040_blend_0.90,29.56933161019762,0.9608635902404785,0.5858628596065346,0.6337104610255934,0.9586267153209642,0.43655468822524457,0.21218663965585416,0.14359651867618325
kligler,natiCHW04_05,natiCHW04_05,val,docres_input_blend_0.90,25.7735003112761,0.9594249725341797,0.5784702790468614,0.6316773141011391,0.9553888060852136,0.43205481281462893,0.1916845758917003,0.14341873339282324
kligler,natiCHW04_05,natiCHW04_05,val,docres_classical040_blend_0.95,29.98067291178124,0.9596495032310486,0.5870446983464779,0.631141985746149,0.9572390399342139,0.43834454094919195,0.21291417268353718,0.14315487143138358
kligler,natiCHW04_05,natiCHW04_05,val,docres_input_blend_0.95,28.020798191821626,0.9596038460731506,0.5844440874201642,0.628406779639715,0.9527676414657964,0.43587881117298055,0.20239629949569957,0.14378103076626017
kligler,natiCHW04_05,natiCHW04_05,val,docres_appearance,10.743234213197862,0.8386285305023193,0.5820565103708479,0.5700742359298752,0.9117027290949272,0.39632453173120613,0.5006673156235982,0.06431652756548628
kligler,natiCHW04_05,natiCHW04_05,val,docres_binarization,9.093161263701939,0.7315064072608948,0.6215426306467431,0.3975671363866802,0.614791591715064,0.45678865568868615,0.5237861811771386,0.0007464033679151587
kligler,natiCHW04_05,natiCHW04_05,val,binary_input_blend_0.75,12.997193891443874,0.7989727854728699,0.6181676625164723,0.45666115017043646,0.680731870278049,0.45678865568868615,0.39261132419946093,0.03944196682194778
kligler,natiCHW04_05,natiCHW04_05,val,binary_docres_blend_0.75,11.682466155234486,0.7917216420173645,0.6198722697757026,0.4561391423986176,0.6806804748933546,0.45678865568868615,0.44619113981866826,0.04189147309180088
kligler,natiCHW04_05,natiCHW04_05,val,binary_input_blend_0.90,10.528426905907843,0.7583352327346802,0.615348103837733,0.4338145172125216,0.6548799917767385,0.45678865568868615,0.4712802388718432,0.017607727638946108
kligler,natiCHW04_05,natiCHW04_05,val,binary_docres_blend_0.90,10.050021426424056,0.7548404335975647,0.6142349034380988,0.43497360802196583,0.6564732487022665,0.45678865568868615,0.49221854271327414,0.01662171174663902
kligler,natiCHW04_12,natiCHW04_12,val,input,11.907720546274865,0.8156759738922119,2.4038471213572168e-11,0.9999999999465812,1.0,0.0,0.0,0.0
kligler,natiCHW04_12,natiCHW04_12,val,classical_shadow_0.25,15.980021243404588,0.9041968584060669,0.17755081469619108,0.8067105262804074,0.9825320512820512,0.019882185672383663,0.11111665267490994,0.043736174633377964
kligler,natiCHW04_12,natiCHW04_12,val,classical_shadow_0.40,17.90610198045996,0.922660231590271,0.25869943309431465,0.7408155841756935,0.9791666666666666,0.030805336008612138,0.1777344543727425,0.06694554702611256
kligler,natiCHW04_12,natiCHW04_12,val,classical_shadow_0.55,17.436968130421658,0.9216393828392029,0.3339387390713174,0.686816696070676,0.9765491452991453,0.04354602559863978,0.2442922653958582,0.0862388675768975
kligler,natiCHW04_12,natiCHW04_12,val,classical_shadow_0.70,15.115170129231931,0.9073274731636047,0.37069929306668326,0.6620168555411938,0.9735042735042735,0.05885993384547985,0.3110951676722753,0.09957824035790104
kligler,natiCHW04_12,natiCHW04_12,val,docres_deshadow,32.74821012207953,0.9644644260406494,0.5611008369326609,0.6111642525071344,0.9556623931623932,0.32521086549720934,0.15288390016154313,0.12495198416042354
kligler,natiCHW04_12,natiCHW04_12,val,docres_classical040_blend_0.70,26.925141473799172,0.9633708000183105,0.5567821306227687,0.6207571129278664,0.9661858974358974,0.3154244915043069,0.16022280407577652,0.12005618301666338
kligler,natiCHW04_12,natiCHW04_12,val,docres_input_blend_0.70,21.854095205124064,0.9571541547775269,0.33280846946753195,0.6264178431223276,0.964690170940171,0.05522648395728457,0.10686246248467218,0.11120838320237653
kligler,natiCHW04_12,natiCHW04_12,val,docres_classical040_blend_0.80,29.137677974202873,0.9650857448577881,0.5589012640852989,0.618308314462324,0.9637286324786325,0.3189634814671255,0.1578122238232722,0.12335852677339307
kligler,natiCHW04_12,natiCHW04_12,val,docres_input_blend_0.80,24.853200283849826,0.9623394012451172,0.5417497548727742,0.6203365284938853,0.9610576923076923,0.3114881184071451,0.12249134572406141,0.11984109067566341
kligler,natiCHW04_12,natiCHW04_12,val,docres_classical040_blend_0.85,30.28001272240683,0.964353621006012,0.5598257590794575,0.6165758727989661,0.9613247863247864,0.3203689800119541,0.15661179081488677,0.12440030918839588
kligler,natiCHW04_12,natiCHW04_12,val,docres_input_blend_0.85,26.7407276420113,0.9637696146965027,0.5479298473655292,0.6174307512331627,0.9597222222222223,0.3152306857953444,0.13026836103119965,0.12277723501328766
kligler,natiCHW04_12,natiCHW04_12,val,docres_classical040_blend_0.90,31.420442431920904,0.9651937484741211,0.5603124850285093,0.6152502311987377,0.9594551282051282,0.32206763004933087,0.1554471618863973,0.12499370718897064
kligler,natiCHW04_12,natiCHW04_12,val,docres_input_blend_0.90,28.936471037150643,0.9644994735717773,0.5529334229466218,0.6156379730121234,0.9585470085470086,0.3187175599372656,0.13788824330628643,0.12469202246593807
kligler,natiCHW04_12,natiCHW04_12,val,docres_classical040_blend_0.95,32.27306224777869,0.9637583494186401,0.5610268015284101,0.6127213069720172,0.9576388888888889,0.323600160907597,0.15407385891180694,0.12520307683515858
kligler,natiCHW04_12,natiCHW04_12,val,docres_input_blend_0.95,31.251646451505273,0.9646707773208618,0.5577017372490974,0.6127541589439052,0.95625,0.32175819236275216,0.14540812835002626,0.12546309572307376
kligler,natiCHW04_12,natiCHW04_12,val,docres_appearance,10.43262208581082,0.8435304164886475,0.5835996472146975,0.5514505892840483,0.909775641025641,0.31657429680285726,0.43865722948783403,0.05292068732086536
kligler,natiCHW04_12,natiCHW04_12,val,docres_binarization,9.133440078649194,0.7279276251792908,0.6507558586410621,0.37848990907284513,0.6271367521367521,0.3364385676618074,0.436816736280566,0.03512719620640403
kligler,natiCHW04_12,natiCHW04_12,val,binary_input_blend_0.75,12.384924484427685,0.7901645302772522,0.6022609840911185,0.4470370370219853,0.709241452991453,0.3364385676618074,0.32747849128658285,0.005712751251686497
kligler,natiCHW04_12,natiCHW04_12,val,binary_docres_blend_0.75,11.602226680754884,0.7848301529884338,0.6046980042510735,0.44845447511188813,0.712232905982906,0.3364385676618074,0.36582331963919884,0.010837530085705217
kligler,natiCHW04_12,natiCHW04_12,val,binary_input_blend_0.90,10.346503817663207,0.7532244920730591,0.6203455883369448,0.42204211783624385,0.6787393162393163,0.3364385676618074,0.3929946884334524,0.01710756893875746
kligler,natiCHW04_12,natiCHW04_12,val,binary_docres_blend_0.90,10.03812240702496,0.7505946755409241,0.6194535166828495,0.4233809365518638,0.680982905982906,0.3364385676618074,0.4084631622417557,0.016624896885313666
kligler,natiCPO01_02,natiCPO01_02,val,input,13.253666457342426,0.8615033030509949,2.431120305068646e-11,0.9999999999459751,1.0,0.0,0.0,0.0
kligler,natiCPO01_02,natiCPO01_02,val,classical_shadow_0.25,18.87886790472657,0.9387593865394592,0.170146440788948,0.7904921798714106,0.966612641815235,0.015191820484980094,0.1173487329061194,0.02289434680609154
kligler,natiCPO01_02,natiCPO01_02,val,classical_shadow_0.40,21.247716496659482,0.9464111924171448,0.2403563765061629,0.7271687165150506,0.9614262560777957,0.023704306912775967,0.18783196014562184,0.03124201327818489
kligler,natiCPO01_02,natiCPO01_02,val,classical_shadow_0.55,18.7226333392245,0.9351468682289124,0.5113038110107616,0.6874781731136751,0.9571582928146948,0.43170466883821934,0.25814321602691026,0.03444831485319227
kligler,natiCPO01_02,natiCPO01_02,val,classical_shadow_0.70,15.124877600554449,0.9106566309928894,0.5263150295935952,0.6509173805695144,0.9564019448946516,0.4565580890336591,0.3287096932149624,0.032046418083127894
kligler,natiCPO01_02,natiCPO01_02,val,docres_deshadow,12.836709824664878,0.8951156735420227,0.5520596596897926,0.5825928848131122,0.9174500270124257,0.43167209554831704,0.388321113027187,0.02371076309282183
kligler,natiCPO01_02,natiCPO01_02,val,docres_classical040_blend_0.70,15.420117682821669,0.9235110878944397,0.5388476014327569,0.6203856354160854,0.9351701782820098,0.42587585957292795,0.32819889577256894,0.03003522894999217
kligler,natiCPO01_02,natiCPO01_02,val,docres_input_blend_0.70,18.23829200908678,0.9404483437538147,0.5266563642223973,0.647164716447376,0.9322528363047001,0.41673181324647124,0.2718005648875548,0.02980081103952739
kligler,natiCPO01_02,natiCPO01_02,val,docres_classical040_blend_0.80,14.493864396611116,0.9148429036140442,0.5444420668694379,0.6056377730582932,0.9285791464073474,0.4281397032211364,0.3482060917019722,0.028298441242783027
kligler,natiCPO01_02,natiCPO01_02,val,docres_input_blend_0.80,16.20496301832513,0.9277723431587219,0.5376660215079934,0.6217263737232684,0.9272825499729875,0.42215707564241767,0.3106563695329743,0.029071482805773614
kligler,natiCPO01_02,natiCPO01_02,val,docres_classical040_blend_0.85,14.056491316474363,0.9102692008018494,0.5463281883543563,0.6001331137912869,0.9255537547271745,0.42923814694173,0.35818265170708175,0.02731348260072561
kligler,natiCPO01_02,natiCPO01_02,val,docres_input_blend_0.85,15.272881962996887,0.9203236699104309,0.5425900735809298,0.6096717864434742,0.9242571582928147,0.42467788635541076,0.3300439349101928,0.028237295800822047
kligler,natiCPO01_02,natiCPO01_02,val,docres_classical040_blend_0.90,13.635631449085487,0.905376672744751,0.5473715226442402,0.5963600796242582,0.9223122636412749,0.429500542888165,0.36819423332126916,0.02622259745859385
kligler,natiCPO01_02,natiCPO01_02,val,docres_input_blend_0.90,14.398202579236932,0.9122520685195923,0.5475102292749141,0.5970703672344733,0.9204754186925986,0.4263517915309446,0.34956570366112427,0.026986490884045103
kligler,natiCPO01_02,natiCPO01_02,val,docres_classical040_blend_0.95,13.23005296732926,0.9004597663879395,0.5494326539316352,0.5902356084322761,0.9189627228525121,0.43062432138979373,0.3781204502068653,0.02506446287693234
kligler,natiCPO01_02,natiCPO01_02,val,docres_input_blend_0.95,13.602091982283177,0.9038229584693909,0.5482617890858423,0.5936541143447122,0.9198271204754187,0.4290770901194354,0.3686887937947528,0.02567690090160467
kligler,natiCPO01_02,natiCPO01_02,val,docres_appearance,10.838866972378394,0.8498168587684631,0.6149810951479442,0.4468382586448415,0.7596974608319828,0.4269507781397032,0.4430313242922938,0.02676385256353807
kligler,natiCPO01_02,natiCPO01_02,val,docres_binarization,8.703541749780058,0.6939637660980225,0.7596159828034421,0.2751096021269371,0.4508914100486224,0.45731270358306186,0.44621722623178844,0.1390255062676062
kligler,natiCPO01_02,natiCPO01_02,val,binary_input_blend_0.75,12.163734524928104,0.7711005210876465,0.6886017750166286,0.3589644783731884,0.5535926526202053,0.45731270358306186,0.33469058922881495,0.08355965047427222
kligler,natiCPO01_02,natiCPO01_02,val,binary_docres_blend_0.75,9.816108279609448,0.757796585559845,0.6898933914371261,0.3677355767409013,0.564397622906537,0.45731270358306186,0.43166303321907845,0.09229066828421961
kligler,natiCPO01_02,natiCPO01_02,val,binary_input_blend_0.90,9.95512398188129,0.7243665456771851,0.720784553436085,0.330960976436962,0.5200432198811453,0.45731270358306186,0.4018190301817433,0.11619498805452999
kligler,natiCPO01_02,natiCPO01_02,val,binary_docres_blend_0.90,9.143019856669731,0.7198432683944702,0.7186686291073736,0.34084536295424084,0.5319286871961102,0.45731270358306186,0.4403411111820769,0.12008173739463676
kligler,natiCPO02_02,natiCPO02_02,val,input,13.456052310006541,0.8785130381584167,8.257344807915956e-12,0.9999999999816503,1.0,0.0,0.0,0.0
kligler,natiCPO02_02,natiCPO02_02,val,classical_shadow_0.25,18.579629461114514,0.9499778747558594,0.09797513855417182,0.9253105589902465,0.9841092170211204,0.021605514643196416,0.09791983300306797,0.005985737092265234
kligler,natiCPO02_02,natiCPO02_02,val,classical_shadow_0.40,22.25140107871073,0.9633790254592896,0.35589328791483943,0.9092005162187679,0.9824577499678881,0.35504818817339623,0.1566997855384694,0.003922676663161969
kligler,natiCPO02_02,natiCPO02_02,val,classical_shadow_0.55,22.089303885661117,0.9600734114646912,0.38408633107289986,0.896388693275385,0.9810815274235279,0.3714069972313114,0.21540819889090063,0.0021632724841046135
kligler,natiCPO02_02,natiCPO02_02,val,classical_shadow_0.70,18.377116072537635,0.9452399611473083,0.4083344208295615,0.8861936895712998,0.9807695836468062,0.39552787769054015,0.27401285686607246,0.011869301894410725
kligler,natiCPO02_02,natiCPO02_02,val,docres_deshadow,28.82446655724202,0.9790828227996826,0.39976186010933396,0.8187384883701371,0.9298676991394021,0.3910411406022913,0.13988117452513507,0.020402850109736012
kligler,natiCPO02_02,natiCPO02_02,val,docres_classical040_blend_0.70,28.588274067127916,0.9811182022094727,0.39022717964073866,0.8428498910929793,0.9444923573774703,0.3857684531880516,0.14486247700122568,0.01927439972014845
kligler,natiCPO02_02,natiCPO02_02,val,docres_input_blend_0.70,21.701601634513253,0.972651481628418,0.37406294961915526,0.8463618526134584,0.9419050589940731,0.3764620868280247,0.09784801362390311,0.02631096307608385
kligler,natiCPO02_02,natiCPO02_02,val,docres_classical040_blend_0.80,29.081480319342376,0.9808588027954102,0.39378928649639006,0.8344735470283673,0.9400517459676679,0.38873687714654565,0.14321359244476428,0.02002824280208273
kligler,natiCPO02_02,natiCPO02_02,val,docres_input_blend_0.80,23.765597742202942,0.9765303134918213,0.38326376769788256,0.837308026407741,0.9373910490485715,0.3833099226228656,0.11188225137005584,0.025499131722239488
kligler,natiCPO02_02,natiCPO02_02,val,docres_classical040_blend_0.85,29.175653768366267,0.9807721376419067,0.39544652658709584,0.8303718034037754,0.9372442519771731,0.3887872169401525,0.14234681825280796,0.020291851362785916
kligler,natiCPO02_02,natiCPO02_02,val,docres_input_blend_0.85,24.95470205612433,0.9777785539627075,0.3884071422151856,0.8310164436558887,0.9356845330935648,0.38644722846958907,0.11907102862092685,0.02456021735327462
kligler,natiCPO02_02,natiCPO02_02,val,docres_classical040_blend_0.90,29.18360308758972,0.9802008271217346,0.39731094878868806,0.8256351226337829,0.9344734572545278,0.3911905361188019,0.14178016602579746,0.020224479272618855
kligler,natiCPO02_02,natiCPO02_02,val,docres_input_blend_0.90,26.238341179856945,0.9785475134849548,0.3924149754964964,0.8268387012768235,0.9336660733618364,0.3892711285045022,0.12615728590503292,0.023382461181756336
kligler,natiCPO02_02,natiCPO02_02,val,docres_classical040_blend_0.95,28.980734308447488,0.9796654582023621,0.3989752870905551,0.8213158533491735,0.9311521735141384,0.39142762030804706,0.14031709612305576,0.020734304414101245
kligler,natiCPO02_02,natiCPO02_02,val,docres_input_blend_0.95,27.557084356629886,0.9789189100265503,0.3966389419392888,0.8217461011381278,0.9310971246123639,0.3915802635531775,0.13312756743693557,0.021956100794453447
kligler,natiCPO02_02,natiCPO02_02,val,docres_appearance,12.56763833470512,0.8494038581848145,0.5392438992403392,0.7143937217317468,0.8669284547773272,0.3723358476165732,0.3612010418840774,0.10120179003270881
kligler,natiCPO02_02,natiCPO02_02,val,docres_binarization,10.20702945167844,0.643828809261322,0.7084766869268899,0.4767997420495252,0.5969686404756225,0.3964615996687317,0.338530679811689,0.20506095141529374
kligler,natiCPO02_02,natiCPO02_02,val,binary_input_blend_0.75,13.499779293672274,0.7288966774940491,0.6243064032715108,0.5761890712499234,0.6808815164137475,0.3964615996687317,0.2538041329893924,0.1393191422232938
kligler,natiCPO02_02,natiCPO02_02,val,binary_docres_blend_0.75,12.765015400647957,0.7267498970031738,0.6234088503197843,0.5867232343307536,0.6902398297153972,0.3964615996687317,0.2888955796343853,0.14572384294770568
kligler,natiCPO02_02,natiCPO02_02,val,binary_input_blend_0.90,11.427173437753538,0.6765375733375549,0.6648500818339195,0.5382156394054434,0.6487880066792667,0.3964615996687317,0.3044608030200055,0.1784118659439484
kligler,natiCPO02_02,natiCPO02_02,val,binary_docres_blend_0.90,11.144571796859594,0.6761592626571655,0.6618821986513329,0.5486641659565389,0.6575774813292474,0.3964615996687317,0.3185499019074514,0.18130178888629236
kligler,natiCPO03_01,natiCPO03_01,val,input,14.815611485610933,0.8891962170600891,9.432005176890356e-12,0.99999999997904,1.0,0.0,0.0,0.0
kligler,natiCPO03_01,natiCPO03_01,val,classical_shadow_0.25,19.554868164031035,0.9386513233184814,0.12430196836809264,0.8751508750589327,0.9726262837979459,0.016476744186046513,0.098802690378477,0.02020340301195843
kligler,natiCPO03_01,natiCPO03_01,val,classical_shadow_0.40,20.478834309889283,0.9380296468734741,0.1842683208907317,0.8283406199811385,0.9649968560050304,0.02713565891472868,0.158200187465167,0.02767644330241421
kligler,natiCPO03_01,natiCPO03_01,val,classical_shadow_0.55,18.20799171225025,0.9234415292739868,0.44970318619209726,0.790842998082208,0.9575979878432195,0.3083255813953488,0.21751179003901305,0.030963032189142762
kligler,natiCPO03_01,natiCPO03_01,val,classical_shadow_0.70,15.299072811310142,0.9009948372840881,0.4743419150328628,0.7635516847003236,0.9518549570320688,0.32622739018087854,0.2767653037442368,0.02990028858001405
kligler,natiCPO03_01,natiCPO03_01,val,docres_deshadow,32.359865120609584,0.9677690863609314,0.4097016071948112,0.7932736699908858,0.9363655418151331,0.2962803617571059,0.10865244971373568,0.03868963134202592
kligler,natiCPO03_01,natiCPO03_01,val,docres_classical040_blend_0.70,31.017417716437418,0.9675087928771973,0.4072555897703587,0.815158740103344,0.9530915950534479,0.2936111111111111,0.12343073922075293,0.04117454521427039
kligler,natiCPO03_01,natiCPO03_01,val,docres_input_blend_0.70,24.743602851285328,0.965294361114502,0.3812147691049405,0.830532110076504,0.9487319220289248,0.29192118863049094,0.07604673962608306,0.04089253798155674
kligler,natiCPO03_01,natiCPO03_01,val,docres_classical040_blend_0.80,32.97591756998309,0.9687590599060059,0.40882457038571823,0.8069537309297147,0.9486061622301404,0.29305943152454783,0.11861480974818875,0.040846375674690516
kligler,natiCPO03_01,natiCPO03_01,val,docres_input_blend_0.80,27.513751355416428,0.9676421880722046,0.39350780305967814,0.8138445962900198,0.9435548103123035,0.2900103359173127,0.08685255104625832,0.04166141828613959
kligler,natiCPO03_01,natiCPO03_01,val,docres_classical040_blend_0.85,33.575064572511266,0.9681548476219177,0.4089226773193264,0.8040910143648042,0.9458813665898135,0.29214728682170543,0.11597073010082593,0.04062556957192989
kligler,natiCPO03_01,natiCPO03_01,val,docres_input_blend_0.85,29.10077050706341,0.9681447148323059,0.39916462562892174,0.8058050520660857,0.9420876126598198,0.29071317829457366,0.0922894867507727,0.04143517393058537
kligler,natiCPO03_01,natiCPO03_01,val,docres_classical040_blend_0.90,33.62914650124448,0.9688419103622437,0.4094919802889327,0.800010664187832,0.9434290505135192,0.29303359173126614,0.11373111415108686,0.04000722252170381
kligler,natiCPO03_01,natiCPO03_01,val,docres_input_blend_0.90,30.696577978194913,0.9683104753494263,0.4029243522729087,0.801472296160211,0.9401802557115908,0.2920232558139535,0.0976952576379389,0.04084797081638017
kligler,natiCPO03_01,natiCPO03_01,val,docres_classical040_blend_0.95,33.18407289816069,0.9673749804496765,0.4100861663709078,0.7956157775114285,0.9402640955774471,0.294766149870801,0.1110326240056746,0.03950036108130131
kligler,natiCPO03_01,natiCPO03_01,val,docres_input_blend_0.95,31.99347329200699,0.9682164788246155,0.4062450657147509,0.7977574158443069,0.9379794592328652,0.2938565891472868,0.1033356639813548,0.039836062086911754
kligler,natiCPO03_01,natiCPO03_01,val,docres_appearance,11.648841732103305,0.8781389594078064,0.5428272489530724,0.6504395531652714,0.82502619995808,0.2885981912144703,0.3568520950499062,0.0592084131290742
kligler,natiCPO03_01,natiCPO03_01,val,docres_binarization,9.656095816746538,0.6910421252250671,0.7579132835181471,0.30320792078727593,0.401173758121987,0.33976614987080106,0.3513453412372701,0.1572614131207022
kligler,natiCPO03_01,natiCPO03_01,val,binary_input_blend_0.75,12.8391594484517,0.7665935754776001,0.6606252269648538,0.4446718801860657,0.5327394676168518,0.33976614987080106,0.26359427977909516,0.10121262174763888
kligler,natiCPO03_01,natiCPO03_01,val,binary_docres_blend_0.75,12.18513509158289,0.766017496585846,0.6608714196667869,0.44797434638592604,0.5358415426535318,0.33976614987080106,0.2908168566651467,0.10409979256742276
kligler,natiCPO03_01,natiCPO03_01,val,binary_input_blend_0.90,10.823249548696783,0.7210680842399597,0.6973844035978687,0.40693542875970384,0.4993083211066862,0.33976614987080106,0.31620140852206513,0.1341755775662257
kligler,natiCPO03_01,natiCPO03_01,val,binary_docres_blend_0.90,10.583013542771681,0.7198209166526794,0.6960842649379778,0.4120621100909703,0.5039404736952421,0.33976614987080106,0.32707621725692865,0.13585369079819082
kligler,natiCPO03_09,natiCPO03_09,val,input,14.263385061591121,0.8703458309173584,9.727618710542175e-12,0.9999999999783831,1.0,0.0,0.0,0.0
kligler,natiCPO03_09,natiCPO03_09,val,classical_shadow_0.25,19.458201012304738,0.9324406385421753,0.128420225893898,0.8699435969827313,0.9702334630350194,0.015521963824289406,0.10446593200587732,0.02097751318247789
kligler,natiCPO03_09,natiCPO03_09,val,classical_shadow_0.40,21.09625219998017,0.9342836737632751,0.41612133448013244,0.8180949405322607,0.9622784262862084,0.3518501291989664,0.16721803212240974,0.028961408117809787
kligler,natiCPO03_09,natiCPO03_09,val,classical_shadow_0.55,18.762776942983464,0.9206596612930298,0.4576396937202963,0.7866858697251705,0.9564202334630351,0.3714160206718346,0.2298899934133861,0.032820562885447685
kligler,natiCPO03_09,natiCPO03_09,val,classical_shadow_0.70,15.542674939315832,0.8982834219932556,0.4790687629809657,0.7561846555175851,0.9521616947686986,0.39077260981912143,0.29254321325429394,0.032253096606464964
kligler,natiCPO03_09,natiCPO03_09,val,docres_deshadow,31.86877148090693,0.9624404907226562,0.43387283769943397,0.7594261932035876,0.9269563337656723,0.3626705426356589,0.13343928661904042,0.0370648499890537
kligler,natiCPO03_09,natiCPO03_09,val,docres_classical040_blend_0.70,30.70499259119949,0.9627249836921692,0.4274435051139813,0.7867250734449782,0.9434068309554691,0.36198837209302326,0.14349219739575417,0.040121515343199736
kligler,natiCPO03_09,natiCPO03_09,val,docres_input_blend_0.70,24.290740885624196,0.9598727226257324,0.3994301624569823,0.8031320323015617,0.9412235192390834,0.3604638242894057,0.09352092516593202,0.0390520115438538
kligler,natiCPO03_09,natiCPO03_09,val,docres_classical040_blend_0.80,32.19646814895116,0.9633291959762573,0.42870587840457197,0.7802775932203279,0.9393860786856896,0.36116149870801034,0.14026846025231798,0.03953901875465388
kligler,natiCPO03_09,natiCPO03_09,val,docres_input_blend_0.80,27.11643935618405,0.9624242782592773,0.41344151077686314,0.7847814257067879,0.9352572416774751,0.3600503875968992,0.10679164513350556,0.03979415715252579
kligler,natiCPO03_09,natiCPO03_09,val,docres_classical040_blend_0.85,32.65403924837258,0.963334858417511,0.4300614553267347,0.775187418354025,0.9365758754863813,0.35991731266149873,0.13834966306936214,0.039259880597168464
kligler,natiCPO03_09,natiCPO03_09,val,docres_input_blend_0.85,28.74100149578629,0.9629971981048584,0.41921099293683317,0.7776455097888345,0.9320146995244272,0.35881653746770026,0.11346502507979943,0.03960910384981484
kligler,natiCPO03_09,natiCPO03_09,val,docres_classical040_blend_0.90,32.709122200145096,0.9635206460952759,0.4308559431618982,0.7711740341217743,0.9337440553393861,0.360843669250646,0.13700027359781122,0.03847358179595355
kligler,natiCPO03_09,natiCPO03_09,val,docres_input_blend_0.90,30.366441651494142,0.9631295204162598,0.4241281064401271,0.7719354896440461,0.9301772589710333,0.3601782945736434,0.12011803718903583,0.039086436507222586
kligler,natiCPO03_09,natiCPO03_09,val,docres_classical040_blend_0.95,32.419701168983316,0.9625040888786316,0.4322025823328155,0.765690599858292,0.9304150453955902,0.36123385012919895,0.13478662917363332,0.03808116766598919
kligler,natiCPO03_09,natiCPO03_09,val,docres_input_blend_0.95,31.60823719332609,0.9629125595092773,0.42857502454155255,0.7668648137102257,0.9286424556852573,0.3606782945736434,0.12688965394943508,0.038180548552300256
kligler,natiCPO03_09,natiCPO03_09,val,docres_appearance,11.68287910590237,0.8796670436859131,0.5432574975017785,0.6472915193642512,0.8312364894076957,0.35356072351421186,0.37861130364290413,0.057564468692819316
kligler,natiCPO03_09,natiCPO03_09,val,docres_binarization,9.663897155862788,0.6888085603713989,0.7598843731923256,0.3026686987207324,0.4035451794206658,0.40574418604651163,0.3711213456959011,0.16014214602775861
kligler,natiCPO03_09,natiCPO03_09,val,binary_input_blend_0.75,12.987796485705044,0.7631866335868835,0.6649220428830165,0.4382681912974603,0.5310851707738867,0.40574418604651163,0.2783563459492325,0.10357121494478928
kligler,natiCPO03_09,natiCPO03_09,val,binary_docres_blend_0.75,12.161859712063748,0.7631299495697021,0.6647299757238699,0.4431153784182961,0.5357328145265888,0.40574418604651163,0.3118442823124082,0.10688649335350547
kligler,natiCPO03_09,natiCPO03_09,val,binary_input_blend_0.90,10.876372852923694,0.7182282209396362,0.7026278293244429,0.3989146127150525,0.49576307825335064,0.40574418604651163,0.33405953792369664,0.13689900841036085
kligler,natiCPO03_09,natiCPO03_09,val,binary_docres_blend_0.90,10.580117335275967,0.7172329425811768,0.7001070071655439,0.40695031988940056,0.503242542153048,0.40574418604651163,0.3473587677965243,0.13872441852629014
kligler,natiCPO04_04,natiCPO04_04,val,input,16.538223283583864,0.9075327515602112,7.819295211319854e-12,0.9999999999826238,1.0,0.0,0.0,0.0
kligler,natiCPO04_04,natiCPO04_04,val,classical_shadow_0.25,20.872006459273624,0.9384788870811462,0.13481214167477584,0.8793537590378431,0.9769765421372719,0.03884314846578998,0.08537180910099887,0.012549101892692835
kligler,natiCPO04_04,natiCPO04_04,val,classical_shadow_0.40,21.060497725216173,0.9380061626434326,0.19483917318969107,0.8526702381003648,0.9762814943527367,0.06423861254049933,0.13658842961617654,0.016111326579808842
kligler,natiCPO04_04,natiCPO04_04,val,classical_shadow_0.55,18.68186720499723,0.9272347092628479,0.406289459363149,0.8319765887157674,0.9731885317115552,0.2458071278825996,0.18770617757299218,0.016315542289079617
kligler,natiCPO04_04,natiCPO04_04,val,classical_shadow_0.70,15.969474251738738,0.909956693649292,0.43623381820089,0.8161737887046647,0.9720764552562988,0.2688050314465409,0.23885531601624835,0.013283161185816288
kligler,natiCPO04_04,natiCPO04_04,val,docres_deshadow,31.435303027787555,0.9594587683677673,0.4041669183439643,0.7982933091557425,0.9184187662901825,0.2738479130931961,0.09407980657481213,0.04294497472353925
kligler,natiCPO04_04,natiCPO04_04,val,docres_classical040_blend_0.70,28.703940986402326,0.9588936567306519,0.3971140821922897,0.8196904999724466,0.9406429192006951,0.25830760434534017,0.10673228025725252,0.038803158461649494
kligler,natiCPO04_04,natiCPO04_04,val,docres_input_blend_0.70,26.516052632523753,0.9584142565727234,0.36656186858813855,0.8296242640811635,0.935377932232841,0.23892891175910044,0.06593178548339483,0.04098526912033967
kligler,natiCPO04_04,natiCPO04_04,val,docres_classical040_blend_0.80,30.008299558760434,0.9590634107589722,0.3996006454866684,0.8128153990147039,0.9347871416159861,0.26400800457404233,0.10253104481739338,0.04059192852721297
kligler,natiCPO04_04,natiCPO04_04,val,docres_input_blend_0.80,28.99926898915366,0.9599211812019348,0.3871772261974184,0.8192844890832626,0.9295569070373588,0.25103106537068803,0.07541343886515918,0.042816451231371386
kligler,natiCPO04_04,natiCPO04_04,val,docres_classical040_blend_0.85,30.598394508682347,0.9599180817604065,0.4003207614737923,0.8103390957324357,0.9317984361424848,0.2660091480846198,0.1003766783633599,0.04137113868007401
kligler,natiCPO04_04,natiCPO04_04,val,docres_input_blend_0.85,30.225870582693993,0.9601807594299316,0.39268406490867036,0.8118918918795297,0.9265160729800174,0.25662854964741755,0.0801232076592787,0.04331022198457878
kligler,natiCPO04_04,natiCPO04_04,val,docres_classical040_blend_0.90,30.97977740793512,0.9596512317657471,0.40213511966184273,0.8052753019830601,0.9278366637706342,0.2690146750524109,0.09862484258044746,0.04176511420340124
kligler,natiCPO04_04,natiCPO04_04,val,docres_input_blend_0.90,31.215024486245845,0.9601539373397827,0.39701268655027344,0.8066803309677876,0.9232319721980886,0.2621631408423861,0.08481480734088948,0.04348818758237013
kligler,natiCPO04_04,natiCPO04_04,val,docres_classical040_blend_0.95,31.39565433080682,0.9597483277320862,0.4032601048111159,0.801602176529601,0.9215291051259774,0.2707699637888317,0.09571105804624122,0.042827768384899725
kligler,natiCPO04_04,natiCPO04_04,val,docres_input_blend_0.95,31.67613396125619,0.9598963856697083,0.40178390931379426,0.8001723434048382,0.9197046046915726,0.2686106346483705,0.08947043501982456,0.043455483063402696
kligler,natiCPO04_04,natiCPO04_04,val,docres_appearance,12.381393154308281,0.8598885536193848,0.5471571324818028,0.6082605457294569,0.7804865334491746,0.2614446350295407,0.31036776944435107,0.034790630100097225
kligler,natiCPO04_04,natiCPO04_04,val,docres_binarization,9.23826271291052,0.5783469080924988,0.7882464692901765,0.23418936670514937,0.2818940052128584,0.3087916904898037,0.33295865050804013,0.1560528071791561
kligler,natiCPO04_04,natiCPO04_04,val,binary_input_blend_0.75,12.068784074463801,0.7004401087760925,0.7283890454874032,0.29740222319501675,0.3407645525629887,0.3087916904898037,0.24965998871437278,0.1039267507323527
kligler,natiCPO04_04,natiCPO04_04,val,binary_docres_blend_0.75,11.656894519310887,0.7013790011405945,0.7266463102546573,0.2987584615806278,0.34203301476976544,0.3087916904898037,0.27317306247827894,0.10181269660989982
kligler,natiCPO04_04,natiCPO04_04,val,binary_input_blend_0.90,10.279640672402465,0.6274846196174622,0.7554677127470205,0.27861031346795573,0.3237011294526499,0.3087916904898037,0.2997573889094422,0.13473725634600106
kligler,natiCPO04_04,natiCPO04_04,val,binary_docres_blend_0.90,10.124368830633458,0.6281179785728455,0.7535952114392629,0.28213278953574444,0.32695047784535186,0.3087916904898037,0.3092020239389829,0.13425827788391306
kligler,natiCPO04_08,natiCPO04_08,val,input,16.427894519802788,0.9078539609909058,7.911821198192116e-12,0.9999999999824182,1.0,0.0,0.0,0.0
kligler,natiCPO04_08,natiCPO04_08,val,classical_shadow_0.25,20.992112131057674,0.9405907392501831,0.13689572742787492,0.8826511154757095,0.9766162069026144,0.041015818562988374,0.08720035725363139,0.013654613212505454
kligler,natiCPO04_08,natiCPO04_08,val,classical_shadow_0.40,21.317866893935147,0.9408871531486511,0.2054740904450552,0.8504618405982376,0.9745239727833747,0.07156279778921289,0.1394943889505488,0.01803560890804953
kligler,natiCPO04_08,natiCPO04_08,val,classical_shadow_0.55,18.847144917119007,0.9298391938209534,0.4165417605329078,0.8258693085753969,0.9717108848919599,0.25840099104250047,0.19169754518922114,0.01917321886024659
kligler,natiCPO04_08,natiCPO04_08,val,classical_shadow_0.70,16.031779808987714,0.9122048616409302,0.4443736466619396,0.8076213620541135,0.9699351231605042,0.2803335239184296,0.2439755378423525,0.017021740748916186
kligler,natiCPO04_08,natiCPO04_08,val,docres_deshadow,31.617425106409954,0.9610425233840942,0.4060912688848407,0.7930966796902703,0.9235015911528386,0.28383266628549647,0.1000429377010953,0.038279332775040295
kligler,natiCPO04_08,natiCPO04_08,val,docres_classical040_blend_0.70,28.81824389454039,0.9604957699775696,0.4003189597717001,0.8134076351013311,0.9444063505459148,0.2695235372593863,0.11182771107299412,0.03603551856350242
kligler,natiCPO04_08,natiCPO04_08,val,docres_input_blend_0.70,26.455568129131223,0.9597699046134949,0.37965813392674663,0.824268234337449,0.9392197197461188,0.2511111111111111,0.07006557622095917,0.037587681483691744
kligler,natiCPO04_08,natiCPO04_08,val,docres_classical040_blend_0.80,30.125656390980105,0.9610083699226379,0.4025578459618099,0.8064828107169403,0.9383230479807303,0.2744539736992567,0.10780206056121706,0.037257144266576954
kligler,natiCPO04_08,natiCPO04_08,val,docres_input_blend_0.80,28.99869684775089,0.9613990783691406,0.3899722912488464,0.8121110176494822,0.93373419835786,0.26192681532304174,0.08017706476530004,0.03891903880832231
kligler,natiCPO04_08,natiCPO04_08,val,docres_classical040_blend_0.85,30.694050676653116,0.9614248275756836,0.4042827594306843,0.8014512868358108,0.9340330889463228,0.2766056794358681,0.10594038049753927,0.03759947717963916
kligler,natiCPO04_08,natiCPO04_08,val,docres_input_blend_0.85,30.274523233995506,0.9616929292678833,0.39494122397429676,0.8058812779702452,0.9304112382861262,0.26737183152277494,0.0852024574266528,0.03917802681707662
kligler,natiCPO04_08,natiCPO04_08,val,docres_classical040_blend_0.90,31.096783741957182,0.9610557556152344,0.40434714719769105,0.7999849056483022,0.9318177822318336,0.2793729750333524,0.10423176642488523,0.03774608028245487
kligler,natiCPO04_08,natiCPO04_08,val,docres_input_blend_0.90,31.32496561274268,0.9616922736167908,0.3997996383921845,0.7995121138077924,0.9277388047892822,0.27269677911187346,0.0901897255948311,0.03917366561293112
kligler,natiCPO04_08,natiCPO04_08,val,docres_classical040_blend_0.95,31.552190811018313,0.9613658785820007,0.40555415935398575,0.7958233854030672,0.9259630430578265,0.28105393558223746,0.10157986823469624,0.0384045591524792
kligler,natiCPO04_08,natiCPO04_08,val,docres_input_blend_0.95,31.841651267910862,0.9614676237106323,0.4030004149314446,0.7964304620616135,0.9257872250646131,0.27878978463884124,0.09512723236807587,0.03890538318656718
kligler,natiCPO04_08,natiCPO04_08,val,docres_appearance,12.335620873978009,0.8627111315727234,0.5450892177682355,0.6131402813739498,0.7892118079364242,0.27365732799695064,0.3181274154792468,0.03500390731085491
kligler,natiCPO04_08,natiCPO04_08,val,docres_binarization,9.270697945379867,0.5819822549819946,0.7861926794163234,0.24184755533069752,0.2987323522689312,0.32137793024585476,0.33622542853619436,0.15837346552522888
kligler,natiCPO04_08,natiCPO04_08,val,binary_input_blend_0.75,12.135082556757435,0.6975166201591492,0.7262363030654313,0.3048070028635157,0.35875661515199464,0.3213760243948923,0.25209802053087293,0.10566575725668906
kligler,natiCPO04_08,natiCPO04_08,val,binary_docres_blend_0.75,11.675557630055655,0.6987025141716003,0.7249525996307197,0.306313176620816,0.3601631590977021,0.32137793024585476,0.2771780999039601,0.10465588185014497
kligler,natiCPO04_08,natiCPO04_08,val,binary_input_blend_0.90,10.322004054478146,0.6283438801765442,0.754222117838068,0.2842343800540888,0.33961003569105264,0.32137793024585476,0.30273867793734605,0.13687931477068008
kligler,natiCPO04_08,natiCPO04_08,val,binary_docres_blend_0.90,10.1502629782893,0.6290741562843323,0.7531406341947177,0.28654410355030235,0.3417198516096137,0.32137793024585476,0.3128503757515966,0.1368091346539228
kligler,natiCPO05_01,natiCPO05_01,val,input,18.48665036367935,0.9422807693481445,7.310302363450206e-12,0.9999999999837549,1.0,0.0,0.0,0.0
kligler,natiCPO05_01,natiCPO05_01,val,classical_shadow_0.25,21.679534084518078,0.9511376619338989,0.24655790870515437,0.8398980706102673,0.9370177234108225,0.1397738996121194,0.07245309761475405,0.00959483636958942
kligler,natiCPO05_01,natiCPO05_01,val,classical_shadow_0.40,20.44142543980024,0.9333398938179016,0.305348091979711,0.7763823933868449,0.9169225270887146,0.15115384393713222,0.11594920677325896,0.011977737262259074
kligler,natiCPO05_01,natiCPO05_01,val,classical_shadow_0.55,17.882753801179867,0.9090943336486816,0.35808514299099037,0.7334409484144402,0.9004987247591663,0.1673419516215484,0.1594442649485691,0.011689853627520666
kligler,natiCPO05_01,natiCPO05_01,val,classical_shadow_0.70,15.44731085081308,0.8820822834968567,0.40944464767258537,0.6982514358557977,0.8887372678980457,0.18722299388497293,0.20283450732676542,0.008834994986692128
kligler,natiCPO05_01,natiCPO05_01,val,docres_deshadow,27.794944500292964,0.9649247527122498,0.25982332195626945,0.7834704135140583,0.8913364848839287,0.1287051819234959,0.05533153038861399,0.01924535659775703
kligler,natiCPO05_01,natiCPO05_01,val,docres_classical040_blend_0.70,27.264641943806296,0.9659536480903625,0.25728289643124863,0.8072859692439507,0.9111392692951249,0.12941840963188805,0.07353740149716516,0.019547020600453817
kligler,natiCPO05_01,natiCPO05_01,val,docres_input_blend_0.70,25.568404891257682,0.9699656367301941,0.22671368118156718,0.8243021105347653,0.9123738973634192,0.12120404364089057,0.03886366905917908,0.018166866096082288
kligler,natiCPO05_01,natiCPO05_01,val,docres_classical040_blend_0.80,27.92061053796033,0.9666532874107361,0.2539944096618963,0.8023490125971221,0.9055671978816382,0.126249949569758,0.06751373086942192,0.0196600390217908
kligler,natiCPO05_01,natiCPO05_01,val,docres_input_blend_0.80,26.67528654226224,0.969049334526062,0.23721750232143715,0.8096512016631582,0.9046412268304174,0.12244750932239046,0.04440384221374585,0.018919161436615907
kligler,natiCPO05_01,natiCPO05_01,val,docres_classical040_blend_0.85,28.083885190437357,0.9665718674659729,0.25302869759858787,0.8001611371565023,0.9034878242929317,0.12549205507558772,0.06427267386059012,0.019833474498650208
kligler,natiCPO05_01,natiCPO05_01,val,docres_input_blend_0.85,27.1332271121388,0.9682974815368652,0.2425451346449813,0.8022558021719001,0.9012784898549312,0.12319675863221657,0.047198010997352505,0.019140470985297916
kligler,natiCPO05_01,natiCPO05_01,val,docres_classical040_blend_0.90,28.104538246882296,0.9663230180740356,0.2540589026113811,0.7949262773922886,0.8994752830709749,0.1254113666883757,0.061049963854088674,0.01990729201316627
kligler,natiCPO05_01,natiCPO05_01,val,docres_input_blend_0.90,27.48848529027475,0.9673064947128296,0.24910958852806117,0.7939802503802738,0.8973471741637832,0.12484654797789138,0.049951925994509774,0.019288971372481808
kligler,natiCPO05_01,natiCPO05_01,val,docres_classical040_blend_0.95,27.99654866250963,0.9657891392707825,0.2567765121066087,0.7886234748125591,0.8945855061162825,0.12661448817626955,0.05815071370234598,0.019637170191753858
kligler,natiCPO05_01,natiCPO05_01,val,docres_input_blend_0.95,27.710730221925537,0.966148853302002,0.2553405052181904,0.7872379998456652,0.8938707214451647,0.12691851049237207,0.05267983198281997,0.01934526977206624
kligler,natiCPO05_01,natiCPO05_01,val,docres_appearance,15.525662457115622,0.9285998940467834,0.3836701319426418,0.7017758808624699,0.8467436684698735,0.11851250958174599,0.20161101597641368,0.08385393726406971
kligler,natiCPO05_01,natiCPO05_01,val,docres_binarization,9.803475094584991,0.5641420483589172,0.7569822027566339,0.33408089188055384,0.4186526308949429,0.24854760903018322,0.24263738243255598,0.1861934034994625
kligler,natiCPO05_01,natiCPO05_01,val,binary_input_blend_0.75,12.515821094539255,0.6797715425491333,0.6532632505972549,0.4335391345215325,0.5087642347742742,0.24854760903018322,0.18186767511329427,0.1284353034274061
kligler,natiCPO05_01,natiCPO05_01,val,binary_docres_blend_0.75,12.379362154595084,0.6926565170288086,0.6594473938535195,0.4296153315810063,0.5061975080007148,0.24854760903018322,0.19579988692324898,0.12651121544248264
kligler,natiCPO05_01,natiCPO05_01,val,binary_input_blend_0.90,10.805061335028954,0.6094881296157837,0.7029516014121922,0.40094916913159256,0.4789869551797521,0.24854760903018322,0.21811765632555707,0.16264009326833778
kligler,natiCPO05_01,natiCPO05_01,val,binary_docres_blend_0.90,10.746792514570632,0.6154512763023376,0.7044635221937624,0.40183685964484883,0.479766720275517,0.24854760903018322,0.22376464553557598,0.16206106964921793
kligler,natiCPO06_04,natiCPO06_04,val,input,18.559561100655035,0.9467064738273621,1.4395384884124952e-11,0.9999999999680103,1.0,0.0,0.0,0.0
kligler,natiCPO06_04,natiCPO06_04,val,classical_shadow_0.25,21.312700269417697,0.9396153688430786,0.25502413061826656,0.8372434017359225,0.9498400511836212,0.14416304872165944,0.08113587393471618,0.008610438506476262
kligler,natiCPO06_04,natiCPO06_04,val,classical_shadow_0.40,19.421805991169904,0.9209205508232117,0.3609127848840403,0.7526671870738312,0.9253039027511196,0.19160154365653642,0.1298343785174465,0.010129540006248862
kligler,natiCPO06_04,natiCPO06_04,val,classical_shadow_0.55,16.69015998157399,0.8975916504859924,0.4248404307174063,0.6853694379367036,0.9100767754318618,0.20656054027978774,0.1785528093855326,0.008791689591536854
kligler,natiCPO06_04,natiCPO06_04,val,classical_shadow_0.70,14.270993319515568,0.8723548054695129,0.4889546795744479,0.6332706177343262,0.9044465770953295,0.23022994050490433,0.2273230044550382,0.004612192113291695
kligler,natiCPO06_04,natiCPO06_04,val,docres_deshadow,30.95828808469318,0.9655622839927673,0.2339000720532683,0.8922675406381322,0.9405630198336532,0.16193921852387844,0.054123908704822914,0.003052805557700292
kligler,natiCPO06_04,natiCPO06_04,val,docres_classical040_blend_0.70,28.51366620564609,0.9610955119132996,0.23987793383955763,0.9019631567530184,0.953870761356366,0.16004823926676315,0.07684464749076984,0.00829209352557472
kligler,natiCPO06_04,natiCPO06_04,val,docres_input_blend_0.70,26.25676124196862,0.9662832617759705,0.21529318191923058,0.912279625911014,0.9518234165067179,0.15631612799485448,0.03804689613423753,0.007140211884395611
kligler,natiCPO06_04,natiCPO06_04,val,docres_classical040_blend_0.80,30.177862191351984,0.9641496539115906,0.23615217299474525,0.9021350154393724,0.9515994881637876,0.16031194725840167,0.06915706137737294,0.006896930221853298
kligler,natiCPO06_04,natiCPO06_04,val,docres_input_blend_0.80,27.910873826415386,0.9664767384529114,0.22661753264081003,0.9013252094165628,0.9464491362763916,0.16113040681781637,0.043483329076927396,0.006150230716126621
kligler,natiCPO06_04,natiCPO06_04,val,docres_classical040_blend_0.85,30.805167950709098,0.965350866317749,0.23631032500517385,0.8974888409529199,0.9455214331413948,0.1604068178163692,0.06551884326652349,0.0059432471850153195
kligler,natiCPO06_04,natiCPO06_04,val,docres_input_blend_0.85,28.764584133010583,0.9663305878639221,0.22830557049151998,0.8987926892041848,0.9454574536148432,0.1609808650908506,0.04618913576043055,0.005509602063967141
kligler,natiCPO06_04,natiCPO06_04,val,docres_classical040_blend_0.90,31.20440654278559,0.9656105041503906,0.2342856926112888,0.9007947382570325,0.9463531669865644,0.16191992281717318,0.06190092348243362,0.004938387694677966
kligler,natiCPO06_04,natiCPO06_04,val,docres_input_blend_0.90,29.60286968265916,0.9661313891410828,0.23095365866555628,0.8967687022860209,0.9437300063979527,0.16207428847081523,0.048894065939609446,0.0047794330793445115
kligler,natiCPO06_04,natiCPO06_04,val,docres_classical040_blend_0.95,31.183887585341722,0.9658596515655518,0.23547316378589417,0.8935079899058944,0.9426423544465771,0.1619585142305837,0.05737144550696942,0.0044077780169586465
kligler,natiCPO06_04,natiCPO06_04,val,docres_input_blend_0.95,30.351128811699034,0.9658575654029846,0.23249594609648114,0.8932475102959301,0.9411388355726168,0.16138607493166104,0.05160417947529546,0.004049298346450732
kligler,natiCPO06_04,natiCPO06_04,val,docres_appearance,13.011255914648327,0.8891650438308716,0.5005016269503663,0.5938420989434805,0.7928342930262317,0.1587972342820389,0.2647944912649092,0.09822222865482273
kligler,natiCPO06_04,natiCPO06_04,val,docres_binarization,9.498302240618433,0.6541247367858887,0.7477280294986772,0.2632465312622349,0.3350287907869482,0.19763466795304713,0.26719318092247346,0.1975905010227265
kligler,natiCPO06_04,natiCPO06_04,val,binary_input_blend_0.75,12.356345309249999,0.7663841843605042,0.6142893058692913,0.43720199855996567,0.4898592450415867,0.19763466795304713,0.20043057801991998,0.13870551010043447
kligler,natiCPO06_04,natiCPO06_04,val,binary_docres_blend_0.75,12.042376099634964,0.763907790184021,0.6227174923962885,0.4358725722147029,0.48889955214331415,0.19763466795304713,0.21408393001838136,0.14265318322084192
kligler,natiCPO06_04,natiCPO06_04,val,binary_input_blend_0.90,10.542141374509733,0.6996672749519348,0.6669496048240453,0.402622401997416,0.4616762635956494,0.19763466795304713,0.24069466435874884,0.17369525337722655
kligler,natiCPO06_04,natiCPO06_04,val,binary_docres_blend_0.90,10.427208833922696,0.6980481743812561,0.6711645772989299,0.4004790819341407,0.4599488163787588,0.19763466795304713,0.24614795266876643,0.17547719191456568
kligler,natiCPO06_05,natiCPO06_05,val,input,13.312358930593195,0.8703464269638062,1.5497453320634235e-11,0.9999999999655612,1.0,0.0,0.0,0.0
kligler,natiCPO06_05,natiCPO06_05,val,classical_shadow_0.25,17.883664201020927,0.9191800355911255,0.12859849034363158,0.8658883826605325,0.9425560491786341,0.013701559736292009,0.11161832335442615,0.01649895577134786
kligler,natiCPO06_05,natiCPO06_05,val,classical_shadow_0.40,19.296954341893915,0.9146161675453186,0.42871683370840297,0.7910421233251068,0.9196542342528499,0.4648255346518733,0.17860710851312708,0.02207157633241697
kligler,natiCPO06_05,natiCPO06_05,val,classical_shadow_0.55,17.56666432894094,0.8980585932731628,0.48630009185010215,0.7250372167192745,0.9057409512001928,0.5063145200192957,0.24553805069221768,0.02391936516148096
kligler,natiCPO06_05,natiCPO06_05,val,classical_shadow_0.70,14.747098530290302,0.8741998076438904,0.5057038922962774,0.6833355014782533,0.9045011537004511,0.5301833092136999,0.3124355722028319,0.022008113269152366
kligler,natiCPO06_05,natiCPO06_05,val,docres_deshadow,25.59016627976035,0.9551575779914856,0.3783109327347852,0.8386796549966284,0.9310190446671488,0.461456825856247,0.13606779351071505,0.002149433464969979
kligler,natiCPO06_05,natiCPO06_05,val,docres_classical040_blend_0.70,25.125110491165778,0.9546019434928894,0.3818263741440761,0.8522090365140054,0.9373213486241692,0.45111111111111113,0.14885153340963334,0.00963304535254191
kligler,natiCPO06_05,natiCPO06_05,val,docres_input_blend_0.70,20.422048372298196,0.9482895135879517,0.35147466802935,0.8689318850860087,0.9450012053586803,0.4293359060942274,0.09528102683427449,0.007302675973906865
kligler,natiCPO06_05,natiCPO06_05,val,docres_classical040_blend_0.80,25.61947311385268,0.9568160176277161,0.37870005559885284,0.8506534108406598,0.937045838068671,0.45442032481106287,0.14455524972491005,0.006119984311976261
kligler,natiCPO06_05,natiCPO06_05,val,docres_input_blend_0.80,21.997369532467502,0.9519614577293396,0.3594778605934214,0.860041590495304,0.9400420153597134,0.4452805917350056,0.10894527523181652,0.004864110372635979
kligler,natiCPO06_05,natiCPO06_05,val,docres_classical040_blend_0.85,25.744191747443708,0.9573411345481873,0.37799735359899206,0.8477439500125606,0.9349795089024349,0.4587924103553626,0.14245062411521933,0.00416980243092773
kligler,natiCPO06_05,natiCPO06_05,val,docres_input_blend_0.85,22.85974343134019,0.9532606601715088,0.3644322278311708,0.8530960140118734,0.9375624203602301,0.45350056279144557,0.11581411171961954,0.0033329824144432757
kligler,natiCPO06_05,natiCPO06_05,val,docres_classical040_blend_0.90,25.7863070159712,0.9571170806884766,0.37627144501479654,0.8470078273350482,0.935392774735682,0.4598890496864448,0.14041586031421732,0.002097705316468813
kligler,natiCPO06_05,natiCPO06_05,val,docres_input_blend_0.90,23.760120067712208,0.9542354941368103,0.36824045949375633,0.8484365726158611,0.935392774735682,0.4567872648335745,0.12262893284022083,0.0016422400580091065
kligler,natiCPO06_05,natiCPO06_05,val,docres_classical040_blend_0.95,25.7033714222945,0.9565160274505615,0.3761126734330229,0.8425951869231159,0.9320866480697042,0.46053867181218844,0.13776894967667075,0.0002882127962612801
kligler,natiCPO06_05,natiCPO06_05,val,docres_input_blend_0.95,24.666754911596804,0.9548044204711914,0.37367411174651377,0.840121693752635,0.9319833316113924,0.45965910918154046,0.12925738013488072,4.320313541208911e-05
kligler,natiCPO06_05,natiCPO06_05,val,docres_appearance,13.091214076169376,0.888727605342865,0.606878244405906,0.5584449325548916,0.8142714467748046,0.46335423701559736,0.3694769413151979,0.09696410675934533
kligler,natiCPO06_05,natiCPO06_05,val,docres_binarization,8.891905379262703,0.6661391854286194,0.7803237633691714,0.25570278429342214,0.31501188139270586,0.5420935841775205,0.41670209888103815,0.1589833605020188
kligler,natiCPO06_05,natiCPO06_05,val,binary_input_blend_0.75,12.167090907613112,0.7667843103408813,0.6798607661200836,0.4072247026005425,0.4491855219203086,0.5420935841775205,0.31254534333431067,0.10518647048387947
kligler,natiCPO06_05,natiCPO06_05,val,binary_docres_blend_0.75,11.515086760272954,0.769828736782074,0.6831252528784778,0.40930523027605603,0.4514240451837311,0.5420935841775205,0.34659621211404645,0.11218767750450499
kligler,natiCPO06_05,natiCPO06_05,val,binary_input_blend_0.90,10.092498657864278,0.7069370150566101,0.7131390516264478,0.37559332413487695,0.42239212039811275,0.5420935841775205,0.3751752535714399,0.13692674581190403
kligler,natiCPO06_05,natiCPO06_05,val,binary_docres_blend_0.90,9.847463801378698,0.7078887820243835,0.7129374963793705,0.3802020946472495,0.4263181458139615,0.5420935841775205,0.388968133707897,0.140047398284388
kligler,natiCPO06_06,natiCPO06_06,val,input,15.019359008188047,0.9082412719726562,1.526149207009553e-11,0.9999999999660856,1.0,0.0,0.0,0.0
kligler,natiCPO06_06,natiCPO06_06,val,classical_shadow_0.25,19.166816600414947,0.9305806756019592,0.1270969753015417,0.8670319804072,0.9498066879196907,0.018927480302299404,0.09791491602268826,0.015279866289011644
kligler,natiCPO06_06,natiCPO06_06,val,classical_shadow_0.40,19.369334341521007,0.9202761650085449,0.4231295072266527,0.7815113972582853,0.9220647086753035,0.32675028139572276,0.15669365543290806,0.020220289699529794
kligler,natiCPO06_06,natiCPO06_06,val,classical_shadow_0.55,17.139604046515913,0.9008474946022034,0.47662262197152416,0.7167211708380228,0.9068032286508851,0.3897764913973308,0.21542739675062816,0.02162698358063861
kligler,natiCPO06_06,natiCPO06_06,val,classical_shadow_0.70,14.509221770286961,0.8765057921409607,0.5104492504145555,0.6692433589155421,0.9014108390422574,0.41463096960926193,0.27415545024892096,0.019347936544249014
kligler,natiCPO06_06,natiCPO06_06,val,docres_deshadow,26.692452934950786,0.9612759351730347,0.35734848559944776,0.8596399284524434,0.9457030455131249,0.3383968483679048,0.09728484183511,0.008787527781672083
kligler,natiCPO06_06,natiCPO06_06,val,docres_classical040_blend_0.70,25.964763749103682,0.9586559534072876,0.3646620906914263,0.8689860280408629,0.9512989215220783,0.31088921048400064,0.11512231649373053,0.016094794520537373
kligler,natiCPO06_06,natiCPO06_06,val,docres_input_blend_0.70,21.987127841724647,0.9578935503959656,0.3350638017386491,0.8897047237610782,0.9575052567320084,0.29160636758321273,0.0682254381733398,0.013567920269663965
kligler,natiCPO06_06,natiCPO06_06,val,docres_classical040_blend_0.80,26.635119706299363,0.961273729801178,0.3593825594283672,0.8726859773848764,0.951265007122024,0.3246148898536742,0.1090897155774997,0.014092271700936177
kligler,natiCPO06_06,natiCPO06_06,val,docres_input_blend_0.80,23.475869214959452,0.9599413275718689,0.34261442464619574,0.8803531179288645,0.9537407583259853,0.30338478855121404,0.0779941419243369,0.012626118240749955
kligler,natiCPO06_06,natiCPO06_06,val,docres_classical040_blend_0.85,26.823630599814457,0.9621331095695496,0.35736991085803993,0.8729039870552445,0.9533676999253883,0.3267358096156938,0.10626095236293583,0.01278720681287602
kligler,natiCPO06_06,natiCPO06_06,val,docres_input_blend_0.85,24.273630964795522,0.9605371356010437,0.3458100152147309,0.8765636210226607,0.9529946415247914,0.3113539154204856,0.08287471348082567,0.011856265470996637
kligler,natiCPO06_06,natiCPO06_06,val,docres_classical040_blend_0.90,26.90403194567309,0.9620459675788879,0.35718364666518754,0.8689960385965277,0.9522824391236518,0.33256311304068176,0.10345083535906723,0.011419216483330125
kligler,natiCPO06_06,natiCPO06_06,val,docres_input_blend_0.90,25.093700341490766,0.9609760642051697,0.3501819144000492,0.8699651914200036,0.9493318863189311,0.3198472423219167,0.08773123476758447,0.010956261053361767
kligler,natiCPO06_06,natiCPO06_06,val,docres_classical040_blend_0.95,26.82883996147536,0.9620711803436279,0.36002361002674443,0.8582011557586929,0.9468561351149698,0.3335600578871201,0.09979512499645296,0.010493466865958418
kligler,natiCPO06_06,natiCPO06_06,val,docres_input_blend_0.95,25.90252571463607,0.9612030386924744,0.35425532219721634,0.8639106352426305,0.9468561351149698,0.32774401029104355,0.09249779139827659,0.010026652495148917
kligler,natiCPO06_06,natiCPO06_06,val,docres_appearance,13.079306756363057,0.8819754123687744,0.6155296193347217,0.5345190891461534,0.8000746116801194,0.3179466152114488,0.31639540434279523,0.09343868241748474
kligler,natiCPO06_06,natiCPO06_06,val,docres_binarization,8.963020702741485,0.6685014367103577,0.7731266856718638,0.2635226178945821,0.3250016957200027,0.42055153561665864,0.3650385504257982,0.15285310620737644
kligler,natiCPO06_06,natiCPO06_06,val,binary_input_blend_0.75,12.034892356664084,0.7726881504058838,0.6680300772909408,0.4267722870183875,0.46774740554839583,0.42055153561665864,0.2737590243687119,0.1001293440820251
kligler,natiCPO06_06,natiCPO06_06,val,binary_docres_blend_0.75,11.548829887284304,0.7744304537773132,0.671806161671466,0.4250455626471119,0.46666214474665946,0.42055153561665864,0.29819296967862563,0.10512777477111061
kligler,natiCPO06_06,natiCPO06_06,val,binary_input_blend_0.90,10.087247564858387,0.7104092240333557,0.7017250073765269,0.39336564676178837,0.44037848470460556,0.42055153561665864,0.3286670071791379,0.13123258069888605
kligler,natiCPO06_06,natiCPO06_06,val,binary_docres_blend_0.90,9.905397798480273,0.7109568119049072,0.7018767292046021,0.3960837886947151,0.4424811775079699,0.42055153561665864,0.33857193483600223,0.13352405686203977
kligler,natiCPO06_10,natiCPO06_10,val,input,15.462326850312216,0.8667538166046143,1.4536322145985992e-11,0.9999999999676971,1.0,0.0,0.0,0.0
kligler,natiCPO06_10,natiCPO06_10,val,classical_shadow_0.25,19.485549027053175,0.895763099193573,0.3867995972216262,0.8208015049361304,0.9302257970733598,0.2662678887280913,0.09681744432778745,0.029055494519616414
kligler,natiCPO06_10,natiCPO06_10,val,classical_shadow_0.40,19.17499321948902,0.8830118179321289,0.45332601645949094,0.7433637686716061,0.9073230610201247,0.2763209519215308,0.1548809814326117,0.04314553298111501
kligler,natiCPO06_10,natiCPO06_10,val,classical_shadow_0.55,16.720539640858508,0.8622151613235474,0.5148695932923999,0.6725933513652693,0.8908162935684982,0.28815243608297153,0.21310380901033835,0.05382512967105967
kligler,natiCPO06_10,natiCPO06_10,val,classical_shadow_0.70,14.111100151625857,0.8375464081764221,0.5527782578490158,0.6299663919564024,0.884032690506186,0.3436356327383824,0.2711859734084983,0.06043855704899475
kligler,natiCPO06_10,natiCPO06_10,val,docres_deshadow,27.236278691645165,0.9241467714309692,0.3955974328261874,0.8054244932845063,0.8767645443679943,0.289085061907059,0.11893278346875014,0.01744223569452519
kligler,natiCPO06_10,natiCPO06_10,val,docres_classical040_blend_0.70,26.128965219619488,0.922709047794342,0.394204318010371,0.8348973694153514,0.905287980101431,0.2847756874095514,0.12981783213365752,0.02996833565636013
kligler,natiCPO06_10,natiCPO06_10,val,docres_input_blend_0.70,24.8282019367865,0.9251630902290344,0.36982406161184755,0.8366909946065296,0.8961785702748974,0.2866345071554912,0.08325162925758828,0.02172392913625096
kligler,natiCPO06_10,natiCPO06_10,val,docres_classical040_blend_0.80,26.952934042726824,0.9245197176933289,0.395252337928519,0.8242797252453162,0.8955325128403915,0.2863273838237659,0.12619049781031566,0.026170025274641753
kligler,natiCPO06_10,natiCPO06_10,val,docres_input_blend_0.80,26.575099597317195,0.9261231422424316,0.3813349909286831,0.821025610386812,0.8885227896760022,0.28733880045023313,0.09525838275493514,0.021155270834624117
kligler,natiCPO06_10,natiCPO06_10,val,docres_classical040_blend_0.85,27.2333677444972,0.924974262714386,0.3956164863833989,0.8191520989172567,0.8900410246470911,0.287044540922978,0.12423444914225548,0.024235252065437054
kligler,natiCPO06_10,natiCPO06_10,val,docres_input_blend_0.85,27.23569209018531,0.9260380268096924,0.3851385548842178,0.8170815322457272,0.8853894111186484,0.28815726000964786,0.10126259502032038,0.02053367731111146
kligler,natiCPO06_10,natiCPO06_10,val,docres_classical040_blend_0.90,27.38885994078016,0.9251960515975952,0.39600754757346734,0.8137931034240846,0.8843234163517136,0.2877247145843383,0.12224900920329548,0.02219140072164541
kligler,natiCPO06_10,natiCPO06_10,val,docres_input_blend_0.90,27.606387001943826,0.9256976842880249,0.3891157587158468,0.8124144904880015,0.8823529411764706,0.28783084097121725,0.10720911564497163,0.019697721962431417
kligler,natiCPO06_10,natiCPO06_10,val,docres_classical040_blend_0.95,27.359290669049976,0.9248967170715332,0.39651124057211773,0.808089194614871,0.8803178602577769,0.28843383180575655,0.12072929573823417,0.019766099755860096
kligler,natiCPO06_10,natiCPO06_10,val,docres_input_blend_0.95,27.591770690521955,0.92484050989151,0.39282344782031936,0.808074810722634,0.8792841683625674,0.2884611673902557,0.11327031960878903,0.01858164133664837
kligler,natiCPO06_10,natiCPO06_10,val,docres_appearance,13.11517896089228,0.8781254887580872,0.5467787179266351,0.6443228454006059,0.8063765868785735,0.2885962373371925,0.3075875321989224,0.06120666392817963
kligler,natiCPO06_10,natiCPO06_10,val,docres_binarization,9.63356489260088,0.6403632760047913,0.7874362444831359,0.2716732476479044,0.3489356203766515,0.3056391702846117,0.2902772906557703,0.18281534320782142
kligler,natiCPO06_10,natiCPO06_10,val,binary_input_blend_0.75,12.475987035995168,0.7338107824325562,0.663040908352589,0.4435012960251944,0.5029557127628647,0.3056391702846117,0.2176701569194972,0.1259140479935462
kligler,natiCPO06_10,natiCPO06_10,val,binary_docres_blend_0.75,11.943227587418468,0.7419463396072388,0.6755857440754274,0.446345567044619,0.5056045482443389,0.3056391702846117,0.2476396306070266,0.12897566167115887
kligler,natiCPO06_10,natiCPO06_10,val,binary_input_blend_0.90,10.69217754270494,0.6782156229019165,0.7155503453505137,0.4003377442998633,0.4671318280195109,0.3056391702846117,0.26117971806828544,0.15950388380908687
kligler,natiCPO06_10,natiCPO06_10,val,binary_docres_blend_0.90,10.487705884592744,0.6813317537307739,0.7108109915771542,0.41308416435059403,0.47769486707368286,0.3056391702846117,0.2732778424120895,0.16116477589153574
kligler,natiCPO07_03,natiCPO07_03,val,input,12.415989752497616,0.8517127633094788,2.8938901275310515e-11,0.9999999999356913,1.0,0.0,0.0,0.0
kligler,natiCPO07_03,natiCPO07_03,val,classical_shadow_0.25,17.455220832411676,0.9225550889968872,0.20914100020283186,0.7025780060548621,0.949903536977492,0.01048983134920635,0.11345086367880479,0.032384876844652494
kligler,natiCPO07_03,natiCPO07_03,val,classical_shadow_0.40,20.533216401388913,0.9305213093757629,0.29668189698253067,0.6033982594030917,0.9363344051446946,0.016517857142857143,0.18160031998910672,0.04842188095903681
kligler,natiCPO07_03,natiCPO07_03,val,classical_shadow_0.55,19.740815624059646,0.921543300151825,0.3690238827250567,0.5347647124064685,0.927395498392283,0.02339781746031746,0.2497003822362278,0.06065005492193152
kligler,natiCPO07_03,natiCPO07_03,val,classical_shadow_0.70,16.332925434299874,0.9026836156845093,0.6191994387889589,0.49198118065551766,0.9212861736334406,0.484968998015873,0.3178169886009959,0.06765161680656982
kligler,natiCPO07_03,natiCPO07_03,val,docres_deshadow,27.28439434529999,0.9481033682823181,0.5555906666984471,0.5509262759716096,0.9371061093247588,0.42921875,0.1607784245642701,0.06532686843327232
kligler,natiCPO07_03,natiCPO07_03,val,docres_classical040_blend_0.70,26.609765346646945,0.9488845467567444,0.5492702829972642,0.5720503832451735,0.9550482315112541,0.42078373015873016,0.16687763091347646,0.0665698384870027
kligler,natiCPO07_03,natiCPO07_03,val,docres_input_blend_0.70,20.426064440330638,0.9420651793479919,0.5107346428968719,0.5997486520209289,0.9513826366559486,0.41414434523809524,0.11252635290227206,0.059351658575635145
kligler,natiCPO07_03,natiCPO07_03,val,docres_classical040_blend_0.80,27.189795671805676,0.9486889839172363,0.5496406317963007,0.5696689761135616,0.9517684887459807,0.42301215277777776,0.16482753657018367,0.06676776069888336
kligler,natiCPO07_03,natiCPO07_03,val,docres_input_blend_0.80,22.392764734423398,0.9457155466079712,0.5284436174598633,0.5796472398461253,0.9446945337620579,0.41781001984126986,0.12859893888110793,0.06307549973029418
kligler,natiCPO07_03,natiCPO07_03,val,docres_classical040_blend_0.85,27.36139195184044,0.9492502808570862,0.5517531747854529,0.5639189861570535,0.9472025723472669,0.4245535714285714,0.16370363075785868,0.06672544375497257
kligler,natiCPO07_03,natiCPO07_03,val,docres_input_blend_0.85,23.514151220227312,0.9468163251876831,0.5355480389354883,0.5727009922426478,0.9427652733118971,0.4203013392857143,0.13666605878462496,0.06432843655138291
kligler,natiCPO07_03,natiCPO07_03,val,docres_classical040_blend_0.90,27.44517465318671,0.9488134980201721,0.5531841965541114,0.5594691942915841,0.9489389067524115,0.42605034722222224,0.1630442635387488,0.06621271428304129
kligler,natiCPO07_03,natiCPO07_03,val,docres_input_blend_0.90,24.730823530409843,0.9474178552627563,0.5429771162200976,0.564374782821898,0.9401286173633441,0.4231473214285714,0.14473474945533765,0.0650864478463609
kligler,natiCPO07_03,natiCPO07_03,val,docres_classical040_blend_0.95,27.35785296288693,0.9483636617660522,0.5533722699853839,0.5574638232841789,0.9414147909967846,0.42764508928571426,0.16129489087301582,0.0661883901900968
kligler,natiCPO07_03,natiCPO07_03,val,docres_input_blend_0.95,26.0059151133057,0.9476914405822754,0.5498171431731051,0.5568798227306563,0.937491961414791,0.42617559523809523,0.1528043495175848,0.06548553932477764
kligler,natiCPO07_03,natiCPO07_03,val,docres_appearance,12.327481149741978,0.8943942189216614,0.6327365350786768,0.41131845970323233,0.8263665594855305,0.42458705357142856,0.4066540275832555,0.02971640324188549
kligler,natiCPO07_03,natiCPO07_03,val,docres_binarization,9.347567024077183,0.7568445205688477,0.7650980111804738,0.14951333050573368,0.22720257234726687,0.5343526785714285,0.4607243571039527,0.05396501651342331
kligler,natiCPO07_03,natiCPO07_03,val,binary_input_blend_0.75,13.051419147766921,0.8246803879737854,0.7206554538383101,0.19794921444360564,0.28926045016077173,0.5343526785714285,0.3456851122393401,0.016221000563221125
kligler,natiCPO07_03,natiCPO07_03,val,binary_docres_blend_0.75,12.027496008863906,0.8253000974655151,0.7197769572864996,0.19994711558768027,0.2917684887459807,0.5343526785714285,0.3859992608154373,0.016255265501593015
kligler,natiCPO07_03,natiCPO07_03,val,binary_input_blend_0.90,10.68666417786756,0.7845384478569031,0.7411663903694425,0.18092548337254288,0.2677813504823151,0.5343526785714285,0.41470108737939615,0.03763809647847817
kligler,natiCPO07_03,natiCPO07_03,val,binary_docres_blend_0.90,10.323222839479415,0.7848511338233948,0.7403827522659909,0.1839641130532658,0.2716398713826367,0.5343526785714285,0.43093029295051355,0.03861100523326762
kligler,natiCPO07_09,natiCPO07_09,val,input,15.397102784235122,0.8722458481788635,2.265747589547118e-11,0.99999999994965,1.0,0.0,0.0,0.0
kligler,natiCPO07_09,natiCPO07_09,val,classical_shadow_0.25,20.24125990325129,0.9000695943832397,0.17035522208489348,0.7684245139229551,0.941291979255828,0.01171750992063492,0.09462572945844996,0.027630752743680646
kligler,natiCPO07_09,natiCPO07_09,val,classical_shadow_0.40,20.85691592803584,0.895097553730011,0.24972127651956477,0.6868187060275003,0.9295100951613715,0.023322172619047617,0.15141905442732642,0.041499833069936216
kligler,natiCPO07_09,natiCPO07_09,val,classical_shadow_0.55,18.308310261868133,0.8801228404045105,0.5318593254489667,0.6285123966725719,0.9189869593676049,0.30982266865079366,0.2083193617724867,0.05227026540438227
kligler,natiCPO07_09,natiCPO07_09,val,classical_shadow_0.70,15.359992517510062,0.860007107257843,0.5740657857031185,0.5810719892166382,0.9131967171844318,0.3681436011904762,0.2651457068938687,0.059246968084342704
kligler,natiCPO07_09,natiCPO07_09,val,docres_deshadow,29.55797985290754,0.9140510559082031,0.47657436603505454,0.6819693702005932,0.939429031770807,0.314312996031746,0.12601837262682852,0.055088722624316806
kligler,natiCPO07_09,natiCPO07_09,val,docres_classical040_blend_0.70,27.390348428471146,0.9127560257911682,0.4707987991911812,0.70193911976931,0.9532249131463673,0.30872271825396824,0.1337057753657018,0.05531515490181657
kligler,natiCPO07_09,natiCPO07_09,val,docres_input_blend_0.70,25.056192833728712,0.9148810505867004,0.4353178471876651,0.7307082962737854,0.9521172146417602,0.3046217757936508,0.08814960706504815,0.048127896141415424
kligler,natiCPO07_09,natiCPO07_09,val,docres_classical040_blend_0.80,28.39669711918139,0.9130211472511292,0.47081507220038604,0.7001036806376323,0.9519661648456774,0.3106857638888889,0.13107418106131333,0.055720093437992134
kligler,natiCPO07_09,natiCPO07_09,val,docres_input_blend_0.80,27.327925166906326,0.9155580997467041,0.45011445518529025,0.7136664384852968,0.9449675242938422,0.30674727182539685,0.10091873832866474,0.05149476195367987
kligler,natiCPO07_09,natiCPO07_09,val,docres_classical040_blend_0.85,28.832771578992983,0.9135774970054626,0.4718001499321685,0.6968016268923349,0.9488444690599668,0.31131324404761906,0.12961672794117643,0.05585698476208108
kligler,natiCPO07_09,natiCPO07_09,val,docres_input_blend_0.85,28.414427543313693,0.9155088067054749,0.4577108881733436,0.704182480902477,0.943507376265042,0.3082576884920635,0.10731774723778391,0.05277650947390786
kligler,natiCPO07_09,natiCPO07_09,val,docres_classical040_blend_0.90,29.170176197920075,0.9141455888748169,0.47326656255715444,0.6922566616042363,0.9457227732742561,0.31267733134920633,0.1283092271630874,0.05576394902304291
kligler,natiCPO07_09,natiCPO07_09,val,docres_input_blend_0.90,29.27757296061578,0.9152604937553406,0.46460891692104744,0.6958362737920798,0.943255626604904,0.3104923115079365,0.11364240974167446,0.05379712705135601
kligler,natiCPO07_09,natiCPO07_09,val,docres_classical040_blend_0.95,29.43834179771857,0.9141252636909485,0.4762762634515796,0.6841547235783798,0.9421982780323247,0.31335069444444447,0.1271236918378462,0.055494020544520024
kligler,natiCPO07_09,natiCPO07_09,val,docres_input_blend_0.95,29.70122736234024,0.9146153330802917,0.46915045490568374,0.6923560286577823,0.9431045768088213,0.31221478174603173,0.1198144598117024,0.05464147312834142
kligler,natiCPO07_09,natiCPO07_09,val,docres_appearance,12.22290820773243,0.8683795928955078,0.5946314046475666,0.5040567638283493,0.8226675393988218,0.31295882936507935,0.33288770230314346,0.03576158061720625
kligler,natiCPO07_09,natiCPO07_09,val,docres_binarization,9.450580686666694,0.7500810623168945,0.7705168135929181,0.17679538201653597,0.248275514828055,0.4153000992063492,0.3720045615468409,0.08345789250059892
kligler,natiCPO07_09,natiCPO07_09,val,binary_input_blend_0.75,12.616011299797794,0.8080090284347534,0.718188938767708,0.23992604888922706,0.32017521776345603,0.4153000992063492,0.27914985994397756,0.04359276794643354
kligler,natiCPO07_09,natiCPO07_09,val,binary_docres_blend_0.75,11.84115362296356,0.8092092275619507,0.7165793357155948,0.24127127919672098,0.32183676552036655,0.41529637896825394,0.31071956213040763,0.04191901892353221
kligler,natiCPO07_09,natiCPO07_09,val,binary_input_blend_0.90,10.607215611083525,0.7734427452087402,0.740826262412249,0.22023698970245395,0.29852474699159154,0.4153000992063492,0.3348039993775287,0.0665548462972556
kligler,natiCPO07_09,natiCPO07_09,val,binary_docres_blend_0.90,10.332440479190726,0.7740775346755981,0.7395458555951565,0.22305372500007245,0.30164644277730224,0.4153000992063492,0.3472977989807034,0.06653338640864857
kligler,natiCPO07_12,natiCPO07_12,val,input,17.331014313018485,0.9068472385406494,2.022926826050764e-11,0.9999999999550461,1.0,0.0,0.0,0.0
kligler,natiCPO07_12,natiCPO07_12,val,classical_shadow_0.25,21.047036768482123,0.9128810167312622,0.17674174751441926,0.7528089887369342,0.9397167902899528,0.022508680555555556,0.0834870350918144,0.01600382975626392
kligler,natiCPO07_12,natiCPO07_12,val,classical_shadow_0.40,20.184949269652236,0.9030261635780334,0.25996276123639644,0.6736279588002876,0.9236682400539447,0.04589657738095238,0.1337015931372548,0.02286354676778595
kligler,natiCPO07_12,natiCPO07_12,val,classical_shadow_0.55,17.594202127942687,0.8867371082305908,0.511746326879061,0.6181475055362327,0.9129242526410429,0.28582093253968255,0.18389603271864294,0.027257152138180852
kligler,natiCPO07_12,natiCPO07_12,val,classical_shadow_0.70,15.046094719179134,0.8645659685134888,0.5519550348882424,0.5756640959561364,0.9060013486176669,0.2975843253968254,0.2341505310457516,0.028906109417005225
kligler,natiCPO07_12,natiCPO07_12,val,docres_deshadow,30.806670965331158,0.9301522970199585,0.39216543425350414,0.7544343857822023,0.9216003596313779,0.22968998015873016,0.09438829559601612,0.023692682430597682
kligler,natiCPO07_12,natiCPO07_12,val,docres_classical040_blend_0.70,27.449882089848625,0.9269682168960571,0.3980969399461763,0.7512475318344553,0.9407057765790066,0.2266939484126984,0.10618336153906008,0.028318393738931188
kligler,natiCPO07_12,natiCPO07_12,val,docres_input_blend_0.70,27.344436250875912,0.9311644434928894,0.35932501910308473,0.7921619260702479,0.9377388177118453,0.2235280257936508,0.06616251847961407,0.026341421081999765
kligler,natiCPO07_12,natiCPO07_12,val,docres_classical040_blend_0.80,28.796527339122893,0.9286476969718933,0.39387189780075543,0.7572158041227967,0.9399415599011014,0.22738467261904763,0.10224648401027071,0.027226239054763336
kligler,natiCPO07_12,natiCPO07_12,val,docres_input_blend_0.80,29.594984303573536,0.9314552545547485,0.36876917707600976,0.7828242984040413,0.9367498314227917,0.224921875,0.07554752664954863,0.02649870949668152
kligler,natiCPO07_12,natiCPO07_12,val,docres_classical040_blend_0.85,29.425931856697098,0.9293012022972107,0.39117863352171034,0.761518209713269,0.9362103843560351,0.22784350198412698,0.10031633695144719,0.026486318546625844
kligler,natiCPO07_12,natiCPO07_12,val,docres_input_blend_0.85,30.56258081724033,0.931207001209259,0.3748640465460113,0.775054181272885,0.932434254888739,0.22581845238095238,0.08020393713040769,0.02623066814282345
kligler,natiCPO07_12,natiCPO07_12,val,docres_classical040_blend_0.90,30.00378372970205,0.9297209978103638,0.39135646392987183,0.7594006942898082,0.9341874578556979,0.22836185515873017,0.09835130232648606,0.025640667118268155
kligler,natiCPO07_12,natiCPO07_12,val,docres_input_blend_0.90,31.222324948873936,0.9310588836669922,0.38312523419293765,0.7624828811206839,0.9260507979321195,0.2269122023809524,0.08481352610488638,0.025674863123897333
kligler,natiCPO07_12,natiCPO07_12,val,docres_classical040_blend_0.95,30.48017538566024,0.930047869682312,0.391021371759983,0.7585230406841041,0.9271746459878625,0.22898313492063493,0.09643746595860565,0.024664364606254565
kligler,natiCPO07_12,natiCPO07_12,val,docres_input_blend_0.95,31.212365978130116,0.9306349754333496,0.3869850385199414,0.7601005433497172,0.9243875028096201,0.2281063988095238,0.09023804174447549,0.024714445866666945
kligler,natiCPO07_12,natiCPO07_12,val,docres_appearance,12.214332543269762,0.877423882484436,0.5651240670069375,0.5416415025805761,0.8063385030343897,0.2309250992063492,0.3037201456971677,0.046562739936412634
kligler,natiCPO07_12,natiCPO07_12,val,docres_binarization,9.410869971798316,0.7546806931495667,0.7963305490621646,0.14279120956641492,0.18080467520791188,0.34280381944444444,0.3422435953548085,0.1009776556117521
kligler,natiCPO07_12,natiCPO07_12,val,binary_input_blend_0.75,12.308883984610075,0.822338879108429,0.7496133673840223,0.19556743511914587,0.2368172623061362,0.342796378968254,0.25693439250700273,0.06269785531272999
kligler,natiCPO07_12,natiCPO07_12,val,binary_docres_blend_0.75,11.775730142621068,0.8201245665550232,0.749155445384516,0.19673957442917525,0.23816587997302766,0.34280257936507935,0.28047945358699033,0.0628137564627413
kligler,natiCPO07_12,natiCPO07_12,val,binary_input_blend_0.90,10.47252623721538,0.7822814583778381,0.7690568298698542,0.18231232554053503,0.22315126994830298,0.34280133928571427,0.30840894899626514,0.08516229393849177
kligler,natiCPO07_12,natiCPO07_12,val,binary_docres_blend_0.90,10.283026734504158,0.7813715934753418,0.7677075330059047,0.1856174975997637,0.22661272195999102,0.34280257936507935,0.3174394063180827,0.08539234487633067
kligler,natiCPO08_01,natiCPO08_01,val,input,13.629830131070369,0.8840432167053223,1.5053208679560726e-11,0.9999999999665484,1.0,0.0,0.0,0.0
kligler,natiCPO08_01,natiCPO08_01,val,classical_shadow_0.25,18.65488008930078,0.9497832655906677,0.31370819671728845,0.9623159063134795,0.9857831002876831,0.4124059412419028,0.10264104804389854,0.009489892234658057
kligler,natiCPO08_01,natiCPO08_01,val,classical_shadow_0.40,21.53199988503683,0.9618133902549744,0.3447496844764576,0.9505081892616525,0.9823041412992574,0.4095312874871862,0.16425192843173603,0.011295997119178062
kligler,natiCPO08_01,natiCPO08_01,val,classical_shadow_0.55,20.53344852007808,0.9588070511817932,0.37245923712482487,0.9420635431803163,0.97798889409246,0.4096403411197627,0.22587444976027446,0.010063419419762314
kligler,natiCPO08_01,natiCPO08_01,val,classical_shadow_0.70,17.193684242048832,0.9453475475311279,0.38462306894143694,0.9308769014147106,0.9744095805178297,0.4106261859582543,0.2874899232305193,0.005862790963427764
kligler,natiCPO08_01,natiCPO08_01,val,docres_deshadow,26.218017853922525,0.9707660675048828,0.3573201216048199,0.9021594578905022,0.9531009567137219,0.41103840868939345,0.14029630085801684,0.011955595520565203
kligler,natiCPO08_01,natiCPO08_01,val,docres_classical040_blend_0.70,26.168827124634095,0.9742817878723145,0.35353461936620545,0.9218695054211224,0.9646417341272496,0.4120744181988702,0.1474352852222919,0.01566963786132292
kligler,natiCPO08_01,natiCPO08_01,val,docres_input_blend_0.70,21.365386454325147,0.9647722840309143,0.33583253382275813,0.9218809980511234,0.9640061550812872,0.413875984209034,0.09822874662307945,0.018979140494219764
kligler,natiCPO08_01,natiCPO08_01,val,docres_classical040_blend_0.80,26.425043719175548,0.9736413359642029,0.35498122727457854,0.9153498151868437,0.9610958720813542,0.41090100111234706,0.144991748275135,0.014819907997673649
kligler,natiCPO08_01,natiCPO08_01,val,docres_input_blend_0.80,23.04246383115438,0.9682480692863464,0.34455840030180124,0.9131957712102536,0.9593229410584063,0.41301227943902813,0.1122581928145203,0.017655367034345427
kligler,natiCPO08_01,natiCPO08_01,val,docres_classical040_blend_0.85,26.466891599499725,0.9730290174484253,0.35570576434653517,0.9119162743061485,0.9589549742423229,0.4116098497240943,0.14383691734889337,0.014222201407907796
kligler,natiCPO08_01,natiCPO08_01,val,docres_input_blend_0.85,23.918912871834678,0.9693852663040161,0.347987772955947,0.9104036130876753,0.9575165585067238,0.4132085759776658,0.11928183692504682,0.01659444012563696
kligler,natiCPO08_01,natiCPO08_01,val,docres_classical040_blend_0.90,26.438977667166377,0.9722539782524109,0.3562671432217276,0.9087241072274519,0.9568140764032916,0.4110056925996205,0.14263929463255123,0.013562122701767335
kligler,natiCPO08_01,natiCPO08_01,val,docres_input_blend_0.90,24.781730094775387,0.9701162576675415,0.35203551465709226,0.9059178168838357,0.9550411453803439,0.41207659927152174,0.12629616657236734,0.015300109376452284
kligler,natiCPO08_01,natiCPO08_01,val,docres_classical040_blend_0.95,26.340600435017624,0.9715269804000854,0.3577126724520173,0.9033770512290636,0.9539037934033585,0.4116752819036402,0.14122207638971743,0.012905858248681604
kligler,natiCPO08_01,natiCPO08_01,val,docres_input_blend_0.95,25.574324423859718,0.970635175704956,0.3545212560512605,0.9045958795275881,0.9547066300929953,0.4109053632576501,0.13335558882760498,0.013745277179388641
kligler,natiCPO08_01,natiCPO08_01,val,docres_appearance,13.68362928575958,0.9063413143157959,0.44482336302506365,0.868012470263666,0.9406904395530876,0.41562084233025803,0.3532955024143619,0.059048291072855474
kligler,natiCPO08_01,natiCPO08_01,val,docres_binarization,9.511160019088292,0.6860606074333191,0.6879713296205059,0.45278626916305953,0.5400749314243661,0.4608126676699601,0.39879587683183376,0.15287525123980442
kligler,natiCPO08_01,natiCPO08_01,val,binary_input_blend_0.75,12.951714707854121,0.7695276141166687,0.5962785005781682,0.5812256809161835,0.639593229410584,0.4608126676699601,0.2991179571132691,0.09638342831741803
kligler,natiCPO08_01,natiCPO08_01,val,binary_docres_blend_0.75,12.081945907288913,0.7732399702072144,0.5767491017585653,0.6337504533722116,0.7013782029838763,0.4608126676699601,0.3343986889615057,0.10322800962676759
kligler,natiCPO08_01,natiCPO08_01,val,binary_input_blend_0.90,10.76278614809686,0.7190682291984558,0.6352747375391058,0.5390186707667483,0.6074463102963805,0.4608126676699601,0.35915358129991076,0.1297218989735708
kligler,natiCPO08_01,natiCPO08_01,val,binary_docres_blend_0.90,10.451439695914694,0.7204748392105103,0.6354248862711038,0.5428367443912768,0.6104234963537833,0.4608126676699601,0.37335475916467475,0.13283570207863066
kligler,natiCPO08_02,natiCPO08_02,val,input,15.204623241405308,0.9131547808647156,1.4796813774253793e-11,0.9999999999671182,1.0,0.0,0.0,0.0
kligler,natiCPO08_02,natiCPO08_02,val,classical_shadow_0.25,20.542296450769033,0.9597912430763245,0.07827181588144053,0.968255506007613,0.985893726160726,0.020587144757791883,0.09183057427642916,0.011112365194171383
kligler,natiCPO08_02,natiCPO08_02,val,classical_shadow_0.40,22.477920577599583,0.9658125638961792,0.33410202044648907,0.9612911522324687,0.9831645403130344,0.303522432332221,0.1469857789786507,0.013147878932732858
kligler,natiCPO08_02,natiCPO08_02,val,classical_shadow_0.55,20.13237685421895,0.9599820375442505,0.3625216368136449,0.944920362937213,0.979284492963304,0.30825535998604114,0.20210116841344922,0.011492221283351771
kligler,natiCPO08_02,natiCPO08_02,val,classical_shadow_0.70,16.78350539370964,0.9458751082420349,0.38360876849816494,0.9336834161079905,0.9763580165724056,0.31544853759078717,0.2572462118830825,0.006277176244601221
kligler,natiCPO08_02,natiCPO08_02,val,docres_deshadow,27.340836091529255,0.9727807641029358,0.34610071632683914,0.9200416679529012,0.9583716953834013,0.3072913258740649,0.10922451748044193,0.02738276652244649
kligler,natiCPO08_02,natiCPO08_02,val,docres_classical040_blend_0.70,28.631450980806523,0.9765697717666626,0.342218111308506,0.9382904838975982,0.9684335130869394,0.3067962223821675,0.12056679663293698,0.02703685068208396
kligler,natiCPO08_02,natiCPO08_02,val,docres_input_blend_0.70,23.780387774302593,0.9713706970214844,0.327197532887197,0.9368551776545391,0.9674141786137052,0.30543741412026437,0.07652638948226886,0.03028634506472004
kligler,natiCPO08_02,natiCPO08_02,val,docres_classical040_blend_0.80,28.61901782148778,0.9758854508399963,0.34367389843785634,0.932371906834841,0.9651453373668288,0.30693581103186546,0.11684043828441103,0.027508468666283925
kligler,natiCPO08_02,natiCPO08_02,val,docres_input_blend_0.80,25.49043316161153,0.9730306267738342,0.33545336632476774,0.9284741359901019,0.9637971853215835,0.30683766276254665,0.08736994712823291,0.030531247781700653
kligler,natiCPO08_02,natiCPO08_02,val,docres_classical040_blend_0.85,28.433017567850868,0.9752128720283508,0.3446587235494931,0.9286348360621193,0.9631395501775615,0.3076861000239918,0.11494204120174535,0.027612638827914468
kligler,natiCPO08_02,natiCPO08_02,val,docres_input_blend_0.85,26.268706028018176,0.9733573794364929,0.33836635767524115,0.9263997972850773,0.9618571616467184,0.307337128399747,0.09286652391332326,0.030166094813661042
kligler,natiCPO08_02,natiCPO08_02,val,docres_classical040_blend_0.90,28.142615638243793,0.9743501543998718,0.3459050089672059,0.9242453009010745,0.9604103643298698,0.30713865078845776,0.11311897238120523,0.0276130090336788
kligler,natiCPO08_02,natiCPO08_02,val,docres_input_blend_0.90,26.898298592432432,0.9733589887619019,0.3408063268976659,0.9249849716542227,0.9613310535315007,0.30775589434884076,0.09836775365340354,0.029504104467841106
kligler,natiCPO08_02,natiCPO08_02,val,docres_classical040_blend_0.95,27.71270986888283,0.9735754728317261,0.34612414586847334,0.9218552664523284,0.9600486650006577,0.307921655870357,0.11080323773820203,0.027729534461233846
kligler,natiCPO08_02,natiCPO08_02,val,docres_input_blend_0.95,27.28097596903023,0.9731570482254028,0.3440839102363901,0.9213543475909998,0.9591937393134289,0.30694453532247157,0.10386371460621584,0.02857980134975618
kligler,natiCPO08_02,natiCPO08_02,val,docres_appearance,13.604375899113496,0.8917612433433533,0.44624251173440277,0.8557245458127912,0.9324279889517296,0.3060153983729198,0.3110010567510827,0.05219759558359801
kligler,natiCPO08_02,natiCPO08_02,val,docres_binarization,9.916077664034988,0.703246533870697,0.6723932895025104,0.5099043255488505,0.6221228462449033,0.32616414752775413,0.32801391952012976,0.16975039333248862
kligler,natiCPO08_02,natiCPO08_02,val,binary_input_blend_0.75,13.140683560378822,0.7820915579795837,0.5584592158371082,0.6814151365672065,0.7504932263580165,0.32616414752775413,0.2460725424763899,0.1111116838363254
kligler,natiCPO08_02,natiCPO08_02,val,binary_docres_blend_0.75,12.398723512805663,0.780437707901001,0.5515760220377374,0.7065074626654774,0.778245429435749,0.32616414752775413,0.27353441112535226,0.11584063372867033
kligler,natiCPO08_02,natiCPO08_02,val,binary_input_blend_0.90,11.093114464657479,0.7339624762535095,0.6057744443538402,0.6260035359062689,0.7102130737866632,0.32616414752775413,0.2955672991349695,0.1457933925194353
kligler,natiCPO08_02,natiCPO08_02,val,binary_docres_blend_0.90,10.827621767046288,0.7332227826118469,0.603683614867702,0.633732273357394,0.7156056819676444,0.32616414752775413,0.30648183145098207,0.1481052297975488
kligler,natiCPO08_05,natiCPO08_05,val,input,14.46211060192005,0.895767331123352,1.4912521217880228e-11,0.9999999999668611,1.0,0.0,0.0,0.0
kligler,natiCPO08_05,natiCPO08_05,val,classical_shadow_0.25,19.501284091077448,0.9519215822219849,0.3103925378199766,0.966900767298514,0.9854851537645811,0.3317389692250649,0.09816753118399314,0.01038478438451775
kligler,natiCPO08_05,natiCPO08_05,val,classical_shadow_0.40,21.707631238208226,0.9616072773933411,0.34056660170345804,0.9558942235976916,0.9810776776246023,0.33703461362297976,0.1570900043151026,0.01313833432729709
kligler,natiCPO08_05,natiCPO08_05,val,classical_shadow_0.55,20.00524650773505,0.958310067653656,0.3693632500385846,0.9442238729205871,0.9772667020148462,0.33988527557852954,0.21604659626506276,0.013075590578039527
kligler,natiCPO08_05,natiCPO08_05,val,classical_shadow_0.70,16.789601598497693,0.9455137252807617,0.38520323546514235,0.9354089810159201,0.974715005302227,0.34462256537765273,0.27498135182882943,0.010228794870510665
kligler,natiCPO08_05,natiCPO08_05,val,docres_deshadow,27.091464286409824,0.9718876481056213,0.35857725673412294,0.8916810277019683,0.9430673382820784,0.34232153373028856,0.11989269977877086,0.01979439881416727
kligler,natiCPO08_05,natiCPO08_05,val,docres_classical040_blend_0.70,27.179438763606175,0.9752068519592285,0.3532899154033821,0.915654627868356,0.9569525450689289,0.34188531919998255,0.13097708205836806,0.021572775201325185
kligler,natiCPO08_05,natiCPO08_05,val,docres_input_blend_0.70,22.16199471053093,0.9667704105377197,0.33649174879885696,0.9137062271933543,0.9554612937433722,0.34175445484089073,0.08387360213556949,0.02351685030273103
kligler,natiCPO08_05,natiCPO08_05,val,docres_classical040_blend_0.80,27.478865845769008,0.97459477186203,0.35522391655330876,0.9077496603510646,0.9521805408271474,0.34204453750354424,0.12726327129250792,0.021343258657141043
kligler,natiCPO08_05,natiCPO08_05,val,docres_input_blend_0.80,23.83993042813693,0.9698424339294434,0.3447686536824899,0.9056442956971512,0.9507224284199364,0.3417893520033152,0.09591091643968544,0.023240366950556243
kligler,natiCPO08_05,natiCPO08_05,val,docres_classical040_blend_0.85,27.503946684858825,0.9740570783615112,0.35666246591342854,0.9025642640844707,0.9494631495227995,0.34144910466967654,0.12540931677257705,0.02108776340401593
kligler,natiCPO08_05,natiCPO08_05,val,docres_input_blend_0.85,24.721610797165198,0.9707666635513306,0.34894939502445904,0.9010169064351283,0.948402704135737,0.34235206874741,0.10190589826194167,0.022741072692483492
kligler,natiCPO08_05,natiCPO08_05,val,docres_classical040_blend_0.90,27.44191815309092,0.9733261466026306,0.35667946003982276,0.9004594662355092,0.9482038706256628,0.3421732207899845,0.12362021281281824,0.020730224534457737
kligler,natiCPO08_05,natiCPO08_05,val,docres_input_blend_0.90,25.594792835946794,0.9713573455810547,0.3523422378016359,0.8978405054255229,0.9465469247083775,0.342788283277716,0.10792250263973946,0.0220024403120424
kligler,natiCPO08_05,natiCPO08_05,val,docres_classical040_blend_0.95,27.257918696677017,0.9725526571273804,0.3584800873050804,0.8941176470307728,0.9444591728525981,0.3429431394359746,0.1213291798867467,0.020502260857049173
kligler,natiCPO08_05,natiCPO08_05,val,docres_input_blend_0.95,26.419442381948937,0.9718301296234131,0.3565047168189631,0.8926679414158595,0.9436969777306469,0.3418918624179371,0.11394872939688205,0.021042997828911853
kligler,natiCPO08_05,natiCPO08_05,val,docres_appearance,13.505715225059426,0.9013870358467102,0.4465799972901827,0.8609847675185145,0.9346831919406151,0.34374359309908614,0.3352140252380042,0.056705237789190434
kligler,natiCPO08_05,natiCPO08_05,val,docres_binarization,9.763503495424306,0.6918144226074219,0.6912423063322318,0.4681777120673352,0.5667749204665959,0.3709917337346507,0.3571222670838931,0.1698704612708876
kligler,natiCPO08_05,natiCPO08_05,val,binary_input_blend_0.75,13.024924545470906,0.7715393900871277,0.5873345845824522,0.6218365871106942,0.6839872746553552,0.3709917337346507,0.2679053961875706,0.11193508130377454
kligler,natiCPO08_05,natiCPO08_05,val,binary_docres_blend_0.75,12.313945457660251,0.7744216918945312,0.5788174453026249,0.6469669669475385,0.7139448568398727,0.3709917337346507,0.29800668776747535,0.11658763404836213
kligler,natiCPO08_05,natiCPO08_05,val,binary_input_blend_0.90,10.956781199372092,0.7229844331741333,0.629322015918812,0.5742678744005433,0.6491914103923648,0.3709917337346507,0.32168235114499905,0.14623759899842756
kligler,natiCPO08_05,natiCPO08_05,val,binary_docres_blend_0.90,10.697256279291949,0.7241719365119934,0.6283443195092172,0.5794612398370939,0.6529692470837752,0.3709917337346507,0.3338663190635586,0.1485031290598491
kligler,natiCPO08_06,natiCPO08_06,val,input,13.664866731002515,0.8735034465789795,1.489423584466465e-11,0.9999999999669017,1.0,0.0,0.0,0.0
kligler,natiCPO08_06,natiCPO08_06,val,classical_shadow_0.25,18.588957274789912,0.9368879795074463,0.3121101150335843,0.9691685949558658,0.984245192466819,0.39579271085519857,0.10280963213002271,0.011853549852858107
kligler,natiCPO08_06,natiCPO08_06,val,classical_shadow_0.40,21.171816285471618,0.9484509825706482,0.34322488012187474,0.9593530193199782,0.9796114255452951,0.3964492137233091,0.1645177883581184,0.015211039121029233
kligler,natiCPO08_06,natiCPO08_06,val,classical_shadow_0.55,20.045407517080438,0.9456372261047363,0.3737507896211735,0.9467573288553865,0.9769966570681494,0.3991210277214334,0.22622443921842325,0.015503019864546832
kligler,natiCPO08_06,natiCPO08_06,val,classical_shadow_0.70,16.85240889035623,0.9326798319816589,0.3861557590898649,0.9365645499988355,0.9734220368715454,0.4034308272808567,0.28796492664111817,0.012683010982234781
kligler,natiCPO08_06,natiCPO08_06,val,docres_deshadow,26.951833243673118,0.9600929617881775,0.36883749265653587,0.886590205916229,0.9389997683116539,0.4023032127200157,0.14506116625803625,0.016297698026040627
kligler,natiCPO08_06,natiCPO08_06,val,docres_classical040_blend_0.70,26.631978861546663,0.9629785418510437,0.3623219031471952,0.9118065883702475,0.9536954291199152,0.40064341643220136,0.1508377500054527,0.020499613186042525
kligler,natiCPO08_06,natiCPO08_06,val,docres_input_blend_0.70,21.972180467155372,0.9551360011100769,0.3451505529778007,0.9092173472970914,0.9520405123622282,0.40149185369364654,0.10147505515761666,0.022847228664075174
kligler,natiCPO08_06,natiCPO08_06,val,docres_classical040_blend_0.80,27.045714906952483,0.9625388383865356,0.36471222057084834,0.903453491274784,0.9489954655280839,0.40116905494122007,0.14886661628816497,0.019532741882058665
kligler,natiCPO08_06,natiCPO08_06,val,docres_input_blend_0.80,23.820238534013107,0.9583384394645691,0.35399582490941656,0.9010764194604974,0.9475722371164731,0.4018321010272852,0.11603573366793549,0.02177653366577708
kligler,natiCPO08_06,natiCPO08_06,val,docres_classical040_blend_0.85,27.140194459863856,0.9620213508605957,0.3660292823269729,0.8988113954814536,0.9460828120345547,0.4009007830050819,0.14793122693034547,0.018869865869147986
kligler,natiCPO08_06,natiCPO08_06,val,docres_input_blend_0.85,24.77310139286921,0.9593056440353394,0.35788317480367177,0.8976075953064351,0.9450236653096349,0.40128028964644813,0.12329604554421823,0.020813624123133777
kligler,natiCPO08_06,natiCPO08_06,val,docres_classical040_blend_0.90,27.154784808039523,0.961370050907135,0.3666439241247371,0.8955978397106381,0.9440638135901764,0.40183428209993677,0.14695139500979126,0.018137323317679553
kligler,natiCPO08_06,natiCPO08_06,val,docres_input_blend_0.90,25.676589606780908,0.9598510265350342,0.36208068863284204,0.8930945810056105,0.9426074868434118,0.4021352701258479,0.130549472073503,0.019589102093275877
kligler,natiCPO08_06,natiCPO08_06,val,docres_classical040_blend_0.95,27.052932851540874,0.9606704115867615,0.3675597688552049,0.8914726252501968,0.9415152417833383,0.40153547514667715,0.14579842868683604,0.01733846457176505
kligler,natiCPO08_06,natiCPO08_06,val,docres_input_blend_0.95,26.44917986129256,0.9601017832756042,0.3660249963183932,0.8887915388669881,0.9401251117068812,0.4015551048005409,0.13788819992652776,0.01804318139654463
kligler,natiCPO08_06,natiCPO08_06,val,docres_appearance,13.783043914629614,0.8947057723999023,0.44353132743179935,0.8650516914153957,0.9360871148181247,0.40335448973805316,0.3446317258827891,0.054674314281212465
kligler,natiCPO08_06,natiCPO08_06,val,docres_binarization,9.619283501133317,0.6841040849685669,0.6908250589543784,0.4548692602795685,0.5452619733227418,0.43987218914262033,0.38426250877240253,0.15919371013364042
kligler,natiCPO08_06,natiCPO08_06,val,binary_input_blend_0.75,12.967111076516204,0.7635747790336609,0.5951103812456544,0.5913412359169823,0.6505477774467944,0.43987218914262033,0.28821446701213144,0.10202322901382736
kligler,natiCPO08_06,natiCPO08_06,val,binary_docres_blend_0.75,12.11468064197102,0.7678343653678894,0.5822539612764434,0.6279208927795853,0.6946347598715784,0.43987218914262033,0.32470345323673316,0.10803060504542786
kligler,natiCPO08_06,natiCPO08_06,val,binary_input_blend_0.90,10.84400144156117,0.7155067324638367,0.6376933423175337,0.5417531347574971,0.6134776420746036,0.43987218914262033,0.34610578886618004,0.135803754930679
kligler,natiCPO08_06,natiCPO08_06,val,binary_docres_blend_0.90,10.535930427832461,0.7168781757354736,0.6360449070286806,0.5490720075017893,0.6188395723695098,0.43987218914262033,0.3606748495380616,0.13854551734080955
kligler,natiCPR01_01,natiCPR01_01,val,input,13.535626264753484,0.8757516741752625,1.1415818290672064e-11,0.9999999999746315,1.0,0.0,0.0,0.0
kligler,natiCPR01_01,natiCPR01_01,val,classical_shadow_0.25,18.54184074089946,0.9347783923149109,0.08150308268917147,0.9594017093781462,0.9909688221416069,0.010653812878506983,0.10088513147860133,0.02037664406564957
kligler,natiCPR01_01,natiCPR01_01,val,classical_shadow_0.40,21.38105550328512,0.941756546497345,0.12543686694553127,0.940726438978141,0.9888378700626601,0.017306979264710077,0.1614289344080616,0.028142019096266686
kligler,natiCPR01_01,natiCPR01_01,val,classical_shadow_0.55,20.37630423550567,0.9327882528305054,0.38654625625760974,0.9361835144528186,0.9876962885917958,0.34390728539783044,0.22192721443653854,0.031763253311271146
kligler,natiCPR01_01,natiCPR01_01,val,classical_shadow_0.70,17.06194860496333,0.9137601256370544,0.40070401397951405,0.9286191589678626,0.9871128136177986,0.3487730907085746,0.28246133862308703,0.030971059191753764
kligler,natiCPR01_01,natiCPR01_01,val,docres_deshadow,25.132008615588617,0.9681494832038879,0.3636660446692217,0.9286600345163656,0.9685684568355362,0.3458524666533565,0.11946971226432063,0.05629195882642988
kligler,natiCPR01_01,natiCPR01_01,val,docres_classical040_blend_0.70,26.27770017030255,0.9685094356536865,0.3617381739061283,0.941075919978973,0.9776503716481899,0.3430402251314376,0.13202565910803826,0.054020123755751354
kligler,natiCPR01_01,natiCPR01_01,val,docres_input_blend_0.70,20.78555781875318,0.9598350524902344,0.3421378738700004,0.9425380262830348,0.9762043684517618,0.34008537501307246,0.0837409683552457,0.05463933059211293
kligler,natiCPR01_01,natiCPR01_01,val,docres_classical040_blend_0.80,26.189124308533863,0.9691545963287354,0.36243970522899305,0.9376922701074835,0.974301732666988,0.34365439282013255,0.12796436761103389,0.055359132888245066
kligler,natiCPR01_01,natiCPR01_01,val,docres_input_blend_0.80,22.285983774164993,0.9642484784126282,0.35110237436946223,0.9364109582116764,0.9720439382023897,0.34158942034359163,0.09569641556555118,0.05701456556416026
kligler,natiCPR01_01,natiCPR01_01,val,docres_classical040_blend_0.85,26.002565793951153,0.9691644310951233,0.36281722757842305,0.9356192800259764,0.9725513077449961,0.34386925643877814,0.12555527779502137,0.0560396541201731
kligler,natiCPR01_01,natiCPR01_01,val,docres_input_blend_0.85,23.060744555272933,0.9657430052757263,0.3544187958555832,0.9350443212391628,0.9713843577970015,0.3418461158171948,0.10167240549757074,0.057532963690296986
kligler,natiCPR01_01,natiCPR01_01,val,docres_classical040_blend_0.90,25.781094469931894,0.9693873524665833,0.36412496916813625,0.9312334168853914,0.9704964610974404,0.3445613834935303,0.12375167611704939,0.05613222719957108
kligler,natiCPR01_01,natiCPR01_01,val,docres_input_blend_0.90,23.821614364412987,0.9668818712234497,0.3583880649017819,0.9316066468268699,0.9699637230777036,0.3432227641348887,0.10762722597571778,0.057600275972643625
kligler,natiCPR01_01,natiCPR01_01,val,docres_classical040_blend_0.95,25.429458078350322,0.9683223962783813,0.36351450598044893,0.9308119428929226,0.9696085643978792,0.3450918874723102,0.12108231163128759,0.05657825938291516
kligler,natiCPR01_01,natiCPR01_01,val,docres_input_blend_0.95,24.526161672297327,0.9676903486251831,0.3614901944811953,0.9294318043331443,0.968948983992491,0.34458990521281957,0.11356577602471736,0.05718032670203886
kligler,natiCPR01_01,natiCPR01_01,val,docres_appearance,13.532514257814672,0.9023945331573486,0.46193184754270566,0.7916269412319832,0.9478677794971968,0.28997081277392733,0.35175186178784945,0.03027328516183019
kligler,natiCPR01_01,natiCPR01_01,val,docres_binarization,9.997845899748425,0.731636643409729,0.6195684863960392,0.5086360800905845,0.5998883787006266,0.3750035652149111,0.4151316407836725,0.08075787072800374
kligler,natiCPR01_01,natiCPR01_01,val,binary_input_blend_0.75,13.671733644625474,0.8096659779548645,0.552597201715339,0.6016060824050385,0.6784799208503514,0.3750035652149111,0.31144586288733384,0.03886656466267719
kligler,natiCPR01_01,natiCPR01_01,val,binary_docres_blend_0.75,12.789407728478961,0.8073323965072632,0.5378821100185008,0.6356303660046174,0.7136913671072326,0.3750035652149111,0.3413146499294507,0.03985962453429777
kligler,natiCPR01_01,natiCPR01_01,val,binary_input_blend_0.90,11.322606142740037,0.7630777359008789,0.5896763731813459,0.551491141178574,0.6356579314543748,0.3750035652149111,0.37344198430634334,0.06307897785284028
kligler,natiCPR01_01,natiCPR01_01,val,binary_docres_blend_0.90,11.014798678314708,0.7614954710006714,0.5878381373226989,0.5570173502150674,0.640148151906441,0.3750035652149111,0.38540368019658733,0.06415990819913187
kligler,natiCPR01_10,natiCPR01_10,val,input,16.099246996891242,0.8911510705947876,1.1222522910969701e-11,0.9999999999750611,1.0,0.0,0.0,0.0
kligler,natiCPR01_10,natiCPR01_10,val,classical_shadow_0.25,20.3680805368186,0.9183783531188965,0.070533126148006,0.9712339507749869,0.9885281061399571,0.018383198805890687,0.08602322786448931,0.007993190075106132
kligler,natiCPR01_10,natiCPR01_10,val,classical_shadow_0.40,20.876218141866453,0.9165777564048767,0.27249869240854996,0.957620961859892,0.986183849568557,0.19272886302919673,0.13765730800082687,0.009393898359956424
kligler,natiCPR01_10,natiCPR01_10,val,classical_shadow_0.55,18.7593029402844,0.9042620062828064,0.3168092594570451,0.9522385900390038,0.9849867823831613,0.21474572887253643,0.18919493625768571,0.008154869331643399
kligler,natiCPR01_10,natiCPR01_10,val,classical_shadow_0.70,16.08948698541606,0.8845471143722534,0.3436224065284305,0.9445801599620496,0.9835902040001995,0.21976365001948983,0.2408546001898092,0.00429664735989884
kligler,natiCPR01_10,natiCPR01_10,val,docres_deshadow,26.340767605692253,0.9493048191070557,0.2986050416083785,0.9346435210667895,0.9654346850216968,0.2176568456879914,0.07763894597893156,0.03413700334811621
kligler,natiCPR01_10,natiCPR01_10,val,docres_classical040_blend_0.70,26.694305538810355,0.9474167227745056,0.29631706592489115,0.9468002522694968,0.9733403162252482,0.2155766616278296,0.09560227525025008,0.03093267953039178
kligler,natiCPR01_10,natiCPR01_10,val,docres_input_blend_0.70,22.709294506816814,0.9430981278419495,0.2702566939070832,0.9513997268593591,0.9729911716295077,0.20638316077693164,0.05444160159333877,0.0337112826325461
kligler,natiCPR01_10,natiCPR01_10,val,docres_classical040_blend_0.80,26.950243768217423,0.9485692977905273,0.29670165485178,0.9437916414065708,0.971494837647763,0.21609385547094112,0.08952722360822862,0.0325052476175071
kligler,natiCPR01_10,natiCPR01_10,val,docres_input_blend_0.80,23.980819416659834,0.9462504982948303,0.2833003671493527,0.9452893445181165,0.9703725871614545,0.2128556896076362,0.06226105650040738,0.03486743329117658
kligler,natiCPR01_10,natiCPR01_10,val,docres_classical040_blend_0.85,26.931068619375836,0.9494062662124634,0.2964389216623475,0.9436524100246423,0.9706219761584118,0.21661865510586312,0.08658991155097936,0.03304647741196937
kligler,natiCPR01_10,natiCPR01_10,val,docres_input_blend_0.85,24.621997708349596,0.9473376870155334,0.28885860149517306,0.941616984127245,0.968951069878797,0.215099398191723,0.06613504418909115,0.03505471414178976
kligler,natiCPR01_10,natiCPR01_10,val,docres_classical040_blend_0.90,26.841735657330364,0.9491989612579346,0.29764058252528375,0.9391102401979072,0.9681280861888374,0.21669281157601514,0.0838554206086758,0.0333420179914276
kligler,natiCPR01_10,natiCPR01_10,val,docres_input_blend_0.90,25.24622346184042,0.9482221603393555,0.29192698347231394,0.9395597742949957,0.9676542470946182,0.2157458904956124,0.06997326974294839,0.03498947252045037
kligler,natiCPR01_10,natiCPR01_10,val,docres_classical040_blend_0.95,26.56155003466523,0.9493985772132874,0.2977233131128592,0.9378599428703998,0.9665818744077012,0.21723282279455805,0.08011153669990284,0.03413808321669991
kligler,natiCPR01_10,natiCPR01_10,val,docres_input_blend_0.95,25.82621043394749,0.9488351345062256,0.2957832739009365,0.9358906227127907,0.9662327298119607,0.21658062614681078,0.0738174457103986,0.03471074948453679
kligler,natiCPR01_10,natiCPR01_10,val,docres_appearance,13.185867611693265,0.8943769931793213,0.4119309550529202,0.8105343414276525,0.9544366302558731,0.20720838918836695,0.3139247768548298,0.0324383658449949
kligler,natiCPR01_10,natiCPR01_10,val,docres_binarization,9.920033277705159,0.7159979343414307,0.6444684699367055,0.47770521580145087,0.5509252331787121,0.25042830115132675,0.36286323761034217,0.09905969507893063
kligler,natiCPR01_10,natiCPR01_10,val,binary_input_blend_0.75,13.02192154737821,0.7934498190879822,0.5813372156349234,0.5671248309921784,0.6276871664422166,0.25042830115132675,0.27218283428713314,0.06090564930233943
kligler,natiCPR01_10,natiCPR01_10,val,binary_docres_blend_0.75,12.595346196622934,0.7917636632919312,0.5737875744504544,0.5815963971172156,0.6409047832809617,0.25042830115132675,0.29153825461618427,0.05917658858866883
kligler,natiCPR01_10,natiCPR01_10,val,binary_input_blend_0.90,11.052797218538174,0.7470288276672363,0.6181060934721584,0.5152980132336579,0.5821487355977855,0.25042830115132675,0.32656936099977385,0.0833169990455074
kligler,natiCPR01_10,natiCPR01_10,val,binary_docres_blend_0.90,10.891826631355785,0.7462479472160339,0.6154174732535005,0.5208420959307365,0.5867624320414984,0.25042830115132675,0.3344830904419989,0.08299402737055311
kligler,natiCPR01_11,natiCPR01_11,val,input,16.196447860307675,0.881517767906189,1.1254247533898365e-11,0.9999999999749906,1.0,0.0,0.0,0.0
kligler,natiCPR01_11,natiCPR01_11,val,classical_shadow_0.25,21.168245130146396,0.9099462032318115,0.07888033950839293,0.9764868261904102,0.9908465674627985,0.02730479259956457,0.08797353930115831,0.009675338290082696
kligler,natiCPR01_11,natiCPR01_11,val,classical_shadow_0.40,21.929537106927594,0.9077739119529724,0.13185578830912364,0.9706633279086104,0.988845817181443,0.05512677904224066,0.1407665706062618,0.012034797638754924
kligler,natiCPR01_11,natiCPR01_11,val,classical_shadow_0.55,19.344088283708953,0.8944236040115356,0.3360210059590203,0.9547114152149645,0.9874703013630112,0.23125980434100568,0.19358007789598447,0.01158217884392474
kligler,natiCPR01_11,natiCPR01_11,val,classical_shadow_0.70,16.329077474729672,0.8743563890457153,0.36522868267568187,0.9404455256406113,0.9861448043016131,0.23481931490830268,0.24639867808355678,0.008417305120385953
kligler,natiCPR01_11,natiCPR01_11,val,docres_deshadow,24.290082904736852,0.934959888458252,0.3059000703927865,0.9458433690741347,0.9722896086032262,0.22993449511803238,0.07378936393396907,0.03679890964087858
kligler,natiCPR01_11,natiCPR01_11,val,docres_classical040_blend_0.70,25.857590942291793,0.9345479011535645,0.30717746685122277,0.9562872205175171,0.9798924596723771,0.23025393837407185,0.09383371241121682,0.03286548790924486
kligler,natiCPR01_11,natiCPR01_11,val,docres_input_blend_0.70,21.926237368515174,0.9298814535140991,0.28973112092260384,0.9587641495330337,0.9786419907465299,0.22972913873914985,0.051799491194897844,0.03454342165893338
kligler,natiCPR01_11,natiCPR01_11,val,docres_classical040_blend_0.80,25.55176299049063,0.9353582859039307,0.3070665896348413,0.9542534743190716,0.9771164186569964,0.2308909234381982,0.08732062681418176,0.03443579819092105
kligler,natiCPR01_11,natiCPR01_11,val,docres_input_blend_0.80,22.84404349153887,0.9325624704360962,0.29729268516868973,0.9534088688964297,0.9764661748155559,0.2308909234381982,0.059211849823640694,0.036251688007380996
kligler,natiCPR01_11,natiCPR01_11,val,docres_classical040_blend_0.85,25.290645795593164,0.9356322288513184,0.30692985520276056,0.9531322505567681,0.9760160060022508,0.23116283049542227,0.08364763335907743,0.03536247352375495
kligler,natiCPR01_11,natiCPR01_11,val,docres_input_blend_0.85,23.274448686156333,0.9334720373153687,0.3002292297305956,0.9502304371979265,0.9745654620482681,0.23061901638097412,0.06289391803230718,0.03676057145960926
kligler,natiCPR01_11,natiCPR01_11,val,docres_classical040_blend_0.90,25.014425371181087,0.9358644485473633,0.30586298995536,0.951389736183133,0.9750406402400901,0.23028055864540847,0.08069993417634588,0.035713064869705095
kligler,natiCPR01_11,natiCPR01_11,val,docres_input_blend_0.90,23.670576147169268,0.9341464638710022,0.3021266703608507,0.9488216800880067,0.9736901338001751,0.2302596427179297,0.06656533813243888,0.03701774738258072
kligler,natiCPR01_11,natiCPR01_11,val,docres_classical040_blend_0.95,24.62154642119165,0.9350257515907288,0.3069157488377536,0.9475183868065968,0.9730398899587345,0.23064753810026334,0.07661610865693837,0.03667506889613913
kligler,natiCPR01_11,natiCPR01_11,val,docres_input_blend_0.95,24.013602262971485,0.9346785545349121,0.30428143005739494,0.9467215109539326,0.9727897961735651,0.22999153855661086,0.07016998385446993,0.03707762981377627
kligler,natiCPR01_11,natiCPR01_11,val,docres_appearance,13.28205263096029,0.8750877380371094,0.42789245685616706,0.8024910280599009,0.9507065149431037,0.2125799796545069,0.31165206186864236,0.04405573304769264
kligler,natiCPR01_11,natiCPR01_11,val,docres_binarization,9.913436978018058,0.7172686457633972,0.6314612819886591,0.5041098248374551,0.5859197198949606,0.2636661817974387,0.3698979313924024,0.09718450527585676
kligler,natiCPR01_11,natiCPR01_11,val,binary_input_blend_0.75,13.204308755290288,0.7892006635665894,0.5678446174874443,0.5915300546315612,0.660572714768038,0.2636661817974387,0.27745674998177783,0.056721903452744714
kligler,natiCPR01_11,natiCPR01_11,val,binary_docres_blend_0.75,12.64950930442481,0.7882031798362732,0.5597104514396717,0.6100585214778345,0.6804551706890084,0.2636661817974387,0.29597064910027027,0.057061310174495304
kligler,natiCPR01_11,natiCPR01_11,val,binary_input_blend_0.90,11.103704807968334,0.746319591999054,0.6034383765516064,0.543941689157963,0.619632362135801,0.2636661817974387,0.3327770591423016,0.08035356112114958
kligler,natiCPR01_11,natiCPR01_11,val,binary_docres_blend_0.90,10.911276379210273,0.7455756068229675,0.6019296069386696,0.5480356553197306,0.6227335250719019,0.2636661817974387,0.34025159139076566,0.08090941972091388
kligler,natiCPR01_14,natiCPR01_14,val,input,15.413481144871016,0.8733716607093811,1.1261241938953503e-11,0.999999999974975,1.0,0.0,0.0,0.0
kligler,natiCPR01_14,natiCPR01_14,val,classical_shadow_0.25,20.3063741296655,0.9069961309432983,0.072291395280373,0.9758471965255491,0.9908658658658659,0.01739254442257779,0.09077036790967298,0.012869903550705152
kligler,natiCPR01_14,natiCPR01_14,val,classical_shadow_0.40,21.62275887872502,0.9060782790184021,0.11960218287909145,0.9591772381944071,0.9895895895895895,0.03302815093693848,0.14521818089965707,0.0168608612829556
kligler,natiCPR01_14,natiCPR01_14,val,classical_shadow_0.55,19.442796596064337,0.8931292295455933,0.36388579802861437,0.9433561087260892,0.9881631631631632,0.24797163039654696,0.19962909834270168,0.017621295369544824
kligler,natiCPR01_14,natiCPR01_14,val,classical_shadow_0.70,16.424456231571572,0.873390257358551,0.3901223521805528,0.931027966720261,0.9863863863863864,0.252040729015145,0.25412968956252335,0.015141562007783741
kligler,natiCPR01_14,natiCPR01_14,val,docres_deshadow,24.077669140810485,0.9337374567985535,0.33101338338363745,0.9433737574806578,0.9713963963963964,0.24708555565062795,0.08115581191547955,0.04330615638852276
kligler,natiCPR01_14,natiCPR01_14,val,docres_classical040_blend_0.70,25.595896498472,0.9334339499473572,0.3300265502323675,0.9561067304407366,0.9801051051051051,0.2463534981888708,0.10034855777969046,0.03963609604991986
kligler,natiCPR01_14,natiCPR01_14,val,docres_input_blend_0.70,21.435516487839443,0.9282026290893555,0.31095221369962334,0.9578723195692286,0.9792542542542543,0.24461177186427466,0.056942154784201525,0.04101020621303492
kligler,natiCPR01_14,natiCPR01_14,val,docres_classical040_blend_0.80,25.310346803577666,0.9343934655189514,0.32960908162305225,0.9531440557843518,0.9779029029029029,0.24615004325794093,0.09410437420644839,0.041220189642483834
kligler,natiCPR01_14,natiCPR01_14,val,docres_input_blend_0.80,22.44289467246825,0.9311522245407104,0.31817055445725917,0.952535506834093,0.9768018018018018,0.24498825855889259,0.06507961381219247,0.042985714081385795
kligler,natiCPR01_14,natiCPR01_14,val,docres_classical040_blend_0.85,25.05638819029635,0.9344109892845154,0.3302083045462394,0.9504702041380287,0.9763013013013013,0.24641434452335453,0.09058438392993122,0.04211966385504217
kligler,natiCPR01_14,natiCPR01_14,val,docres_input_blend_0.85,22.921829846385652,0.9321554899215698,0.3213884968347964,0.9499902514878633,0.9754754754754755,0.2451194584676231,0.06911964637542081,0.04352798831090583
kligler,natiCPR01_14,natiCPR01_14,val,docres_classical040_blend_0.90,24.780451436162526,0.9348432421684265,0.33065951211151234,0.9480026290574746,0.9745495495495495,0.24671667474782047,0.08769894039016589,0.042440740472481836
kligler,natiCPR01_14,natiCPR01_14,val,docres_input_blend_0.90,23.366779757974424,0.9328647255897522,0.3256796002763295,0.9468559047411725,0.9733233233233233,0.2462413127596665,0.07314080613563693,0.04377853699322648
kligler,natiCPR01_14,natiCPR01_14,val,docres_classical040_blend_0.95,24.40902866505388,0.9336634874343872,0.33023731605442513,0.9464376930518246,0.9736986986986987,0.24662920814200012,0.08389263679193668,0.04324669178161898
kligler,natiCPR01_14,natiCPR01_14,val,docres_input_blend_0.95,23.755659923341792,0.9334678053855896,0.3284974499859563,0.9447632013774004,0.9724724724724725,0.24654364298413242,0.07714309309284116,0.04373335064086273
kligler,natiCPR01_14,natiCPR01_14,val,docres_appearance,13.239117295078966,0.8743215799331665,0.43500603332143306,0.804965738922152,0.9525025025025025,0.22431951931395758,0.3220110906612248,0.03820182753740639
kligler,natiCPR01_14,natiCPR01_14,val,docres_binarization,9.917288009396778,0.717641294002533,0.625036874504866,0.5119544183936368,0.5958708708708709,0.27908502324520124,0.37881622934295844,0.09236060463667099
kligler,natiCPR01_14,natiCPR01_14,val,binary_input_blend_0.75,13.260373627803068,0.7892500758171082,0.5597067899531198,0.602893098647434,0.6737737737737738,0.27908502324520124,0.28416485702882355,0.05168114057410852
kligler,natiCPR01_14,natiCPR01_14,val,binary_docres_blend_0.75,12.671065493174133,0.7877411842346191,0.5477421923750188,0.6297609695740151,0.7021771771771772,0.27908502324520124,0.3044907018263035,0.05189104780554255
kligler,natiCPR01_14,natiCPR01_14,val,binary_input_blend_0.90,11.128092247792074,0.7467285990715027,0.5968950230355531,0.5518414468076063,0.6292042042042042,0.27908502324520124,0.3408083950045606,0.07537279016495978
kligler,natiCPR01_14,natiCPR01_14,val,binary_docres_blend_0.90,10.921518345005644,0.7455369830131531,0.5955110402504057,0.5556850158161343,0.6325575575575576,0.27908502324520124,0.3489981923195298,0.07594882894611021
kligler,natiCPR02_10,natiCPR02_10,val,input,13.297184454656767,0.834560751914978,1.3969975176664207e-11,0.9999999999689556,1.0,0.0,0.0,0.0
kligler,natiCPR02_10,natiCPR02_10,val,classical_shadow_0.25,18.663143269119825,0.9071662425994873,0.10697842811168516,0.927159697351265,0.9815596672047684,0.0174428603756506,0.11337919589650744,0.019009588642501397
kligler,natiCPR02_10,natiCPR02_10,val,classical_shadow_0.40,21.29698647733093,0.9184064269065857,0.16031550212398799,0.8997235127868277,0.9799143176455979,0.02696990269291695,0.18145471648718325,0.026065489317117014
kligler,natiCPR02_10,natiCPR02_10,val,classical_shadow_0.55,19.37988500740827,0.9127005338668823,0.4191097142080042,0.8848955257210581,0.9768409288463926,0.4098325412989364,0.24954560742604348,0.029157429686771576
kligler,natiCPR02_10,natiCPR02_10,val,classical_shadow_0.70,15.864707625345078,0.8947296738624573,0.42636332369676844,0.86785516857745,0.9747609586489507,0.4272731387191672,0.3175161268852415,0.02816358259436825
kligler,natiCPR02_10,natiCPR02_10,val,docres_deshadow,27.403639748487304,0.9402919411659241,0.41189769190769476,0.8436232536941296,0.9298398112504657,0.43374745417515276,0.15857807418056613,0.046828210663044406
kligler,natiCPR02_10,natiCPR02_10,val,docres_classical040_blend_0.70,27.48191637271375,0.9412172436714172,0.40242524292168097,0.8709474885596191,0.9474109027691544,0.427836614618692,0.1654778518784749,0.046934120036865964
kligler,natiCPR02_10,natiCPR02_10,val,docres_input_blend_0.70,22.263855363164183,0.9356117248535156,0.3805124745552655,0.8737487055323395,0.9429715633925245,0.4250735460511428,0.11101914637771833,0.04881955582288493
kligler,natiCPR02_10,natiCPR02_10,val,docres_classical040_blend_0.80,27.86937641413486,0.9417192339897156,0.40550178188621766,0.8628855721147722,0.9422575437725071,0.42982801538809684,0.1631052806730295,0.047596961781088964
kligler,natiCPR02_10,natiCPR02_10,val,docres_input_blend_0.80,24.35675603027945,0.9391549825668335,0.39224393001690755,0.8632745389742505,0.9359555445175711,0.42767594478388776,0.1268959173621927,0.04993184268407202
kligler,natiCPR02_10,natiCPR02_10,val,docres_classical040_blend_0.85,27.910407022948476,0.9410924315452576,0.40808661041589506,0.8562285843497797,0.9386564013411152,0.43121520706042094,0.16210177974788018,0.047581269123573036
kligler,natiCPR02_10,natiCPR02_10,val,docres_input_blend_0.85,25.43336341339218,0.9401231408119202,0.3965755674310904,0.8605804869458693,0.9370420961132497,0.42955646073772347,0.1349279625858037,0.04977600253735019
kligler,natiCPR02_10,natiCPR02_10,val,docres_classical040_blend_0.90,27.83009729563373,0.9412931799888611,0.4073118563097932,0.8567577537284198,0.9373214950949956,0.43193708983933016,0.16076282008616974,0.047579529088523614
kligler,natiCPR02_10,natiCPR02_10,val,docres_input_blend_0.90,26.406482392174084,0.9405818581581116,0.40291890681091386,0.8528250432959457,0.9320129144418229,0.42997284453496265,0.14287632283055784,0.04923274526977721
kligler,natiCPR02_10,natiCPR02_10,val,docres_classical040_blend_0.95,27.67294936610936,0.9402205944061279,0.4111155881474721,0.8469546082645371,0.9320129144418229,0.43258203213396695,0.1597893321619211,0.047215715002908984
kligler,natiCPR02_10,natiCPR02_10,val,docres_input_blend_0.95,27.13244953317945,0.9406538605690002,0.4069672876234998,0.849621511669596,0.933813485657519,0.43166100927811724,0.15096329131335723,0.0481860855824585
kligler,natiCPR02_10,natiCPR02_10,val,docres_appearance,11.209791763208244,0.8616523742675781,0.4752876881491376,0.7638363788919388,0.9031727306593816,0.3995360941389455,0.42938493759123925,0.03169009775084995
kligler,natiCPR02_10,natiCPR02_10,val,docres_binarization,8.818858069822177,0.6942272186279297,0.6879095235574728,0.29825038773643575,0.3402769154352415,0.503030097307083,0.49110232551948135,0.0368703300647815
kligler,natiCPR02_10,natiCPR02_10,val,binary_input_blend_0.75,12.443640290395852,0.7786725759506226,0.6444772180963454,0.3527818120781817,0.39212094871476466,0.503030097307083,0.3683043098207828,0.005381722552545222
kligler,natiCPR02_10,natiCPR02_10,val,binary_docres_blend_0.75,11.342058055771957,0.7798857092857361,0.6368453877480957,0.37161992464429694,0.4134173599900658,0.503030097307083,0.40804908394677175,0.006790589730048884
kligler,natiCPR02_10,natiCPR02_10,val,binary_input_blend_0.90,10.121699900258491,0.7279754877090454,0.6688679760618957,0.32218727582844486,0.36253570098100085,0.503030097307083,0.44182198084031077,0.023087083641159835
kligler,natiCPR02_10,natiCPR02_10,val,binary_docres_blend_0.90,9.74601279058194,0.7289302349090576,0.6675297907713016,0.32697042630572465,0.3669129516950205,0.503030097307083,0.45778375907955404,0.024444137681462776
kligler,natiCPR02_12,natiCPR02_12,val,input,12.839982791091465,0.8190972208976746,1.4508644285982086e-11,0.9999999999677586,1.0,0.0,0.0,0.0
kligler,natiCPR02_12,natiCPR02_12,val,classical_shadow_0.25,18.024541987455695,0.899559736251831,0.12312337466082864,0.8990611714425171,0.9818480784111426,0.016474315455985516,0.11485695015729755,0.025473010485094625
kligler,natiCPR02_12,natiCPR02_12,val,classical_shadow_0.40,20.7262735951325,0.9109953045845032,0.18192636931117062,0.8652340970295934,0.9801392829507352,0.02604887983706721,0.1837761537744766,0.03620395271271639
kligler,natiCPR02_12,natiCPR02_12,val,classical_shadow_0.55,19.201792084470416,0.9045267701148987,0.44625706125568765,0.8426119132837379,0.9764637606396699,0.3696311382665762,0.2527083494180655,0.04238737038894946
kligler,natiCPR02_12,natiCPR02_12,val,classical_shadow_0.70,15.787046886598057,0.8845607042312622,0.4524888825930087,0.830402940427616,0.9760768635542946,0.39085766010409595,0.3216019683274985,0.043617009642393054
kligler,natiCPR02_12,natiCPR02_12,val,docres_deshadow,26.433883785675786,0.9387717843055725,0.4234641025333031,0.8385057471023418,0.9408047459375806,0.4023987327449649,0.15399881971344775,0.06532026807329636
kligler,natiCPR02_12,natiCPR02_12,val,docres_classical040_blend_0.70,26.99251068641669,0.940106987953186,0.42310005587076577,0.845324872056561,0.9534433840598401,0.395530663045938,0.1632694292471458,0.06364746099559987
kligler,natiCPR02_12,natiCPR02_12,val,docres_input_blend_0.70,21.432199188333808,0.9335376620292664,0.3944350795722803,0.8592136731943296,0.9498001031725561,0.3884973976012673,0.10844125855818681,0.0628412151440899
kligler,natiCPR02_12,natiCPR02_12,val,docres_classical040_blend_0.80,27.242275507557405,0.9401819705963135,0.42319315008516695,0.8441409388028193,0.9485426876450864,0.39849513464584746,0.16010200160625468,0.06502628650655622
kligler,natiCPR02_12,natiCPR02_12,val,docres_input_blend_0.80,23.384014650794214,0.9372955560684204,0.40662745001726025,0.8493401014982063,0.9440611297394893,0.392806064720525,0.12344085477594528,0.06575692296845828
kligler,natiCPR02_12,natiCPR02_12,val,docres_classical040_blend_0.85,27.202331544605805,0.940345048904419,0.4233217681397604,0.8430202535761369,0.947446479236523,0.3992803801765105,0.15871981505885907,0.06532159370913056
kligler,natiCPR02_12,natiCPR02_12,val,docres_input_blend_0.85,24.3846860612946,0.9383572340011597,0.41174562880569865,0.8457448345370396,0.9436097498065514,0.3946390586105454,0.13117619548385098,0.0664338769230435
kligler,natiCPR02_12,natiCPR02_12,val,docres_classical040_blend_0.90,27.01449364681279,0.9400250911712646,0.42306721396104274,0.8423716142146652,0.9445447510962084,0.4004480651731161,0.15680722725840732,0.06568591575713192
kligler,natiCPR02_12,natiCPR02_12,val,docres_input_blend_0.90,25.30206687711301,0.9389340281486511,0.4160906733149692,0.84308694647016,0.9429004384833635,0.3974835935732066,0.13877094010267604,0.06661903864245128
kligler,natiCPR02_12,natiCPR02_12,val,docres_classical040_blend_0.95,26.815077003880706,0.9393082857131958,0.4222270952021526,0.8430271079755991,0.9435130255352077,0.4012242588821,0.15595143076465706,0.06534786914218237
kligler,natiCPR02_12,natiCPR02_12,val,docres_input_blend_0.95,26.054849986150064,0.9390910267829895,0.4198053072290576,0.8412003570877746,0.9417397472272375,0.39983706720977596,0.14658746322697444,0.06618413771294393
kligler,natiCPR02_12,natiCPR02_12,val,docres_appearance,11.227500510175991,0.8663910031318665,0.47591222172729286,0.7387822212597119,0.8981815836987361,0.35987101154107265,0.4335812467553213,0.01394036882360539
kligler,natiCPR02_12,natiCPR02_12,val,docres_binarization,8.846568167126335,0.700825572013855,0.6607331129977163,0.3458580964891458,0.3958924426102657,0.46371577279927584,0.49135823471728585,0.027282094029719862
kligler,natiCPR02_12,natiCPR02_12,val,binary_input_blend_0.75,12.532943494414903,0.7786812782287598,0.6209735872374401,0.4057528429629249,0.4498001031725561,0.46371577279927584,0.36848556811273964,0.005937277617927183
kligler,natiCPR02_12,natiCPR02_12,val,binary_docres_blend_0.75,11.417489445510645,0.784907341003418,0.6092728201461988,0.4295073375136994,0.4755932421975754,0.46371577279927584,0.40754813661151273,0.004251870045605783
kligler,natiCPR02_12,natiCPR02_12,val,binary_input_blend_0.90,10.172575494651925,0.7317906618118286,0.639188125083943,0.37414439956542245,0.4212019602785659,0.46371577279927584,0.44209067795482077,0.012588508147305008
kligler,natiCPR02_12,natiCPR02_12,val,binary_docres_blend_0.90,9.792193691336767,0.7349196076393127,0.6373019164384482,0.38065666148063204,0.42687645086407017,0.46371577279927584,0.4576964622463604,0.014329023507887855
kligler,natiCPR03_07,natiCPR03_07,val,input,18.0854628806311,0.9286635518074036,1.3061252079893393e-11,0.999999999970975,1.0,0.0,0.0,0.0
kligler,natiCPR03_07,natiCPR03_07,val,classical_shadow_0.25,22.583200371573234,0.9471233487129211,0.11794200580126482,0.928029784529332,0.9839491481148231,0.049450033534540576,0.0863718169583952,0.002594414202609325
kligler,natiCPR03_07,natiCPR03_07,val,classical_shadow_0.40,21.25516318097164,0.9434095025062561,0.31830623361225563,0.9033024534558747,0.9820625199547209,0.218765928906774,0.1381928433345169,0.001248785711364148
kligler,natiCPR03_07,natiCPR03_07,val,classical_shadow_0.55,18.11153951486699,0.9313327074050903,0.3549795699808356,0.8772983797332371,0.9791019649957914,0.22245249273418288,0.18995521714162977,0.002215435449929148
kligler,natiCPR03_07,natiCPR03_07,val,classical_shadow_0.70,15.309172114813682,0.9124613404273987,0.3874499202196497,0.8668641339119932,0.9768670362522858,0.22613458528951486,0.2418502211526238,0.00777351121580378
kligler,natiCPR03_07,natiCPR03_07,val,docres_deshadow,29.783533032213615,0.9644753336906433,0.3237306396421485,0.8826219511954861,0.9411081763561954,0.2258148893360161,0.07609242382398966,0.024431098024175445
kligler,natiCPR03_07,natiCPR03_07,val,docres_classical040_blend_0.70,28.700038775289165,0.9639670252799988,0.31912485892593845,0.9038887824387978,0.958668330769454,0.22585960205678515,0.09466362444821434,0.02024959864554422
kligler,natiCPR03_07,natiCPR03_07,val,docres_input_blend_0.70,26.494743204486497,0.9637170433998108,0.2994238424844646,0.9110716859535657,0.9539372478448901,0.2231969595349877,0.053256041696803945,0.024844541583099816
kligler,natiCPR03_07,natiCPR03_07,val,docres_classical040_blend_0.80,29.59440782078922,0.9647790193557739,0.31978053406835993,0.8981658910238662,0.9523118451223406,0.22539235412474848,0.08862461917474343,0.02185497205742311
kligler,natiCPR03_07,natiCPR03_07,val,docres_input_blend_0.80,28.13204208169293,0.9648504853248596,0.3070222785021219,0.9060839238013152,0.9501349664760689,0.22511066398390342,0.06104274448433515,0.025387137391793716
kligler,natiCPR03_07,natiCPR03_07,val,docres_classical040_blend_0.85,29.891901034756224,0.9646561741828918,0.32065114114273663,0.8959798582169076,0.9502800917191536,0.22610105074893808,0.08520987362080977,0.022761795238471834
kligler,natiCPR03_07,natiCPR03_07,val,docres_input_blend_0.85,28.857964967987005,0.9650866985321045,0.3118315592326609,0.8986086237526213,0.946651960642034,0.22500111781801924,0.0649387128873459,0.02538139491397147
kligler,natiCPR03_07,natiCPR03_07,val,docres_classical040_blend_0.90,30.014632663385434,0.9650139808654785,0.32128761494679214,0.8900283656750483,0.9471453864685223,0.22485580147551978,0.0825635205568926,0.02319861633714514
kligler,natiCPR03_07,natiCPR03_07,val,docres_input_blend_0.90,29.42890066156588,0.9650653004646301,0.31671776124597384,0.8905886538165187,0.9445621571416132,0.22483568075117372,0.06875350578416034,0.02524262066428234
kligler,natiCPR03_07,natiCPR03_07,val,docres_classical040_blend_0.95,29.96509209441693,0.9642148017883301,0.32286231583167946,0.885537741217695,0.9442428816068267,0.225414710485133,0.07861355496815318,0.024156944845413243
kligler,natiCPR03_07,natiCPR03_07,val,docres_input_blend_0.95,29.753589995414117,0.9648820161819458,0.3205210491020934,0.8843189060854652,0.9423272283981076,0.22449809970936732,0.07247221016732198,0.024962621773761063
kligler,natiCPR03_07,natiCPR03_07,val,docres_appearance,11.390872529526185,0.8714666366577148,0.4527604548752049,0.7662693178516718,0.8937102719647055,0.2083188016990834,0.3313998150120768,0.06543807701562297
kligler,natiCPR03_07,natiCPR03_07,val,docres_binarization,9.272600030132894,0.7162244915962219,0.6790480549724505,0.3916096060238263,0.4581603924186573,0.28553767046724793,0.3749018555779119,0.09212062947195392
kligler,natiCPR03_07,natiCPR03_07,val,binary_input_blend_0.75,12.270110509019258,0.7980079054832458,0.6234319226525196,0.4677962615260382,0.5280817345369053,0.28553767046724793,0.28114627635091594,0.05656706723206135
kligler,natiCPR03_07,natiCPR03_07,val,binary_docres_blend_0.75,11.758801675785522,0.794427216053009,0.6183728269941656,0.47883516142749794,0.5397788291295388,0.28553767046724793,0.3003222998119436,0.05641441606089943
kligler,natiCPR03_07,natiCPR03_07,val,binary_input_blend_0.90,10.362027508520828,0.7487001419067383,0.6561605990370456,0.4227942105023417,0.4858212637506168,0.28553767046724793,0.3373687528219425,0.07736332293849894
kligler,natiCPR03_07,natiCPR03_07,val,binary_docres_blend_0.90,10.187177316451097,0.7469976544380188,0.6541577672536513,0.42750025330764263,0.4898267204597568,0.28553767046724793,0.34490843974522517,0.07755480207015071
kligler,natiCPR03_09,natiCPR03_09,val,input,15.664535134762714,0.8908356428146362,1.3322692948847249e-11,0.999999999970394,1.0,0.0,0.0,0.0
kligler,natiCPR03_09,natiCPR03_09,val,classical_shadow_0.25,21.46360832586399,0.9386870265007019,0.10730767549944806,0.9233899060579275,0.9809633774461912,0.026733735747820255,0.09936550019068657,0.010588662335700888
kligler,natiCPR03_09,natiCPR03_09,val,classical_shadow_0.40,22.562175934494412,0.9430720210075378,0.30996690712494174,0.902161143113517,0.9775882997305859,0.19397943214844623,0.15891586556375292,0.013989405253461651
kligler,natiCPR03_09,natiCPR03_09,val,classical_shadow_0.55,19.301355180791482,0.9348964095115662,0.37118003329591753,0.8741822243265204,0.9731770139444,0.21824502570981444,0.21847055316649353,0.014881312110733133
kligler,natiCPR03_09,natiCPR03_09,val,classical_shadow_0.70,15.891953034281826,0.9160948991775513,0.4068404838357277,0.8550982030700194,0.9692986351659413,0.23367538564721663,0.27805797749459726,0.013265482616699536
kligler,natiCPR03_09,natiCPR03_09,val,docres_deshadow,26.50836204744399,0.9668396711349487,0.3754788267472306,0.8545320640229527,0.9274950410042336,0.24638274088978315,0.09466785023868704,0.042947290953835475
kligler,natiCPR03_09,natiCPR03_09,val,docres_classical040_blend_0.70,29.154873196214407,0.9683443307876587,0.36252970902415693,0.8802020090274809,0.9442816117476389,0.2401475519785379,0.11406784059476692,0.03807654145013113
kligler,natiCPR03_09,natiCPR03_09,val,docres_input_blend_0.70,22.83752898074743,0.9625083208084106,0.33743759175203053,0.8820591091749116,0.9410249578115285,0.2340040241448692,0.06632734971923043,0.03971537808029897
kligler,natiCPR03_09,natiCPR03_09,val,docres_classical040_blend_0.80,28.650705334920296,0.9683440327644348,0.36732149533985203,0.8720022001960396,0.9386860881665038,0.24261569416498993,0.10749892820978153,0.04017869996527879
kligler,natiCPR03_09,natiCPR03_09,val,docres_input_blend_0.80,24.231712872776036,0.9653859734535217,0.35064574613499067,0.873408632711789,0.9363472185214791,0.23824055443773753,0.07582980234347263,0.04184525913361523
kligler,natiCPR03_09,natiCPR03_09,val,docres_classical040_blend_0.85,28.231144237303646,0.9685258865356445,0.3701416982274673,0.8648567366342723,0.9365248541907215,0.2429689246590655,0.10448452808353394,0.04094082303401791
kligler,natiCPR03_09,natiCPR03_09,val,docres_input_blend_0.85,24.92728706655349,0.9663076996803284,0.3583687872073891,0.8689269582221845,0.9340379548213281,0.24162530739995527,0.08067871279967384,0.04248187647924543
kligler,natiCPR03_09,natiCPR03_09,val,docres_classical040_blend_0.90,27.638495257449392,0.9682012796401978,0.3710728660217646,0.8636761967120256,0.9337122894277171,0.24424994410909903,0.10080841475870479,0.04192307421599197
kligler,natiCPR03_09,natiCPR03_09,val,docres_input_blend_0.90,25.57261323665709,0.9667561650276184,0.36513511364844997,0.8619990686481497,0.9316694792314296,0.2431209479096803,0.08544223949360653,0.042894751388324034
kligler,natiCPR03_09,natiCPR03_09,val,docres_classical040_blend_0.95,27.176822890621636,0.9673387408256531,0.37349615110840406,0.8590076189721454,0.9312846019480712,0.2454169461211715,0.09826736453579869,0.04220947951729756
kligler,natiCPR03_09,natiCPR03_09,val,docres_input_blend_0.95,26.113815807791415,0.9669034481048584,0.3703339786058509,0.8583021393792644,0.9300115463185008,0.24467695059244354,0.09012524822135431,0.04307148574255757
kligler,natiCPR03_09,natiCPR03_09,val,docres_appearance,11.53797732261907,0.8856403231620789,0.4454655273911301,0.7604933309698201,0.896349586997069,0.20864520456069752,0.3759843330133305,0.04840386961141929
kligler,natiCPR03_09,natiCPR03_09,val,docres_binarization,9.089285048072686,0.7071000337600708,0.6850770082187152,0.3359874252644819,0.3860319152085739,0.310735524256651,0.4333753106876554,0.06045224931288678
kligler,natiCPR03_09,natiCPR03_09,val,binary_input_blend_0.75,12.480489683046764,0.7917152643203735,0.6376333985814787,0.39761436691999325,0.44311217692512656,0.310735524256651,0.324972904967934,0.02759977282579284
kligler,natiCPR03_09,natiCPR03_09,val,binary_docres_blend_0.75,11.786688221670001,0.7948480248451233,0.6299324221385916,0.4135468570861588,0.4594842644402996,0.310735524256651,0.3487998141353569,0.026714179712271774
kligler,natiCPR03_09,natiCPR03_09,val,binary_input_blend_0.90,10.305354796229281,0.7405737638473511,0.6646087716908815,0.36284390460032867,0.41036800189478045,0.310735524256651,0.3900662624987397,0.046480881268382464
kligler,natiCPR03_09,natiCPR03_09,val,binary_docres_blend_0.90,10.078108903311364,0.7416747808456421,0.6627471756969437,0.36712084218405605,0.4140095331142493,0.310735524256651,0.3991912959236903,0.046585924466281695
kligler,natiCPR03_11,natiCPR03_11,val,input,12.908561577790651,0.8442047834396362,1.3619055883040687e-11,0.9999999999697354,1.0,0.0,0.0,0.0
kligler,natiCPR03_11,natiCPR03_11,val,classical_shadow_0.25,18.2662337439603,0.9287135601043701,0.10708838826083225,0.9211019064650164,0.9825979056957811,0.012526268723451823,0.11321846547695756,0.022950985426424646
kligler,natiCPR03_11,natiCPR03_11,val,classical_shadow_0.40,21.45686822831727,0.9421001076698303,0.16024711841122763,0.8910888362369584,0.9793293384177714,0.0195439302481556,0.18115236955502073,0.032053694412825025
kligler,natiCPR03_11,natiCPR03_11,val,classical_shadow_0.55,20.053450806654368,0.9361496567726135,0.4314489626817144,0.8672471245601621,0.9766963258882634,0.4215962441314554,0.24893793260653238,0.03689165948529068
kligler,natiCPR03_11,natiCPR03_11,val,classical_shadow_0.70,16.353664585918676,0.9191056489944458,0.4397906588262266,0.8495421076020812,0.9742146359179227,0.4450972501676727,0.3170644345375083,0.036807678745271806
kligler,natiCPR03_11,natiCPR03_11,val,docres_deshadow,28.28320162558088,0.9628070592880249,0.4181165396933071,0.8511393658946736,0.935990557472308,0.4586541471048513,0.166343139446702,0.05765333094538239
kligler,natiCPR03_11,natiCPR03_11,val,docres_classical040_blend_0.70,28.8006252576142,0.9655484557151794,0.41028429100951497,0.8712150674795485,0.9491556201198474,0.45173708920187794,0.17083927530323556,0.05665893542336254
kligler,natiCPR03_11,natiCPR03_11,val,docres_input_blend_0.70,22.312318796870187,0.9592533111572266,0.38633440126949586,0.8766348334814844,0.947339749409842,0.4480572322825844,0.11666525514744243,0.05692329046197807
kligler,natiCPR03_11,natiCPR03_11,val,docres_classical040_blend_0.80,29.21855411672614,0.9655064940452576,0.41355859688115976,0.8639760836831097,0.9446159433448339,0.4540889783143304,0.16926563301376887,0.05773596888841939
kligler,natiCPR03_11,natiCPR03_11,val,docres_input_blend_0.80,24.68678442100941,0.9626951217651367,0.39901380018809784,0.866049588590559,0.9429513951939955,0.4519673597138386,0.13326308175852503,0.05905147058406569
kligler,natiCPR03_11,natiCPR03_11,val,docres_classical040_blend_0.85,29.20223794062923,0.9645018577575684,0.415565097849249,0.8592014988879618,0.9437382725016645,0.4556919293539012,0.16860180691995108,0.05794174930141902
kligler,natiCPR03_11,natiCPR03_11,val,docres_input_blend_0.85,25.95319011697753,0.9635218977928162,0.4046530066280381,0.8614783403768888,0.9407118213183221,0.45406885758998433,0.14167608702322865,0.05941304164724425
kligler,natiCPR03_11,natiCPR03_11,val,docres_classical040_blend_0.90,29.009093728804366,0.9644821286201477,0.4150148152478355,0.8598428247036404,0.9404091761999879,0.45637603398166776,0.16778371317227983,0.058051001825936234
kligler,natiCPR03_11,natiCPR03_11,val,docres_input_blend_0.90,27.135072756266677,0.9637406468391418,0.4099268668716893,0.8569966247757153,0.9375037830639792,0.45471942767717416,0.1499684731482577,0.05931326460243004
kligler,natiCPR03_11,natiCPR03_11,val,docres_classical040_blend_0.95,28.71553764773747,0.9630534648895264,0.4183614435595884,0.851643218266332,0.937988015253314,0.4571115582383188,0.1671616978559812,0.057893687728408805
kligler,natiCPR03_11,natiCPR03_11,val,docres_input_blend_0.95,28.014234360974626,0.9634909629821777,0.4144409388986407,0.8535374430877524,0.9365353186853096,0.45606975184439974,0.15834276245709555,0.05865947217548512
kligler,natiCPR03_11,natiCPR03_11,val,docres_appearance,11.641128953956486,0.8894003629684448,0.47495549601198184,0.7491792514584277,0.8978270080503602,0.41018332215515313,0.4249814179192804,0.02014359861379058
kligler,natiCPR03_11,natiCPR03_11,val,docres_binarization,8.927627772533866,0.6978551745414734,0.6758157726963822,0.2985490175001727,0.3375098359663459,0.531446456516879,0.4942545030531775,0.016938050952433087
kligler,natiCPR03_11,natiCPR03_11,val,binary_input_blend_0.75,12.716823478328525,0.7836647629737854,0.6505658809630932,0.35185389233783665,0.3865686096483264,0.531446456516879,0.37060340255037855,0.01483355419186624
kligler,natiCPR03_11,natiCPR03_11,val,binary_docres_blend_0.75,11.46657814154058,0.7940863966941833,0.6376225148413813,0.37679564091648426,0.41438169602324315,0.531446456516879,0.4123949009963923,0.011967588756332127
kligler,natiCPR03_11,natiCPR03_11,val,binary_input_blend_0.90,10.2789685403413,0.7325284481048584,0.6559330793190383,0.3239130434694589,0.3607529810544156,0.531446456516879,0.44493312818084985,0.0028232481338247672
kligler,natiCPR03_11,natiCPR03_11,val,binary_docres_blend_0.90,9.856092083406434,0.736651599407196,0.6561059346371357,0.3264106263010313,0.36293202590642215,0.531446456516879,0.46161023658289607,0.00498452745433306
kligler,natiCPR04_06,natiCPR04_06,val,input,13.899610600116732,0.8885477781295776,3.992196573321394e-11,0.9999999999112845,1.0,0.0,0.0,0.0
kligler,natiCPR04_06,natiCPR04_06,val,classical_shadow_0.25,19.136160008166637,0.9321547746658325,0.13670761634693457,0.8573200030336108,0.9813697657913414,0.014581772784019975,0.10624971236934226,0.02569993330050421
kligler,natiCPR04_06,natiCPR04_06,val,classical_shadow_0.40,21.309404608745446,0.9319080114364624,0.19811728021177827,0.8100775193206028,0.9827004968062456,0.022671660424469414,0.17023085522182244,0.03648026898808525
kligler,natiCPR04_06,natiCPR04_06,val,classical_shadow_0.55,19.273837297564754,0.9179064631462097,0.24474115874204572,0.792742398107233,0.9806600425833925,0.03259259259259259,0.23402065228921362,0.04212397397003751
kligler,natiCPR04_06,natiCPR04_06,val,classical_shadow_0.70,15.937114649627189,0.8933364152908325,0.47589941087201837,0.7759662683924128,0.9795954577714692,0.4391926758218893,0.2978139335634378,0.04180705274767347
kligler,natiCPR04_06,natiCPR04_06,val,docres_deshadow,30.272044768263157,0.9551550149917603,0.4623207820285484,0.7463595838970015,0.8912349183818311,0.4370183104452767,0.12404435631930678,0.0809414204241273
kligler,natiCPR04_06,natiCPR04_06,val,docres_classical040_blend_0.70,29.979899099772858,0.954889178276062,0.44343728655976206,0.7919002655066465,0.9523598296664301,0.4345547232625884,0.13820214927419155,0.0741859105467939
kligler,natiCPR04_06,natiCPR04_06,val,docres_input_blend_0.70,22.399237404791844,0.9510070085525513,0.20240395452455193,0.8021304313892152,0.928584102200142,0.034600499375780275,0.08642150742943867,0.07365591050357173
kligler,natiCPR04_06,natiCPR04_06,val,docres_classical040_blend_0.80,30.95968016150575,0.9552165865898132,0.4428917669493843,0.7931241554726675,0.9373669268985095,0.43523512276321263,0.13346335871010914,0.0773538223800683
kligler,natiCPR04_06,natiCPR04_06,val,docres_input_blend_0.80,24.587854677094043,0.9537912607192993,0.43551005984261965,0.7810307099689858,0.9182931156848829,0.43414065751144404,0.09875446541496333,0.07912015527112985
kligler,natiCPR04_06,natiCPR04_06,val,docres_classical040_blend_0.85,31.128620622627427,0.9560196399688721,0.4469116718138308,0.7837736975083017,0.9316004258339248,0.4356138160632543,0.13116869436080714,0.07857059658040623
kligler,natiCPR04_06,natiCPR04_06,val,docres_input_blend_0.85,25.85449909382708,0.9546306729316711,0.44503140334183633,0.7676061630388872,0.9060503903477644,0.4339700374531835,0.10501897138380949,0.08074431359301953
kligler,natiCPR04_06,natiCPR04_06,val,docres_classical040_blend_0.90,31.062526738912304,0.9557791948318481,0.45130617253856337,0.773231984441968,0.9205110007097232,0.43608614232209736,0.12851071781188553,0.07976046402115793
kligler,natiCPR04_06,natiCPR04_06,val,docres_input_blend_0.90,27.25399926684913,0.9551040530204773,0.45058396776301474,0.7619546508447239,0.9033002129169624,0.43488555971702036,0.11130377061353053,0.08157008732954707
kligler,natiCPR04_06,natiCPR04_06,val,docres_classical040_blend_0.95,30.812931533139466,0.9552860856056213,0.45347442915336944,0.7674851189905145,0.9150993612491128,0.4365251768622555,0.12668992191133627,0.0802779398909441
kligler,natiCPR04_06,natiCPR04_06,val,docres_input_blend_0.95,28.74918169363244,0.955138087272644,0.45885399079654504,0.7491997319475024,0.8928317955997161,0.4359342488555972,0.1174928071936224,0.08166124549245371
kligler,natiCPR04_06,natiCPR04_06,val,docres_appearance,10.294603978646492,0.8496800065040588,0.5199487193361441,0.6307430886457915,0.8561923349893541,0.436013316687474,0.4434866547534536,0.006305182044583685
kligler,natiCPR04_06,natiCPR04_06,val,docres_binarization,9.618312161634911,0.7809526324272156,0.6217486447093463,0.49486004455691973,0.7089247693399574,0.44027049521431544,0.4339069055837067,0.07405944126660045
kligler,natiCPR04_06,natiCPR04_06,val,binary_input_blend_0.75,13.228992175086587,0.8398650288581848,0.5675116694862024,0.5597302504457463,0.7731547196593329,0.44027049521431544,0.32547863373397634,0.03231713697798025
kligler,natiCPR04_06,natiCPR04_06,val,binary_docres_blend_0.75,12.290194974680757,0.8310649394989014,0.5692244172766984,0.5579575341229099,0.7716465578424414,0.44027049521431544,0.35696845446459896,0.03384217938667979
kligler,natiCPR04_06,natiCPR04_06,val,binary_input_blend_0.90,10.920032671028533,0.805206835269928,0.5934113630223977,0.5343090666835006,0.7481369765791341,0.44027049521431544,0.39049070198199964,0.05641740504995501
kligler,natiCPR04_06,natiCPR04_06,val,binary_docres_blend_0.90,10.595577880270351,0.80040442943573,0.5946624900555025,0.533468431351183,0.7473385379701917,0.44027049521431544,0.40288436023597957,0.057872140272558104
kligler,natiCPR04_09,natiCPR04_09,val,input,14.850140279290846,0.9000144600868225,3.820359029127474e-11,0.9999999999151031,1.0,0.0,0.0,0.0
kligler,natiCPR04_09,natiCPR04_09,val,classical_shadow_0.25,19.981047232136543,0.929984450340271,0.13819514693543794,0.8445584462554373,0.9783513031666525,0.014637952559300874,0.10067298230153483,0.022232170450783205
kligler,natiCPR04_09,natiCPR04_09,val,classical_shadow_0.40,21.251837497031264,0.9259552955627441,0.18259463968204942,0.8288612329451938,0.9781815094659988,0.02260507698709946,0.16125772522908452,0.030790045714422246
kligler,natiCPR04_09,natiCPR04_09,val,classical_shadow_0.55,18.779916037434113,0.9099664092063904,0.4439372114349318,0.8121566417233302,0.9789455811189405,0.38292550977944234,0.2218489796251418,0.03444684726728946
kligler,natiCPR04_09,natiCPR04_09,val,classical_shadow_0.70,15.641388221974928,0.8859193325042725,0.4562373627880041,0.8072314483352792,0.9780117157653451,0.3846462754889721,0.2821028534593196,0.03248585756479939
kligler,natiCPR04_09,natiCPR04_09,val,docres_deshadow,29.98490088483252,0.9525895118713379,0.436259121387806,0.7743969498662368,0.8966805331522201,0.38391801914273826,0.10088392777002603,0.07397362953267021
kligler,natiCPR04_09,natiCPR04_09,val,docres_classical040_blend_0.70,30.169202252254394,0.9510859847068787,0.42138546498606133,0.8138235293519247,0.9396383394176077,0.38224719101123594,0.11929796904196549,0.06647810929606876
kligler,natiCPR04_09,natiCPR04_09,val,docres_input_blend_0.70,22.965209484313014,0.9485958218574524,0.17914731844073453,0.8221784278918989,0.9208761354953732,0.030846858094049107,0.07026621135345518,0.0669571139277631
kligler,natiCPR04_09,natiCPR04_09,val,docres_classical040_blend_0.80,31.050412332512416,0.9515902400016785,0.4261946077048929,0.801974362693239,0.9241871126581204,0.38258635039533917,0.11312449307646487,0.0697221228104409
kligler,natiCPR04_09,natiCPR04_09,val,docres_input_blend_0.80,24.97032725608487,0.9510031342506409,0.4130941533237347,0.8049072411127388,0.9134901095169369,0.3827902621722846,0.08024858632591611,0.07200496215683451
kligler,natiCPR04_09,natiCPR04_09,val,docres_classical040_blend_0.85,31.152220855103607,0.9529410600662231,0.4304464642155361,0.7917034421306485,0.9138296969182443,0.3827486475239284,0.11017827388966407,0.0710695060307705
kligler,natiCPR04_09,natiCPR04_09,val,docres_input_blend_0.85,26.09135038788623,0.9518342018127441,0.4192284104910472,0.7977661950262274,0.9095848544019017,0.3825613816063254,0.08527915269312049,0.07351922862600228
kligler,natiCPR04_09,natiCPR04_09,val,docres_classical040_blend_0.90,30.918692264787136,0.9527003765106201,0.43170774983077687,0.7874871493033128,0.9104338229051702,0.3831377444860591,0.10653351611139672,0.07243926762118161
kligler,natiCPR04_09,natiCPR04_09,val,docres_input_blend_0.90,27.344862256243076,0.9521329402923584,0.4252117541841464,0.7901854999046496,0.9077171236947109,0.3826154806491885,0.09052096643901006,0.07431140427605781
kligler,natiCPR04_09,natiCPR04_09,val,docres_classical040_blend_0.95,30.709823554219863,0.9525705575942993,0.43341440657854413,0.7828060925027236,0.9075473299940572,0.38354348730753224,0.10470465839269534,0.07299214141281939
kligler,natiCPR04_09,natiCPR04_09,val,docres_input_blend_0.95,28.677423519501126,0.9527828693389893,0.4340281099011929,0.7753889051382896,0.8971050174038543,0.38313150228880566,0.09563931523504118,0.07449565186567793
kligler,natiCPR04_09,natiCPR04_09,val,docres_appearance,10.284944871935583,0.8459132313728333,0.5156460157663083,0.6368197606691869,0.8404788182358435,0.38352476071577196,0.4216798201594412,0.003691513445737232
kligler,natiCPR04_09,natiCPR04_09,val,docres_binarization,9.614685738779201,0.7804898619651794,0.6170794940205331,0.5145875560153192,0.7112658120383734,0.3887286724927174,0.4131255456822762,0.08107315704571129
kligler,natiCPR04_09,natiCPR04_09,val,binary_input_blend_0.75,13.05859126619187,0.8379720449447632,0.5606007339500435,0.5846753578358463,0.776721283640377,0.3887286724927174,0.3099965565918419,0.03950774162695723
kligler,natiCPR04_09,natiCPR04_09,val,binary_docres_blend_0.75,12.301711825622156,0.8303337693214417,0.5614441263285621,0.584754967696329,0.7769759741913576,0.3887286724927174,0.3355906913743441,0.04097310298651698
kligler,natiCPR04_09,natiCPR04_09,val,binary_input_blend_0.90,10.860911131184272,0.8031364679336548,0.5872069063782518,0.557655954596241,0.751337125392648,0.3887286724927174,0.3716642758643199,0.0635868099109337
kligler,natiCPR04_09,natiCPR04_09,val,binary_docres_blend_0.90,10.596661378570628,0.7993159890174866,0.5906936377321008,0.5517198091544238,0.7462433143730368,0.3887286724927174,0.38187638817491204,0.06494591975265243
kligler,natiCPR04_11,natiCPR04_11,val,input,15.82970874797657,0.9078670144081116,3.73506225948006e-11,0.9999999999169986,1.0,0.0,0.0,0.0
kligler,natiCPR04_11,natiCPR04_11,val,classical_shadow_0.25,21.763718418635207,0.931777834892273,0.13554439540460367,0.861817119422888,0.9794156706507304,0.025172700790678317,0.10002687000726215,0.01363108391886679
kligler,natiCPR04_11,natiCPR04_11,val,classical_shadow_0.40,22.627689038497497,0.9257251620292664,0.19568319134485013,0.8437656126726311,0.9812416998671979,0.05079692051602164,0.16007438414400302,0.01758507145651873
kligler,natiCPR04_11,natiCPR04_11,val,classical_shadow_0.55,19.16628597082426,0.9076583981513977,0.42448264149099907,0.8316754849501463,0.9785026560424966,0.38062838119017894,0.22021943975259678,0.01774805636254368
kligler,natiCPR04_11,natiCPR04_11,val,classical_shadow_0.70,15.745809259991852,0.8833035230636597,0.4345951633787448,0.8307865642679539,0.9792496679946879,0.3820516021639617,0.280270903201064,0.01408186216554014
kligler,natiCPR04_11,natiCPR04_11,val,docres_deshadow,28.505502350023054,0.9517639875411987,0.40781169841430875,0.8004689674799979,0.9067065073041168,0.38063046192259675,0.0933864368885298,0.051113598374826416
kligler,natiCPR04_11,natiCPR04_11,val,docres_classical040_blend_0.70,30.86895155624344,0.9509185552597046,0.399852969704913,0.8281295381333046,0.9466301460823373,0.3812047440699126,0.11350825357192397,0.04517993406021751
kligler,natiCPR04_11,natiCPR04_11,val,docres_input_blend_0.70,23.18512099055702,0.9489342570304871,0.37065615920784534,0.8533302919059207,0.9315239043824701,0.3805638784852268,0.06525759467332498,0.04758625449363276
kligler,natiCPR04_11,natiCPR04_11,val,docres_classical040_blend_0.80,30.741757015160893,0.9513860940933228,0.4034668182514039,0.8174448063107169,0.9373339973439575,0.3810153974198918,0.10668792277626823,0.047736353301198735
kligler,natiCPR04_11,natiCPR04_11,val,docres_input_blend_0.80,24.82594815929896,0.950760006904602,0.3869101221634814,0.8293428805229102,0.9228917662682603,0.38151477320016647,0.07462277545225332,0.05044218036314947
kligler,natiCPR04_11,natiCPR04_11,val,docres_classical040_blend_0.85,30.363505674144818,0.9521551132202148,0.40203445160765366,0.819129547217385,0.9326029216467463,0.38040158135663754,0.10349124052450777,0.04874375274278963
kligler,natiCPR04_11,natiCPR04_11,val,docres_input_blend_0.85,25.723184702518573,0.9512191414833069,0.3917005775501102,0.8239525397980013,0.9222277556440903,0.3813150228880566,0.07933035503006859,0.05124513074530556
kligler,natiCPR04_11,natiCPR04_11,val,docres_classical040_blend_0.90,29.79238786669058,0.9523207545280457,0.4047603101648082,0.8112111530052852,0.9272908366533864,0.3807511444028298,0.09974832929426444,0.04984332883246787
kligler,natiCPR04_11,natiCPR04_11,val,docres_input_blend_0.90,26.65419342337447,0.9515182375907898,0.39844648915041614,0.8135994086612269,0.9136786188579017,0.38107990012484394,0.08398549199122005,0.05162004375246707
kligler,natiCPR04_11,natiCPR04_11,val,docres_classical040_blend_0.95,29.26813396413927,0.9516083002090454,0.405648233896107,0.8076074160677157,0.911105577689243,0.38019975031210984,0.09727436292869197,0.050269709925170464
kligler,natiCPR04_11,natiCPR04_11,val,docres_input_blend_0.95,27.626716469416436,0.9517946839332581,0.40468818756239966,0.8039647576502228,0.9088645418326693,0.38082397003745316,0.08886534805349519,0.05154364880600297
kligler,natiCPR04_11,natiCPR04_11,val,docres_appearance,10.290572663622797,0.8490736484527588,0.5194675124520574,0.6546179572514396,0.8447875166002656,0.3778776529338327,0.4203294737786916,0.02340932202534184
kligler,natiCPR04_11,natiCPR04_11,val,docres_binarization,9.612867593153057,0.7789416909217834,0.6342502535529122,0.5093644272287721,0.6997841965471447,0.383083645443196,0.40974579977642317,0.10577374300976612
kligler,natiCPR04_11,natiCPR04_11,val,binary_input_blend_0.75,13.051206043228522,0.8356118202209473,0.5637139065691872,0.610231425052232,0.790089641434263,0.383083645443196,0.30742145031129386,0.06386341307115276
kligler,natiCPR04_11,natiCPR04_11,val,binary_docres_blend_0.75,12.334493992205305,0.8291125297546387,0.5681556510663672,0.602089571217297,0.7844455511288181,0.383083645443196,0.3310223413543528,0.06515993019025139
kligler,natiCPR04_11,natiCPR04_11,val,binary_input_blend_0.90,10.849009362900743,0.8014277815818787,0.5978213974109873,0.5672481710393767,0.7529880478087649,0.383083645443196,0.368793330232634,0.08847179063117812
kligler,natiCPR04_11,natiCPR04_11,val,binary_docres_blend_0.90,10.602471974216485,0.7975767850875854,0.5963794781383048,0.5718316924454862,0.7568891102257637,0.383083645443196,0.37824656271164303,0.08950623289795591
kligler,natiCPR05_03,natiCPR05_03,val,input,15.202638732724525,0.906372606754303,1.8672963175703217e-11,0.9999999999585045,1.0,0.0,0.0,0.0
kligler,natiCPR05_03,natiCPR05_03,val,classical_shadow_0.25,20.553602230945668,0.9413936138153076,0.12115939393253801,0.8892609873235527,0.9806630980538612,0.021339923119165292,0.09789897097407514,0.01804554453223566
kligler,natiCPR05_03,natiCPR05_03,val,classical_shadow_0.40,21.998238748404113,0.9412766098976135,0.17234651787018174,0.8637210151227416,0.981493008008631,0.03343767160900604,0.15657152394181176,0.0249244891494745
kligler,natiCPR05_03,natiCPR05_03,val,classical_shadow_0.55,19.363749226155857,0.9300352931022644,0.422795411833348,0.8449021921523119,0.9803726295696917,0.27717005308438586,0.21536585873595276,0.028091758012512142
kligler,natiCPR05_03,natiCPR05_03,val,classical_shadow_0.70,16.09209581934315,0.9098607897758484,0.44310091960966147,0.8294879009274941,0.9786298186646749,0.2862895844773934,0.2740214778204893,0.027284125045056493
kligler,natiCPR05_03,natiCPR05_03,val,docres_deshadow,26.71170024250909,0.9662216305732727,0.3943221021765214,0.8347429579747465,0.9419477986638449,0.28731832326560497,0.08391564643430131,0.0606502911523947
kligler,natiCPR05_03,natiCPR05_03,val,docres_classical040_blend_0.70,29.5508627789236,0.9647600650787354,0.39261894333545216,0.8501119388978562,0.9611602141167683,0.28086582463847704,0.10584037356476546,0.05472194402263543
kligler,natiCPR05_03,natiCPR05_03,val,docres_input_blend_0.70,22.14908058964554,0.9600345492362976,0.3699007137732531,0.8599828107746353,0.9549773849537325,0.2714772103239978,0.058787709116229374,0.05562982495891213
kligler,natiCPR05_03,natiCPR05_03,val,docres_classical040_blend_0.80,29.088628882794293,0.9648350477218628,0.39244376422682253,0.8474251849358624,0.9553093489356405,0.28320336811275854,0.098548560189223,0.057276122287119056
kligler,natiCPR05_03,natiCPR05_03,val,docres_input_blend_0.80,23.604340554019675,0.9631666541099548,0.37869296774825034,0.8524333977953403,0.950661853188929,0.27704924034413325,0.06708530470581063,0.05908979145638207
kligler,natiCPR05_03,natiCPR05_03,val,docres_classical040_blend_0.85,28.6106493417886,0.9665518999099731,0.3923841232088426,0.8457650877657604,0.9513672766504834,0.28403441332601137,0.09490805525944587,0.05835865099942744
kligler,natiCPR05_03,natiCPR05_03,val,docres_input_blend_0.85,24.37182772566059,0.9641844034194946,0.38336123122821314,0.8471794109686493,0.9465952944105565,0.2798407468423943,0.07126887833661746,0.06014069138243056
kligler,natiCPR05_03,natiCPR05_03,val,docres_classical040_blend_0.90,27.988106753151282,0.9660173058509827,0.39469632530466536,0.8384502386765167,0.9473837088675878,0.2848233571297822,0.09075174525237523,0.059497057680246254
kligler,natiCPR05_03,natiCPR05_03,val,docres_input_blend_0.90,25.165388139499164,0.9650043249130249,0.3882330044982123,0.8409048903692417,0.9439810780530312,0.2824565257184697,0.07547754770954698,0.06074864346758713
kligler,natiCPR05_03,natiCPR05_03,val,docres_classical040_blend_0.95,27.484439688995415,0.9662429094314575,0.39379470812111206,0.83857920279311,0.9463463214241254,0.28665385319421566,0.08818456425220646,0.0598025394618817
kligler,natiCPR05_03,natiCPR05_03,val,docres_input_blend_0.95,25.95883082806081,0.9657133221626282,0.39158992330746173,0.8374355194975153,0.9431096726005228,0.2849130514369394,0.07966704353350351,0.06094848277990364
kligler,natiCPR05_03,natiCPR05_03,val,docres_appearance,10.98995775728347,0.8687472343444824,0.5417830401193574,0.6060831099865653,0.7789119880492966,0.2843492586490939,0.3919605402475836,0.024200732688853057
kligler,natiCPR05_03,natiCPR05_03,val,docres_binarization,9.823541762357147,0.7804350852966309,0.712693932832719,0.3068510775070167,0.39586704842524584,0.307098663737873,0.40031195242145917,0.08462819618479422
kligler,natiCPR05_03,natiCPR05_03,val,binary_input_blend_0.75,13.192612218773721,0.8401117324829102,0.6387724619165037,0.4207915604002937,0.49985476575791526,0.307098663737873,0.300247648171478,0.04688110682772645
kligler,natiCPR05_03,natiCPR05_03,val,binary_docres_blend_0.75,12.633131680796863,0.8360422849655151,0.6381289333001028,0.4204239862948198,0.49952280177600733,0.307098663737873,0.3215082497945178,0.04553287855461952
kligler,natiCPR05_03,natiCPR05_03,val,binary_input_blend_0.90,11.046442994105139,0.8042023777961731,0.6667610553402116,0.3877509217401423,0.47130586331383045,0.307098663737873,0.3601069583974904,0.06874828353879277
kligler,natiCPR05_03,natiCPR05_03,val,binary_docres_blend_0.90,10.84696616641149,0.8022162318229675,0.6648262648743278,0.3921172482144945,0.4751649446035105,0.307098663737873,0.3684764673579481,0.06879837761808404
kligler,natiCPR05_07,natiCPR05_07,val,input,15.59778150526702,0.9072325229644775,1.828377449442087e-11,0.9999999999593694,1.0,0.0,0.0,0.0
kligler,natiCPR05_07,natiCPR05_07,val,classical_shadow_0.25,20.142453133409578,0.9368278384208679,0.11239125390884491,0.9072238491812261,0.9817568665691533,0.020172066630056745,0.09302784148621923,0.022097971359753686
kligler,natiCPR05_07,natiCPR05_07,val,classical_shadow_0.40,20.7136561112286,0.9366657137870789,0.16212629911603094,0.8806209459630996,0.9818787583292703,0.029864543291231924,0.14883666591293296,0.031677525238367754
kligler,natiCPR05_07,natiCPR05_07,val,classical_shadow_0.55,18.411332697548865,0.9259175658226013,0.2066844825410702,0.862633832945659,0.9820819112627986,0.04037708218927329,0.2046338541274097,0.03773180587729924
kligler,natiCPR05_07,natiCPR05_07,val,classical_shadow_0.70,15.607384897215244,0.9080955982208252,0.4432810638016398,0.845356129319085,0.9803754266211604,0.28856855207761306,0.2602919461762373,0.039485536658713336
kligler,natiCPR05_07,natiCPR05_07,val,docres_deshadow,31.869237079659953,0.9621273875236511,0.39507456677068103,0.8479592210624534,0.9395010563952544,0.2910836536701446,0.08721029528413972,0.0696201635585486
kligler,natiCPR05_07,natiCPR05_07,val,docres_classical040_blend_0.70,30.237201244041675,0.9592313170433044,0.3921060559082658,0.8628763765096082,0.9582723874532748,0.2835841112941607,0.10576191347855271,0.06349276657694734
kligler,natiCPR05_07,natiCPR05_07,val,docres_input_blend_0.70,24.25397209146494,0.9577456116676331,0.37103646206162855,0.868677115023818,0.9503494230456688,0.27360790774299837,0.0612028799804747,0.06243335305026123
kligler,natiCPR05_07,natiCPR05_07,val,docres_classical040_blend_0.80,31.87808246288703,0.9613686203956604,0.39353395814433667,0.8577704557621171,0.9519746465138956,0.2860296540362438,0.0994584315879015,0.06624548433688116
kligler,natiCPR05_07,natiCPR05_07,val,docres_input_blend_0.80,26.476196815090844,0.9602550268173218,0.3813335999148921,0.8590727889834979,0.9456362749878108,0.2792165476844225,0.06968277144282568,0.0667387439672264
kligler,natiCPR05_07,natiCPR05_07,val,docres_classical040_blend_0.85,32.37358575191172,0.9598495364189148,0.3957396210717307,0.8516678235778135,0.9471396066959207,0.28682408932820797,0.0966486201289962,0.0672178227169138
kligler,natiCPR05_07,natiCPR05_07,val,docres_input_blend_0.85,27.749292079180456,0.96100252866745,0.3850798039647132,0.8565473994519901,0.9434828538924102,0.282200256269449,0.07401751533489105,0.06819854597358727
kligler,natiCPR05_07,natiCPR05_07,val,docres_classical040_blend_0.90,32.57868447286783,0.9620017409324646,0.3959736487453773,0.8496270839116106,0.9442142044531123,0.28848068826652024,0.09332326201577096,0.06829421949882285
kligler,natiCPR05_07,natiCPR05_07,val,docres_input_blend_0.90,29.14333054096842,0.9615097045898438,0.39008063379863944,0.8506190528362313,0.9407199739964245,0.28487095002745744,0.0783828105651926,0.06917680558144415
kligler,natiCPR05_07,natiCPR05_07,val,docres_classical040_blend_0.95,32.36811297767639,0.9603868126869202,0.3960788355627738,0.8476357909076792,0.9403136681293678,0.28935200439319053,0.09029862210306049,0.0689924877166753
kligler,natiCPR05_07,natiCPR05_07,val,docres_input_blend_0.95,30.53212652561239,0.9619122743606567,0.39338656183715914,0.8477416043097323,0.9395010563952544,0.2875727622185612,0.08264226005247424,0.06968896625924836
kligler,natiCPR05_07,natiCPR05_07,val,docres_appearance,10.982669217866546,0.8688390851020813,0.5286428546046753,0.6178061339956017,0.7750690719973996,0.2885099762035512,0.3701459084823752,0.01109269150449332
kligler,natiCPR05_07,natiCPR05_07,val,docres_binarization,9.809759240524214,0.7774083614349365,0.7089715562419148,0.30267553207448616,0.38655940191776367,0.30651290499725425,0.3772518870260899,0.07529257612572261
kligler,natiCPR05_07,natiCPR05_07,val,binary_input_blend_0.75,12.956488816290996,0.8354536294937134,0.6329647530165317,0.4227791855999313,0.49483991548837963,0.30651290499725425,0.28301362822266013,0.03869231089416788
kligler,natiCPR05_07,natiCPR05_07,val,binary_docres_blend_0.75,12.40861152581526,0.8310622572898865,0.6297232560421085,0.42678217303598154,0.4984154071184788,0.30651290499725425,0.30498452692444356,0.03629205651383387
kligler,natiCPR05_07,natiCPR05_07,val,binary_input_blend_0.90,10.960028817902687,0.8007996082305908,0.6604742766567724,0.38980865787794106,0.4668454412481716,0.30651290499725425,0.3395037776413879,0.05981362116974314
kligler,natiCPR05_07,natiCPR05_07,val,binary_docres_blend_0.90,10.756089118435002,0.7987282276153564,0.657958300167446,0.395136571064807,0.4713960669592069,0.30651290499725425,0.34851028487543656,0.05961626191101537
kligler,natiCPR05_12,natiCPR05_12,val,input,16.606219637973673,0.9022694230079651,1.8808804513881227e-11,0.9999999999582027,1.0,0.0,0.0,0.0
kligler,natiCPR05_12,natiCPR05_12,val,classical_shadow_0.25,21.682779254170327,0.9252728819847107,0.1134583360058838,0.8927364543838426,0.9827377220480669,0.019035328574043567,0.0930327012738099,0.01490221899174243
kligler,natiCPR05_12,natiCPR05_12,val,classical_shadow_0.40,21.607110866590872,0.9230459928512573,0.17119977689091134,0.8694332358172201,0.9816509926854754,0.0404484715357862,0.14884988855509246,0.020760510084728682
kligler,natiCPR05_12,natiCPR05_12,val,classical_shadow_0.55,18.579147859553885,0.9122191071510315,0.4124251857326721,0.8528289545095087,0.9809404388714733,0.29610653487095,0.2046447366059731,0.023900534365936244
kligler,natiCPR05_12,natiCPR05_12,val,classical_shadow_0.70,15.570649962195622,0.8935025930404663,0.43981279938074347,0.8324210974967152,0.9789341692789969,0.3051418634449936,0.26041350547174746,0.024003822090442203
kligler,natiCPR05_12,natiCPR05_12,val,docres_deshadow,29.729765229578074,0.9453017711639404,0.39361229571763967,0.8235963302450057,0.9380564263322884,0.304936847885777,0.08395838672280188,0.05107881606461908
kligler,natiCPR05_12,natiCPR05_12,val,docres_classical040_blend_0.70,29.58967779328801,0.9426567554473877,0.38848703244313804,0.8446383025599882,0.955067920585162,0.29996888156690465,0.10346122399170166,0.0453162983307534
kligler,natiCPR05_12,natiCPR05_12,val,docres_input_blend_0.70,24.36153853578265,0.9415059089660645,0.36718247852002706,0.8519919125036696,0.9510971786833856,0.2936481786564159,0.05879071687250775,0.045104253996125485
kligler,natiCPR05_12,natiCPR05_12,val,docres_classical040_blend_0.80,30.347741976664715,0.9444878697395325,0.38962380794006285,0.8394295425685573,0.9496342737722048,0.301402159985356,0.09695172874201848,0.04764401766517702
kligler,natiCPR05_12,natiCPR05_12,val,docres_input_blend_0.80,26.104182810222653,0.9436143636703491,0.37758040497276896,0.8406405587857383,0.9456635318704284,0.2978235401793886,0.06720309533295286,0.04831236382195006
kligler,natiCPR05_12,natiCPR05_12,val,docres_classical040_blend_0.85,30.47032830844409,0.9427947998046875,0.3906364560464686,0.8356214939166068,0.9463740856844305,0.302474830679114,0.0937031007167648,0.04864148003705965
kligler,natiCPR05_12,natiCPR05_12,val,docres_input_blend_0.85,27.042935086239325,0.9442725777626038,0.38236251124735493,0.8352810650578668,0.9440334378265413,0.29926414058209777,0.0713940627321769,0.049468942384207064
kligler,natiCPR05_12,natiCPR05_12,val,docres_classical040_blend_0.90,30.38994377733148,0.9451534748077393,0.39182405779323387,0.8313102331776904,0.9446185997910136,0.3030569284276039,0.09042875960561776,0.04957026480157906
kligler,natiCPR05_12,natiCPR05_12,val,docres_input_blend_0.90,27.99935575352646,0.9447420835494995,0.3858791723604616,0.8323178612003871,0.942110762800418,0.3010031118433095,0.07557288425163218,0.05032176033330486
kligler,natiCPR05_12,natiCPR05_12,val,docres_classical040_blend_0.95,30.163961857503004,0.9433093070983887,0.3930260194627838,0.8268320428304711,0.9417763845350052,0.30404539630239796,0.08718714489273649,0.05037596796566867
kligler,natiCPR05_12,natiCPR05_12,val,docres_input_blend_0.95,28.941814969336072,0.9450908303260803,0.3900064536836076,0.82769151516566,0.9402298850574713,0.3028830313014827,0.0799076425005294,0.050840964179904746
kligler,natiCPR05_12,natiCPR05_12,val,docres_appearance,10.98946595442344,0.8538727760314941,0.5518098648224372,0.5968011305049845,0.7766771159874608,0.30255720300201355,0.3658326352323832,0.033950622582800544
kligler,natiCPR05_12,natiCPR05_12,val,docres_binarization,9.810394418064135,0.771934449672699,0.7135347119699699,0.35284224687787535,0.48229885057471267,0.3246018671059857,0.3591482522351792,0.12052287177502283
kligler,natiCPR05_12,natiCPR05_12,val,binary_input_blend_0.75,12.915138434460411,0.8205007314682007,0.6221013263689067,0.49785262586663104,0.6153396029258098,0.3246018671059857,0.26937043138690575,0.07689168001481786
kligler,natiCPR05_12,natiCPR05_12,val,binary_docres_blend_0.75,12.392101854071457,0.8168737888336182,0.6216383033748621,0.4969580206686623,0.6145454545454545,0.3246018671059857,0.2906026710885708,0.07544902112626711
kligler,natiCPR05_12,natiCPR05_12,val,binary_input_blend_0.90,10.940906552660188,0.7911775708198547,0.6562374916223466,0.4562119466692048,0.5793939393939394,0.3246018671059857,0.3232467472802776,0.1025547793724812
kligler,natiCPR05_12,natiCPR05_12,val,binary_docres_blend_0.90,10.752879209386785,0.789511501789093,0.655479663386326,0.4577293094208708,0.5806896551724138,0.3246018671059857,0.33182989307749455,0.10242975437619645
kligler,natiCSY01_02,natiCSY01_02,val,input,15.096924013799708,0.8760583400726318,1.5010992449049354e-11,0.9999999999666422,1.0,0.0,0.0,0.0
kligler,natiCSY01_02,natiCSY01_02,val,classical_shadow_0.25,20.05163633224116,0.9161958694458008,0.1380938923407993,0.8630258564326659,0.9731136166522116,0.029043172283123562,0.0991657975952596,0.012910060690452588
kligler,natiCSY01_02,natiCSY01_02,val,classical_shadow_0.40,21.01433618401293,0.9184090495109558,0.19398895566807883,0.8291781561580244,0.9729801854693442,0.043770469616998244,0.1588006336923726,0.016380671408737547
kligler,natiCSY01_02,natiCSY01_02,val,classical_shadow_0.55,18.56422373069463,0.9069414734840393,0.43569806901452357,0.8032610197373702,0.9695776903062245,0.26849235349844364,0.2190720546440257,0.015894510064549762
kligler,natiCSY01_02,natiCSY01_02,val,classical_shadow_0.70,15.538933749225306,0.8872776031494141,0.452715936911792,0.7883146189394439,0.9672092868103276,0.281123291379077,0.27878268438245507,0.012429192390902866
kligler,natiCSY01_02,natiCSY01_02,val,docres_deshadow,26.3557518796647,0.9338006377220154,0.4206105855505482,0.7449321494179669,0.889952631930082,0.27434023548518066,0.08605720214733623,0.03567861988283135
kligler,natiCSY01_02,natiCSY01_02,val,docres_classical040_blend_0.70,27.414043387618765,0.935326099395752,0.41272523741964356,0.7791677021848737,0.9412235639468944,0.27139937745297066,0.10774889010956942,0.03375191226501491
kligler,natiCSY01_02,natiCSY01_02,val,docres_input_blend_0.70,21.980541233760555,0.9293836355209351,0.3904717506288643,0.7892989985468012,0.9202081526452732,0.2717336581404791,0.06005911808491167,0.03605442123493355
kligler,natiCSY01_02,natiCSY01_02,val,docres_classical040_blend_0.80,27.512698259073204,0.9342775344848633,0.41397650922911733,0.7713529022078086,0.9326839682433785,0.27226823656787114,0.10052767362189166,0.03479040962312423
kligler,natiCSY01_02,natiCSY01_02,val,docres_input_blend_0.80,23.407790968781114,0.9319120645523071,0.40238881328888365,0.7720067930718367,0.9098338781773301,0.2734091216673433,0.06874954556189782,0.03715341991075173
kligler,natiCSY01_02,natiCSY01_02,val,docres_classical040_blend_0.85,27.380715425854195,0.9355969429016113,0.4152620139386508,0.7657819721372213,0.9230102074854893,0.272675598863175,0.09691055862052501,0.03516612992031733
kligler,natiCSY01_02,natiCSY01_02,val,docres_input_blend_0.85,24.158071755718122,0.9326868653297424,0.4076598797458621,0.7642427309835149,0.9065981719927947,0.2733306266071187,0.0730778396078963,0.03722995474214224
kligler,natiCSY01_02,natiCSY01_02,val,docres_classical040_blend_0.90,27.106290231016136,0.9347274899482727,0.4182911148011125,0.756099585041325,0.9117686303289079,0.2731195019623765,0.09285401457917046,0.03565720373006759
kligler,natiCSY01_02,natiCSY01_02,val,docres_input_blend_0.90,24.917377886949758,0.9332501292228699,0.41202231506875425,0.7580536535874381,0.9011274934952298,0.273411828393558,0.07737837113462256,0.03699185121542067
kligler,natiCSY01_02,natiCSY01_02,val,docres_classical040_blend_0.95,26.81390954195838,0.9344369173049927,0.4204469743906356,0.7484880430353302,0.8999933284408567,0.2738110705102179,0.09015922449640301,0.03533817326328827
kligler,natiCSY01_02,natiCSY01_02,val,docres_input_blend_0.95,25.651024461508854,0.9335553646087646,0.4187782267680642,0.7462185813530288,0.8903195676829675,0.27367167411016374,0.08166244470450244,0.036519350825210246
kligler,natiCSY01_02,natiCSY01_02,val,docres_appearance,11.224712449218304,0.844923198223114,0.5648515036357808,0.6066687930758724,0.8248048568950563,0.27459602111246445,0.3723867221810906,0.06308743419987234
kligler,natiCSY01_02,natiCSY01_02,val,docres_binarization,9.338258637850394,0.6798778772354126,0.7472474122912697,0.39771856050001814,0.5710521048769097,0.28806333739342266,0.3218753313749374,0.210367940860463
kligler,natiCSY01_02,natiCSY01_02,val,binary_input_blend_0.75,12.334661187277469,0.7447235584259033,0.6595841126993167,0.49564143720223136,0.6695243178330776,0.28806333739342266,0.24166577769286096,0.14326074727196056
kligler,natiCSY01_02,natiCSY01_02,val,binary_docres_blend_0.75,11.91449563661208,0.742487907409668,0.6641017840478954,0.4972719417233114,0.6718927213289746,0.28806333739342266,0.2632265344085936,0.14645692970564259
kligler,natiCSY01_02,natiCSY01_02,val,binary_input_blend_0.90,10.44268039753269,0.7052192687988281,0.7056705026459186,0.4536773571146931,0.6275935686169858,0.28806333739342266,0.28967567051181015,0.1830421889125508
kligler,natiCSY01_02,natiCSY01_02,val,binary_docres_blend_0.90,10.28121003167736,0.7037529349327087,0.7050088896645256,0.45734373866347716,0.6314297151244246,0.28806333739342266,0.2982586728019128,0.18468928677181717
kligler,natiCSY01_04,natiCSY01_04,val,input,13.44344886431145,0.8386196494102478,1.5861811863970843e-11,0.9999999999647515,1.0,0.0,0.0,0.0
kligler,natiCSY01_04,natiCSY01_04,val,classical_shadow_0.25,18.763593960717934,0.9072356820106506,0.13450924155549845,0.875417024088094,0.9711667254141699,0.02223710921640276,0.11059547976722155,0.019952668786415575
kligler,natiCSY01_04,natiCSY01_04,val,classical_shadow_0.40,21.39365856961314,0.9168550968170166,0.19770096864626313,0.8271077265500675,0.9685935847726471,0.03244417377182298,0.17726221542887016,0.027583976084037422
kligler,natiCSY01_04,natiCSY01_04,val,classical_shadow_0.55,19.553696121746025,0.9097417593002319,0.4612556416845411,0.7887462126449648,0.9634825519915403,0.3790783597239139,0.24424597772523546,0.030821743807801793
kligler,natiCSY01_04,natiCSY01_04,val,classical_shadow_0.70,16.058619969927513,0.891041100025177,0.4786755490699046,0.7542710233661118,0.9617553753965457,0.3924347002300717,0.31071800424053775,0.030162515974424958
kligler,natiCSY01_04,natiCSY01_04,val,docres_deshadow,26.3908293749083,0.933696985244751,0.4587080676955866,0.7050853036177221,0.9060979908353894,0.38514819326025174,0.1291967657275388,0.04052958005424344
kligler,natiCSY01_04,natiCSY01_04,val,docres_classical040_blend_0.70,27.046847410806542,0.9355037808418274,0.4529776105003398,0.7318656427619505,0.9339090588649982,0.3796318852348085,0.14350496100456694,0.041525275568984575
kligler,natiCSY01_04,natiCSY01_04,val,docres_input_blend_0.70,21.03790792936558,0.9263851642608643,0.4242567698108307,0.7484782979478788,0.9275643285160381,0.3797942888076871,0.09027489723728167,0.04160340832077241
kligler,natiCSY01_04,natiCSY01_04,val,docres_classical040_blend_0.80,27.193074242465272,0.9351697564125061,0.4540665554767827,0.7254087080771341,0.9290447655974621,0.38174177831912304,0.1386908467541842,0.041706892349698925
kligler,natiCSY01_04,natiCSY01_04,val,docres_input_blend_0.80,22.74266199807827,0.9305076003074646,0.4388774423216959,0.7289831977206804,0.9191046880507578,0.38015834348355665,0.10330161156355896,0.04266539445096418
kligler,natiCSY01_04,natiCSY01_04,val,docres_classical040_blend_0.85,27.12288945247142,0.9353933334350586,0.4552831935164674,0.7204460557921213,0.9245682058512513,0.3828569495195561,0.13642941946030007,0.04152025139800327
kligler,natiCSY01_04,natiCSY01_04,val,docres_input_blend_0.85,23.6617673919921,0.9318472743034363,0.4431549068508045,0.7252505567726824,0.9182587240042298,0.3813479496548924,0.10978802087894297,0.04267074841155732
kligler,natiCSY01_04,natiCSY01_04,val,docres_classical040_blend_0.90,26.95038621616264,0.9350895881652832,0.45505103885962667,0.7184736189359836,0.9191751850546351,0.3840235485180674,0.13371245545179777,0.041465308666833525
kligler,natiCSY01_04,natiCSY01_04,val,docres_input_blend_0.90,24.606237570522914,0.9327482581138611,0.44758087837179544,0.7206885082121878,0.9164962989072964,0.3827446203816484,0.11624996351226917,0.042317869437287034
kligler,natiCSY01_04,natiCSY01_04,val,docres_classical040_blend_0.95,26.71146035501532,0.9341444373130798,0.4593067406897111,0.7064944286457697,0.9118434966513923,0.3838246041412911,0.13176617069889263,0.04087127550125074
kligler,natiCSY01_04,natiCSY01_04,val,docres_input_blend_0.95,25.526160083903005,0.933302640914917,0.45633251388458274,0.7060034022744333,0.9069792033838562,0.38278116118554606,0.12270121192339432,0.041589266897866635
kligler,natiCSY01_04,natiCSY01_04,val,docres_appearance,11.277328969810673,0.8467466235160828,0.568071515026345,0.5860156210988007,0.8304194571730702,0.38464474218432804,0.41274748101974584,0.05296424086800889
kligler,natiCSY01_04,natiCSY01_04,val,docres_binarization,9.329929399621195,0.6828760504722595,0.7451652521313026,0.37848662565254165,0.5596052167782869,0.3972242522668832,0.3715497599770724,0.19247372279157715
kligler,natiCSY01_04,natiCSY01_04,val,binary_input_blend_0.75,12.549116036488066,0.7479006052017212,0.6665626698580607,0.46600791508996475,0.6516390553401481,0.3972242522668832,0.2788618322413551,0.127110386080908
kligler,natiCSY01_04,natiCSY01_04,val,binary_docres_blend_0.75,11.873274631634668,0.7452141642570496,0.6676558124719003,0.4697038494407521,0.6563271060979908,0.3972242522668832,0.3112127990998808,0.1317042412003981
kligler,natiCSY01_04,natiCSY01_04,val,binary_input_blend_0.90,10.517460259436737,0.7085497379302979,0.7056651760024977,0.43056173112912993,0.6143813887909764,0.3972242522668832,0.33422886166240756,0.1656965916843435
kligler,natiCSY01_04,natiCSY01_04,val,binary_docres_blend_0.90,10.262981706372303,0.7069898843765259,0.7046660250827445,0.4359438099141307,0.6202326401127952,0.3972242522668832,0.34728016473878764,0.16806789924017207
kligler,natiCSY01_07,natiCSY01_07,val,input,12.229950230474234,0.8076781630516052,1.7347073777429502e-11,0.999999999961451,1.0,0.0,0.0,0.0
kligler,natiCSY01_07,natiCSY01_07,val,classical_shadow_0.25,17.09491840774929,0.8999546766281128,0.15667152851860972,0.858221647701945,0.9725916502833353,0.029091893354987144,0.11441044584026601,0.030025330488985688
kligler,natiCSY01_07,natiCSY01_07,val,classical_shadow_0.40,19.959139339221007,0.917114794254303,0.22843277090962288,0.7960761940732124,0.9682356115801242,0.037601840573825956,0.1833824896043138,0.04285370304502826
kligler,natiCSY01_07,natiCSY01_07,val,classical_shadow_0.55,19.30673174838094,0.9130668044090271,0.2830428948573161,0.7590807106676648,0.9651131413592383,0.044573013939640006,0.2527445354647475,0.05009366786354205
kligler,natiCSY01_07,natiCSY01_07,val,classical_shadow_0.70,16.11824562975784,0.8950641751289368,0.5055572831810736,0.7236043777187098,0.9608727497012451,0.3521856814183245,0.3214609793572321,0.05196542192415497
kligler,natiCSY01_07,natiCSY01_07,val,docres_deshadow,24.70620178737773,0.9360670447349548,0.4997204171953911,0.6493326687531336,0.9039744034539917,0.33876167275680064,0.1302732201284899,0.0663513834715087
kligler,natiCSY01_07,natiCSY01_07,val,docres_classical040_blend_0.70,25.427570694125773,0.9397093057632446,0.4903586127005416,0.6839337659240341,0.942600516556802,0.33131140885099475,0.14611283333200645,0.06613945672259054
kligler,natiCSY01_07,natiCSY01_07,val,docres_input_blend_0.70,19.536021730026533,0.9253543019294739,0.46021138140198636,0.6989126359003515,0.9341197332408157,0.32188117471917715,0.09091709191458416,0.06392538465218468
kligler,natiCSY01_07,natiCSY01_07,val,docres_classical040_blend_0.80,25.53231251957278,0.9392399787902832,0.49156530232612305,0.6776064467368149,0.9367796152808295,0.33360265259169036,0.14087422480157305,0.06689752239510091
kligler,natiCSY01_07,natiCSY01_07,val,docres_input_blend_0.80,21.14443608793726,0.9311647415161133,0.47517702847338905,0.6812752402968751,0.9234416560656875,0.3261185546082014,0.10392551195603428,0.06696780304094853
kligler,natiCSY01_07,natiCSY01_07,val,docres_classical040_blend_0.85,25.44296757353575,0.9390173554420471,0.4928398248462569,0.6725725252225803,0.9321537334721098,0.33483827310867503,0.13810679892473976,0.06709123604420351
kligler,natiCSY01_07,natiCSY01_07,val,docres_input_blend_0.85,22.015275922303246,0.9331347346305847,0.4854909336257715,0.6650456781260704,0.9120311476041787,0.32892136960346463,0.11046416108736089,0.06762637391259795
kligler,natiCSY01_07,natiCSY01_07,val,docres_classical040_blend_0.90,25.26066379255781,0.9374664425849915,0.4947019473846128,0.6660093322779133,0.9243668324274315,0.3359832182974692,0.1353146197713082,0.06713383166858411
kligler,natiCSY01_07,natiCSY01_07,val,docres_input_blend_0.90,22.922876727093538,0.934512197971344,0.49226247181741417,0.6559763511446267,0.9067499325392236,0.331939369332792,0.11705547992644075,0.06771606310319978
kligler,natiCSY01_07,natiCSY01_07,val,docres_classical040_blend_0.95,25.05506496803241,0.9371445775032043,0.49800317227780533,0.6560587176109663,0.9131105200262133,0.33757071322235754,0.1334145191978537,0.06643964587266449
kligler,natiCSY01_07,natiCSY01_07,val,docres_input_blend_0.95,23.825739126741148,0.935515820980072,0.49725288420456504,0.650141407401704,0.9038973054238464,0.33517526052239816,0.12358185325828802,0.06730629372002771
kligler,natiCSY01_07,natiCSY01_07,val,docres_appearance,11.309003064674329,0.8465267419815063,0.576899417134699,0.539348949176422,0.8290351181527312,0.34175666531330356,0.42411112437937687,0.03267740710681496
kligler,natiCSY01_07,natiCSY01_07,val,docres_binarization,9.306613060215115,0.687221884727478,0.7366433361573788,0.3585055643787244,0.5389537797309278,0.34062119366626065,0.39235871552572854,0.16328473354634124
kligler,natiCSY01_07,natiCSY01_07,val,binary_input_blend_0.75,12.542640322174863,0.7551287412643433,0.6632278903556764,0.43798596111128546,0.6253806715238426,0.34062119366626065,0.29449430658716325,0.10053595475959148
kligler,natiCSY01_07,natiCSY01_07,val,binary_docres_blend_0.75,11.936478328344682,0.7535256743431091,0.6622723918683858,0.4439033628102723,0.6325122393122856,0.34062119366626065,0.3270516055928394,0.10338150855501398
kligler,natiCSY01_07,natiCSY01_07,val,binary_input_blend_0.90,10.512051424022426,0.714115560054779,0.6995522622093621,0.40652323670164475,0.5914575382598974,0.34062119366626065,0.35313156016229746,0.13747953120850373
kligler,natiCSY01_07,natiCSY01_07,val,binary_docres_blend_0.90,10.267801958112052,0.7128726840019226,0.6979311831337944,0.4126076783895404,0.5982421649126864,0.34062119366626065,0.3663940197272575,0.13934106401514604
kligler,natiCSY01_08,natiCSY01_08,val,input,10.56825963861355,0.7386799454689026,1.9724721855851612e-11,0.9999999999561673,1.0,0.0,0.0,0.0
kligler,natiCSY01_08,natiCSY01_08,val,classical_shadow_0.25,15.447626272455901,0.8785741329193115,0.14650220551781257,0.8786931930198674,0.9737880248969931,0.017072675598863173,0.13242523199562684,0.03645228996606492
kligler,natiCSY01_08,natiCSY01_08,val,classical_shadow_0.40,19.186899272824963,0.9092769622802734,0.22406998383515353,0.8150429746277973,0.9684842640483914,0.023671674110163757,0.21229056440548885,0.05375237090883836
kligler,natiCSY01_08,natiCSY01_08,val,classical_shadow_0.55,20.060169491451706,0.9112921953201294,0.2742495967101781,0.7649353815875941,0.9625230121855002,0.028879415347137637,0.2923027552880674,0.06598517179576298
kligler,natiCSY01_08,natiCSY01_08,val,classical_shadow_0.70,16.58344793493853,0.8955234289169312,0.5257807127046173,0.7062230516537028,0.9620408521083545,0.4833522804168358,0.37187329867662317,0.0726351432479726
kligler,natiCSY01_08,natiCSY01_08,val,docres_deshadow,24.991156009885046,0.9290286898612976,0.5606051375497881,0.5705874222371641,0.9047514683965986,0.4802138313709568,0.19730744429318625,0.06407749973206249
kligler,natiCSY01_08,natiCSY01_08,val,docres_classical040_blend_0.70,24.702965055819746,0.9344210028648376,0.549692957197924,0.6060124336274445,0.9357412115367757,0.4704222492894844,0.20174584902305764,0.06950035453508492
kligler,natiCSY01_08,natiCSY01_08,val,docres_input_blend_0.70,18.60190939281467,0.9151643514633179,0.5211180178920077,0.6065340908915081,0.9171122994652406,0.4641724184598728,0.13802560775291303,0.06474685948670184
kligler,natiCSY01_08,natiCSY01_08,val,docres_classical040_blend_0.80,25.114531235529846,0.9333590269088745,0.5542715918509264,0.5931994164349343,0.9267993337424388,0.4730464203545811,0.2002003879640908,0.068551956768351
kligler,natiCSY01_08,natiCSY01_08,val,docres_input_blend_0.80,20.528822514811598,0.9229896664619446,0.5377421938369125,0.5899748381275628,0.9147014990795126,0.46566788469346326,0.15780145367119647,0.06685048254306186
kligler,natiCSY01_08,natiCSY01_08,val,docres_classical040_blend_0.85,25.209443495337382,0.9328570365905762,0.5555032606771777,0.5887128380105058,0.9218024020338389,0.47512383272431996,0.19960808196603855,0.06763467499248327
kligler,natiCSY01_08,natiCSY01_08,val,docres_input_blend_0.85,21.606305716496742,0.9255958199501038,0.5454401674831518,0.5818518830403614,0.9081265889366179,0.46989037758830693,0.16766596875588788,0.06701187891493207
kligler,natiCSY01_08,natiCSY01_08,val,docres_classical040_blend_0.90,25.212585723137977,0.931800901889801,0.5564656142763951,0.5845527775292094,0.9192601034452529,0.47724049262417106,0.19856153954341246,0.06681624724529048
kligler,natiCSY01_08,natiCSY01_08,val,docres_input_blend_0.90,22.747420798927735,0.9273506999015808,0.550398776154846,0.5790560718809049,0.9093977382309109,0.4732575449993233,0.17753831211737636,0.06659780609050447
kligler,natiCSY01_08,natiCSY01_08,val,docres_classical040_blend_0.95,25.1722552903869,0.9302104711532593,0.5581558289094026,0.5786345202883553,0.9131235206452178,0.47823792123426717,0.19857575781699877,0.06518509985393835
kligler,natiCSY01_08,natiCSY01_08,val,docres_input_blend_0.95,23.90062919515788,0.9283374547958374,0.5563634495625246,0.573221176519996,0.9050582975366004,0.4766937339288131,0.18740536409448064,0.06558472226455099
kligler,natiCSY01_08,natiCSY01_08,val,docres_appearance,11.2611469598506,0.8434051275253296,0.5989510238825156,0.48252266052642606,0.8283510125361621,0.47292867776424413,0.484756636123119,0.02681036853234564
kligler,natiCSY01_08,natiCSY01_08,val,docres_binarization,9.301133627510422,0.6842060685157776,0.7439833847823019,0.3375528548164361,0.5563688962917507,0.47797401542833945,0.4474455404031961,0.15980361574949695
kligler,natiCSY01_08,natiCSY01_08,val,binary_input_blend_0.75,12.74630403723409,0.7497233152389526,0.6753091453502165,0.40456402700601596,0.6379854475322171,0.47797401542833945,0.33581636189460223,0.09560492917153947
kligler,natiCSY01_08,natiCSY01_08,val,binary_docres_blend_0.75,11.817242389969401,0.747570812702179,0.6740862785335959,0.4148410682774303,0.6515735951608661,0.47797401542833945,0.38503726525120807,0.10127459876406607
kligler,natiCSY01_08,natiCSY01_08,val,binary_input_blend_0.90,10.594657320981465,0.7103365659713745,0.7101329994980304,0.3774890590706376,0.6049355658805996,0.47797401542833945,0.40265150369255837,0.133338460133029
kligler,natiCSY01_08,natiCSY01_08,val,binary_docres_blend_0.90,10.225419772042649,0.7087759971618652,0.7068164199565522,0.3888077992787638,0.6188305426492504,0.47797401542833945,0.4224093206913297,0.13629988271999308
kligler,natiCSY01_11,natiCSY01_11,val,input,16.209519777650993,0.8507127165794373,1.5108264639351886e-11,0.9999999999664261,1.0,0.0,0.0,0.0
kligler,natiCSY01_11,natiCSY01_11,val,classical_shadow_0.25,18.35704023394002,0.8696656227111816,0.11732250654985985,0.875109301948587,0.9744166526775222,0.013391527946948166,0.08337044732631176,0.023969975915418572
kligler,natiCSY01_11,natiCSY01_11,val,classical_shadow_0.40,17.681448507633046,0.8678620457649231,0.16250316125264203,0.8499911914719012,0.9719321806278328,0.020539991879821355,0.13355140524202644,0.03506440573060932
kligler,natiCSY01_11,natiCSY01_11,val,classical_shadow_0.55,15.924848355235689,0.8570759892463684,0.43600531151424227,0.8078558638986164,0.9694812825247607,0.3960806604411964,0.18486206576283232,0.04265937327247779
kligler,natiCSY01_11,natiCSY01_11,val,classical_shadow_0.70,13.971102350346898,0.8419699668884277,0.4680133208413408,0.7871390212946698,0.9645459123719994,0.4052524022195155,0.2349975453708347,0.0470447704593472
kligler,natiCSY01_11,natiCSY01_11,val,docres_deshadow,19.2054079647442,0.8756704926490784,0.4526291837379901,0.7237681696437881,0.9177774047339264,0.40550277439437,0.13670647146394083,0.03940378582019729
kligler,natiCSY01_11,natiCSY01_11,val,docres_classical040_blend_0.70,19.130982603294324,0.8769203424453735,0.4405291200782441,0.7537769638662705,0.9397347658217223,0.403222357558533,0.13551267252062546,0.042539474683026
kligler,natiCSY01_11,natiCSY01_11,val,docres_input_blend_0.70,20.964499635039665,0.8825262784957886,0.42352128661872845,0.7512590557552649,0.936545240893067,0.4024089863310326,0.09575671307906021,0.03880862746162259
kligler,natiCSY01_11,natiCSY01_11,val,docres_classical040_blend_0.80,19.199140407851914,0.8765859007835388,0.44540892288886424,0.7424331393598881,0.9338928991102904,0.4033482203275139,0.1360313396437205,0.04181883290554276
kligler,natiCSY01_11,natiCSY01_11,val,docres_input_blend_0.80,20.632052682821808,0.8812692165374756,0.4329075108084181,0.7444152782786625,0.9330871243914722,0.4032304777371769,0.10951007194053693,0.040150595429335766
kligler,natiCSY01_11,natiCSY01_11,val,docres_classical040_blend_0.85,19.2064461783316,0.8767492771148682,0.4474486858121841,0.7374703578178713,0.9292596944770858,0.4034307754770605,0.13642681888021146,0.041232698796902716
kligler,natiCSY01_11,natiCSY01_11,val,docres_input_blend_0.85,20.352371582557083,0.8801373839378357,0.4391604318023307,0.7369234458488922,0.9285210676515024,0.4028758966030586,0.11631693641050948,0.04041534645021398
kligler,natiCSY01_11,natiCSY01_11,val,docres_classical040_blend_0.90,19.208184322473898,0.8765384554862976,0.4488583063868631,0.7337337869250018,0.9268423703206312,0.40518067397482743,0.13657532261788183,0.04068063575993525
kligler,natiCSY01_11,natiCSY01_11,val,docres_input_blend_0.90,20.012231820753126,0.8787979483604431,0.4429022334405819,0.7346052385958963,0.9256001342957865,0.40426444715117066,0.12311151977369643,0.04038330483209439
kligler,natiCSY01_11,natiCSY01_11,val,docres_classical040_blend_0.95,19.195062257659707,0.8760318756103516,0.45001250783357616,0.7305651366216354,0.924458620110794,0.40533089727974014,0.13685013493826279,0.04004460889667824
kligler,natiCSY01_11,natiCSY01_11,val,docres_input_blend_0.95,19.630829262865607,0.877393901348114,0.4489533276234928,0.7266838346370381,0.9189860668121538,0.4056529976992827,0.12981833090524064,0.04005620141343965
kligler,natiCSY01_11,natiCSY01_11,val,docres_appearance,11.134848321963782,0.8133644461631775,0.5389448130282692,0.6189639817776824,0.8400537183145879,0.40327649208282584,0.2994973290981029,0.02913100804704399
kligler,natiCSY01_11,natiCSY01_11,val,docres_binarization,9.234601131978902,0.6637946963310242,0.7325261119280397,0.38995309285787016,0.5665939231156623,0.40900121802679656,0.2400166330979543,0.18666391745816577
kligler,natiCSY01_11,natiCSY01_11,val,binary_input_blend_0.75,11.713749328917409,0.7175388932228088,0.6296847023394411,0.4809813849837093,0.6601645123384254,0.40900121802679656,0.18046924017949306,0.12323104918385501
kligler,natiCSY01_11,natiCSY01_11,val,binary_docres_blend_0.75,11.050322487435203,0.7144890427589417,0.642278747590519,0.4886860059763244,0.6685244250461642,0.40900121802679656,0.21474250807373968,0.12715074508394833
kligler,natiCSY01_11,natiCSY01_11,val,binary_input_blend_0.90,10.164298835626266,0.6847804188728333,0.6843833199697402,0.44153018528531907,0.6200100721839852,0.40900121802679656,0.21639584013331947,0.16085594549134344
kligler,natiCSY01_11,natiCSY01_11,val,binary_docres_blend_0.90,9.920529179356224,0.6833833456039429,0.687166358893327,0.4501093723600368,0.6286721504112809,0.40900121802679656,0.23001208473645243,0.1628512376012709
kligler,natiCSY01_12,natiCSY01_12,val,input,14.651665153973916,0.8990967869758606,1.5089529625811337e-11,0.9999999999664677,1.0,0.0,0.0,0.0
kligler,natiCSY01_12,natiCSY01_12,val,classical_shadow_0.25,19.916560595201997,0.9494240880012512,0.13436918363108938,0.8712084881647522,0.9746831198444101,0.02737176884558127,0.1022695315506091,0.01355570306567156
kligler,natiCSY01_12,natiCSY01_12,val,classical_shadow_0.40,21.546899718088266,0.9541499018669128,0.18463461878457743,0.8417036585475468,0.972805311514989,0.03762078765732846,0.16366123463866533,0.017193306030298134
kligler,natiCSY01_12,natiCSY01_12,val,classical_shadow_0.55,19.111079090533003,0.9443036317825317,0.4385656193183288,0.8038069794399787,0.9685467104821943,0.288371904181892,0.22563715538996762,0.016706496517220327
kligler,natiCSY01_12,natiCSY01_12,val,classical_shadow_0.70,15.856275090266916,0.9255260229110718,0.4543780552835206,0.7850798321403444,0.9661994500704179,0.3006157802138314,0.2870236307813151,0.01277329957779271
kligler,natiCSY01_12,natiCSY01_12,val,docres_deshadow,26.21078113542826,0.9671646356582642,0.4215490066561975,0.7491072946565462,0.8863590637784187,0.2949952632291244,0.08929742940619202,0.038213862481944146
kligler,natiCSY01_12,natiCSY01_12,val,docres_classical040_blend_0.70,28.256330043427088,0.9698610901832581,0.4115384461370126,0.7882273721792203,0.9420562001207162,0.29249966165922314,0.1114782758684743,0.03608242211712014
kligler,natiCSY01_12,natiCSY01_12,val,docres_input_blend_0.70,21.503066835293673,0.9609501361846924,0.387598350333196,0.8013966806684959,0.9196901616256455,0.29592367032074707,0.062413932740507196,0.03876880589636046
kligler,natiCSY01_12,natiCSY01_12,val,docres_classical040_blend_0.80,28.02030908572178,0.9698378443717957,0.41361157653890807,0.7785822528826799,0.9303198980618336,0.293062660711869,0.10418288977520898,0.03716739071005073
kligler,natiCSY01_12,natiCSY01_12,val,docres_input_blend_0.80,22.962419371697685,0.9641805291175842,0.40105948129495245,0.7809849638967028,0.9109047012272818,0.295389091893355,0.07136126568640722,0.039930347956509654
kligler,natiCSY01_12,natiCSY01_12,val,docres_classical040_blend_0.85,27.695120402988902,0.9694674611091614,0.41495167538904465,0.772840893111281,0.9227080678693582,0.29341994857220194,0.10023627066200684,0.03772594837386387
kligler,natiCSY01_12,natiCSY01_12,val,docres_input_blend_0.85,23.750195513933715,0.9652146100997925,0.4058799835615622,0.7743181752919235,0.9072832137348267,0.29490052781161186,0.0758291206589551,0.03998585696557612
kligler,natiCSY01_12,natiCSY01_12,val,docres_classical040_blend_0.90,27.24534952734492,0.9681152105331421,0.41367970809432697,0.7727118548031909,0.9166722553819328,0.2938692651238327,0.09643267814637024,0.038044952495357956
kligler,natiCSY01_12,natiCSY01_12,val,docres_input_blend_0.90,24.56837658747428,0.9661089181900024,0.41253102244391954,0.7631661308002627,0.8994366575011736,0.2946839897144404,0.08034304305021504,0.039697606806586315
kligler,natiCSY01_12,natiCSY01_12,val,docres_classical040_blend_0.95,26.835324662778955,0.9681495428085327,0.41763332780514195,0.7610834652578296,0.9026222252028704,0.29455000676681553,0.09351759770087484,0.03785641348469227
kligler,natiCSY01_12,natiCSY01_12,val,docres_input_blend_0.95,25.382231274269763,0.9667128324508667,0.41889484491337475,0.7521605639995406,0.8871973710683388,0.2947678982270943,0.08467464354804044,0.03916206882325299
kligler,natiCSY01_12,natiCSY01_12,val,docres_appearance,11.306484826507265,0.8686564564704895,0.5625328000718217,0.6081433705723956,0.828381731607538,0.2958397618080931,0.38606262621437804,0.060328861382332906
kligler,natiCSY01_12,natiCSY01_12,val,docres_binarization,9.400816232330287,0.6891220211982727,0.7398526779755145,0.4138546017643532,0.591375494601301,0.30930437136283667,0.33587653082616176,0.21014541461578906
kligler,natiCSY01_12,natiCSY01_12,val,binary_input_blend_0.75,12.537491180380611,0.7599466443061829,0.658237137799701,0.5042582246926317,0.6810073100395682,0.30930437136283667,0.2522186238685486,0.14192223151897546
kligler,natiCSY01_12,natiCSY01_12,val,binary_docres_blend_0.75,12.073140444822796,0.7574422359466553,0.6591543859585643,0.5072827599794372,0.6843605391992489,0.30930437136283667,0.274655558474574,0.14571937991551856
kligler,natiCSY01_12,natiCSY01_12,val,binary_input_blend_0.90,10.55171088128441,0.7163307070732117,0.6994271603781449,0.4667865736463849,0.6439876601166924,0.30930437136283667,0.30252295542658797,0.18246853086503012
kligler,natiCSY01_12,natiCSY01_12,val,binary_docres_blend_0.90,10.374949535877763,0.714789628982544,0.6985359790663064,0.47141952145432925,0.6487827778150359,0.30930437136283667,0.31165242981750824,0.18445793953459094
kligler,natiCSY01_15,natiCSY01_15,val,input,16.241299597541136,0.9246331453323364,1.4902129530369736e-11,0.9999999999668842,1.0,0.0,0.0,0.0
kligler,natiCSY01_15,natiCSY01_15,val,classical_shadow_0.25,21.33636189736513,0.956943154335022,0.1307463414568286,0.8657854450993351,0.9739046925191244,0.028102584923534984,0.09453236528066358,0.007390434526214934
kligler,natiCSY01_15,natiCSY01_15,val,classical_shadow_0.40,21.5105981748337,0.9563978314399719,0.17983784157421623,0.8299810461164394,0.9715865814484883,0.038048450399242116,0.15133064783634387,0.007914337988057166
kligler,natiCSY01_15,natiCSY01_15,val,classical_shadow_0.55,18.551427724324125,0.9447987675666809,0.36749142771744203,0.8051057501430627,0.9681425307149717,0.19327107863039653,0.2086328007451458,0.005108027255608937
kligler,natiCSY01_15,natiCSY01_15,val,classical_shadow_0.70,15.528421787685122,0.9252614378929138,0.4006250771428955,0.7856122476271364,0.9652283339404577,0.2039721207199892,0.26541033173318046,0.0002974464251961734
kligler,natiCSY01_15,natiCSY01_15,val,docres_deshadow,25.628368750603276,0.9684953093528748,0.3459094758028984,0.7663538070702549,0.8895916812928436,0.1988144539179862,0.05649044286817448,0.03226342986542851
kligler,natiCSY01_15,natiCSY01_15,val,docres_classical040_blend_0.70,28.839688614837875,0.9713547825813293,0.33843039468988995,0.7969752135332033,0.9423452660860351,0.19635945324130463,0.08485109556070357,0.027948915523742283
kligler,natiCSY01_15,natiCSY01_15,val,docres_input_blend_0.70,22.22114531734608,0.9646420478820801,0.32325007254549,0.7960963215107669,0.9130708348511442,0.19669644065502775,0.03940565599632732,0.0317245236196274
kligler,natiCSY01_15,natiCSY01_15,val,docres_classical040_blend_0.80,28.164363559070406,0.9717226624488831,0.33673130787979805,0.7950963222192222,0.932145577375236,0.19653539044525647,0.07540345877151777,0.029713131540974134
kligler,natiCSY01_15,natiCSY01_15,val,docres_input_blend_0.80,23.34486921788664,0.9666301012039185,0.3300291136053618,0.7887996776658667,0.9077060635162434,0.1972120719989173,0.04504086891218792,0.03293424831868225
kligler,natiCSY01_15,natiCSY01_15,val,docres_classical040_blend_0.85,27.622706770113574,0.9708419442176819,0.3385980991458163,0.791599445223979,0.9261847203364573,0.1982852889430234,0.07044390309920144,0.03059166552317141
kligler,natiCSY01_15,natiCSY01_15,val,docres_input_blend_0.85,23.925552287919952,0.9673250913619995,0.3346880945202731,0.7836541223561145,0.90336788422691,0.1982974692109893,0.047884242342220384,0.03313547238774518
kligler,natiCSY01_15,natiCSY01_15,val,docres_classical040_blend_0.90,26.985908336136873,0.9692396521568298,0.34053154606156616,0.7841882165291403,0.9128390237440805,0.19835431046149682,0.06594006989722395,0.031143175132154772
kligler,natiCSY01_15,natiCSY01_15,val,docres_input_blend_0.90,24.507108914869086,0.9678503274917603,0.3406509029661981,0.7715733134671406,0.8927376891744213,0.1977358235214508,0.050728125273657915,0.033053033992495755
kligler,natiCSY01_15,natiCSY01_15,val,docres_classical040_blend_0.95,26.39920508581094,0.9696311950683594,0.3439081549199799,0.7740111396767222,0.906580123853363,0.19863174989849777,0.06179695307545127,0.031437727743044326
kligler,natiCSY01_15,natiCSY01_15,val,docres_input_blend_0.95,25.07846734922133,0.9682008624076843,0.3431173726099279,0.7680740973451853,0.8897572606550319,0.19764920828258223,0.05358066972898238,0.032782067068476826
kligler,natiCSY01_15,natiCSY01_15,val,docres_appearance,11.301758891533925,0.8646484017372131,0.5191006249373312,0.6092471959492274,0.8238566745040898,0.19992827175531194,0.35517381162777734,0.07222265226528594
kligler,natiCSY01_15,natiCSY01_15,val,docres_binarization,9.384145784312661,0.6931787729263306,0.7096638619226981,0.39632229548331743,0.5552869490346724,0.21159561510353228,0.31572179100358505,0.2106887996444313
kligler,natiCSY01_15,natiCSY01_15,val,binary_input_blend_0.75,12.368266519241327,0.7658021450042725,0.6241772177918883,0.4885054592685439,0.6459913236414213,0.21159561510353228,0.23713130541159488,0.14592756199093782
kligler,natiCSY01_15,natiCSY01_15,val,binary_docres_blend_0.75,12.091336366153474,0.7636330127716064,0.6305773078423585,0.4882277879128224,0.6461900188760473,0.21159561510353228,0.25135251393831315,0.14780699549932724
kligler,natiCSY01_15,natiCSY01_15,val,binary_input_blend_0.90,10.478300374403293,0.7211877703666687,0.670807000768332,0.4478440580025963,0.6063847402059808,0.21159561510353228,0.28452730741775667,0.1845686862766135
kligler,natiCSY01_15,natiCSY01_15,val,binary_docres_blend_0.90,10.369807917149245,0.7203986644744873,0.669236982278266,0.45281861240207083,0.611020962347253,0.21159561510353228,0.29037434554279146,0.18568290459277598
kligler,natiCSY02_01,natiCSY02_01,val,input,12.706630132160956,0.8473901748657227,1.3685702571208936e-11,0.9999999999695873,1.0,0.0,0.0,0.0
kligler,natiCSY02_01,natiCSY02_01,val,classical_shadow_0.25,18.3360311300093,0.9419037699699402,0.12065397048685908,0.8893198579380136,0.9901766977889966,0.010909228024289957,0.12090449923025612,0.01929479807095467
kligler,natiCSY02_01,natiCSY02_01,val,classical_shadow_0.40,21.859125039425994,0.9570870995521545,0.40640845563081934,0.8594100715397974,0.9897813326845291,0.4980401096236016,0.193251102525504,0.026404244689210904
kligler,natiCSY02_01,natiCSY02_01,val,classical_shadow_0.55,20.09565652326407,0.9517613649368286,0.43591166517002666,0.8484895914632313,0.9892034913779995,0.5016239581387297,0.2656024712460522,0.029553302214134554
kligler,natiCSY02_01,natiCSY02_01,val,classical_shadow_0.70,16.107865740195933,0.9312848448753357,0.4419222842686297,0.833367535377761,0.9880478087649402,0.5022923947340908,0.33786414377388946,0.028229458647703525
kligler,natiCSY02_01,natiCSY02_01,val,docres_deshadow,29.810628199213276,0.972368597984314,0.4256764815335322,0.8036262982604021,0.9624403150755756,0.5100479731802671,0.16425083464676588,0.03601330315334466
kligler,natiCSY02_01,natiCSY02_01,val,docres_classical040_blend_0.70,30.259587360158964,0.9761452674865723,0.4227342767999165,0.8219865640312479,0.9712295854748944,0.5077050172165272,0.17303707578178934,0.03902233383543717
kligler,natiCSY02_01,natiCSY02_01,val,docres_input_blend_0.70,21.639889827715955,0.963786244392395,0.39411908713802046,0.8363326337660983,0.9695872996563365,0.5073570873989418,0.11502641769638339,0.04076367542368565
kligler,natiCSY02_01,natiCSY02_01,val,docres_classical040_blend_0.80,30.917427187788448,0.9756149053573608,0.4239714520044176,0.8160963731688813,0.9683403789422462,0.508841359428641,0.17015281724180611,0.03858948838948621
kligler,natiCSY02_01,natiCSY02_01,val,docres_input_blend_0.80,24.01898730930379,0.9688209891319275,0.40563004371650196,0.8254862752012495,0.9667285058240321,0.5084574368713054,0.13156888252557866,0.040785524244721275
kligler,natiCSY02_01,natiCSY02_01,val,docres_classical040_blend_0.85,30.946237337425252,0.9752375483512878,0.42529899683244626,0.8112494895668831,0.9667589185243758,0.5086099775302467,0.16866881406543843,0.03815623585228055
kligler,natiCSY02_01,natiCSY02_01,val,docres_input_blend_0.85,25.410558455381395,0.9704766273498535,0.4106277664662481,0.8208746898050849,0.9658465375140659,0.5091738637863333,0.13980749630973602,0.04016396392440315
kligler,natiCSY02_01,natiCSY02_01,val,docres_classical040_blend_0.90,30.728573843306144,0.9744082093238831,0.42627436451790235,0.8069693501002932,0.9648733311030686,0.5091138758867497,0.16697602611318646,0.0377002693629329
kligler,natiCSY02_01,natiCSY02_01,val,docres_input_blend_0.90,26.92399589084136,0.9714715480804443,0.41719002785126796,0.8121479053361633,0.964569204099632,0.5098337306817539,0.14800471340218066,0.03909116648611529
kligler,natiCSY02_01,natiCSY02_01,val,docres_classical040_blend_0.95,30.34570377493576,0.9734639525413513,0.42424654756411273,0.8092271554929091,0.9639305373924151,0.5095612142236452,0.1657103116779704,0.03685773810788944
kligler,natiCSY02_01,natiCSY02_01,val,docres_input_blend_0.95,28.47424959231759,0.9720932245254517,0.42087396695522705,0.8094288489847771,0.9628660928803868,0.5095834954434906,0.15614188210304208,0.03776699359526649
kligler,natiCSY02_01,natiCSY02_01,val,docres_appearance,10.59687879865399,0.8599402904510498,0.4984906316318225,0.7449033816245192,0.9378972658982391,0.5049729968754874,0.46289141474353357,0.05616192227142685
kligler,natiCSY02_01,natiCSY02_01,val,docres_binarization,9.188538596299288,0.703961968421936,0.7210398514779239,0.2903578257234646,0.35561570511845747,0.5295611799448454,0.48713743489926625,0.08616812175580499
kligler,natiCSY02_01,natiCSY02_01,val,binary_input_blend_0.75,13.039883410060849,0.7916330099105835,0.6686664680454159,0.3511940029276593,0.4146163437851647,0.5295611799448454,0.3652653325290587,0.04450628227143733
kligler,natiCSY02_01,natiCSY02_01,val,binary_docres_blend_0.75,11.823299437657797,0.7924787402153015,0.656870988003405,0.38421133939996366,0.45381831452814697,0.5295611799448454,0.4063983866649286,0.04961015122231456
kligler,natiCSY02_01,natiCSY02_01,val,binary_input_blend_0.90,10.562133449081461,0.7385878562927246,0.6919164184628502,0.3316982192501035,0.3948480885617834,0.5295611799448454,0.4383681194257253,0.06863436187566127
kligler,natiCSY02_01,natiCSY02_01,val,binary_docres_blend_0.90,10.156804867305556,0.7385868430137634,0.6911108792862718,0.3369025052426635,0.39998783491986256,0.5295611799448454,0.4544235228383008,0.071195011075784
kligler,natiCSY02_02,natiCSY02_02,val,input,13.724569112811423,0.8827598094940186,1.3123352404775802e-11,0.999999999970837,1.0,0.0,0.0,0.0
kligler,natiCSY02_02,natiCSY02_02,val,classical_shadow_0.25,19.193516792596178,0.9502851366996765,0.10436604689712922,0.9154785327085282,0.9905803441236513,0.013236758528136897,0.11079697167640233,0.014626399028781783
kligler,natiCSY02_02,natiCSY02_02,val,classical_shadow_0.40,21.5130894513497,0.9578692317008972,0.38685959193253744,0.8774048406889376,0.989530475357247,0.36182301512894827,0.177143265991959,0.018057439742959584
kligler,natiCSY02_02,natiCSY02_02,val,classical_shadow_0.55,19.20524610710272,0.9484642744064331,0.41518994582470936,0.8719882619215407,0.9878973461650628,0.36562453402256573,0.2433598251324161,0.017067889394060388
kligler,natiCSY02_02,natiCSY02_02,val,classical_shadow_0.70,15.701512503253515,0.9273715615272522,0.4175878202736425,0.8655672418853884,0.9888013998250219,0.36667175135529806,0.3095874475874631,0.011821798536778836
kligler,natiCSY02_02,natiCSY02_02,val,docres_deshadow,27.461664923109332,0.9741866588592529,0.3914748790416285,0.8435912490530827,0.9637212015164771,0.36820229976467606,0.11608715163035517,0.04109346743895599
kligler,natiCSY02_02,natiCSY02_02,val,docres_classical040_blend_0.70,29.59816937424703,0.9767985939979553,0.38878747188528195,0.8638972184659317,0.9745990084572762,0.36736418311049257,0.13445493566154937,0.03959874321721908
kligler,natiCSY02_02,natiCSY02_02,val,docres_input_blend_0.70,21.532416072403883,0.9670235514640808,0.36656413377125185,0.872044724238563,0.9734908136482939,0.3659467547403295,0.08143589590550149,0.044016502194007726
kligler,natiCSY02_02,natiCSY02_02,val,docres_classical040_blend_0.80,29.551055925658606,0.9769803881645203,0.3911732668543449,0.8545674313122475,0.9690580344123652,0.3680137663659845,0.12836097834517476,0.040640366011310644
kligler,natiCSY02_02,natiCSY02_02,val,docres_input_blend_0.80,23.358856060717482,0.9708864688873291,0.374438829958729,0.865797146702442,0.9698745990084573,0.36768811776824445,0.09308434288599463,0.04468968136738341
kligler,natiCSY02_02,natiCSY02_02,val,docres_classical040_blend_0.85,29.17573224459957,0.9762786626815796,0.38895485265599594,0.8571759855486427,0.9701662292213473,0.3683274173838077,0.12508422754791543,0.04108392522286498
kligler,natiCSY02_02,natiCSY02_02,val,docres_input_blend_0.85,24.36214988610817,0.9721922874450684,0.3786360373859239,0.8612964356880326,0.9675707203266258,0.36797777362623424,0.09887728529112494,0.044447532215147564
kligler,natiCSY02_02,natiCSY02_02,val,docres_classical040_blend_0.90,28.734496445086553,0.9752524495124817,0.3922175985710794,0.8474381850408504,0.9695246427529892,0.3685553714022257,0.12236932644275691,0.04102841877059891
kligler,natiCSY02_02,natiCSY02_02,val,docres_input_blend_0.90,25.408320967764936,0.9731082916259766,0.38398584574452366,0.8535261275412682,0.9674540682414698,0.3681611652049615,0.10460616666869986,0.04371689411769075
kligler,natiCSY02_02,natiCSY02_02,val,docres_classical040_blend_0.95,28.16517852385123,0.9752157926559448,0.39349488258896015,0.8421789843416141,0.9643919510061242,0.3679606342263532,0.11936582472893449,0.04121515941852118
kligler,natiCSY02_02,natiCSY02_02,val,docres_input_blend_0.95,26.456635119068714,0.9737468361854553,0.38879949545632925,0.8462956797652617,0.9637503645377661,0.3682228670445333,0.11030339056649449,0.04251865854016524
kligler,natiCSY02_02,natiCSY02_02,val,docres_appearance,10.606235658033427,0.8596206903457642,0.4838239811918128,0.7783101045107842,0.9380577427821523,0.3645721748698691,0.42996540428937347,0.05677254703610953
kligler,natiCSY02_02,natiCSY02_02,val,docres_binarization,9.287014087543046,0.7065414190292358,0.7143808261057771,0.324589360129331,0.38611840186643337,0.38339466381924103,0.4465391367610184,0.10074339693996012
kligler,natiCSY02_02,natiCSY02_02,val,binary_input_blend_0.75,12.900591797529895,0.7974080443382263,0.6565649780470507,0.39366978574439665,0.44905220180810734,0.38339466381924103,0.33492126848631304,0.05619396938671538
kligler,natiCSY02_02,natiCSY02_02,val,binary_docres_blend_0.75,12.050768488548576,0.7951614856719971,0.6526550555306052,0.4081648284209517,0.4662292213473316,0.38339466381924103,0.36413532181290087,0.06054871386672256
kligler,natiCSY02_02,natiCSY02_02,val,binary_input_blend_0.90,10.579315249541503,0.743140459060669,0.6817045557653969,0.3724924012063705,0.4288713910761155,0.38339466381924103,0.40219372220077554,0.08221022718043935
kligler,natiCSY02_02,natiCSY02_02,val,binary_docres_blend_0.90,10.28001410157821,0.7420965433120728,0.6824726657129703,0.3740624366416465,0.4305045202682998,0.38339466381924103,0.4140486754251688,0.08466793700285198
kligler,natiCSY02_10,natiCSY02_10,val,input,13.302954039814496,0.8667691349983215,1.3388090636112792e-11,0.9999999999702487,1.0,0.0,0.0,0.0
kligler,natiCSY02_10,natiCSY02_10,val,classical_shadow_0.25,18.732460817384414,0.9448323249816895,0.11346473007970545,0.9015735214079876,0.9886945138640961,0.012525473433073215,0.1146410567737244,0.01798486428456152
kligler,natiCSY02_10,natiCSY02_10,val,classical_shadow_0.40,21.353514437118754,0.9554490447044373,0.16026541491628762,0.882021875308431,0.9884565036296561,0.019574908604150135,0.18323947495498472,0.02384093369822925
kligler,natiCSY02_10,natiCSY02_10,val,classical_shadow_0.55,19.319040937457345,0.9485371112823486,0.42701981546917533,0.8627975880844475,0.9876532190884209,0.401207642115619,0.25165700189350043,0.025464550178627844
kligler,natiCSY02_10,natiCSY02_10,val,classical_shadow_0.70,15.751834636996254,0.928917646408081,0.4301773430848952,0.8519679374973803,0.9866119243127455,0.40276732750479477,0.3202166648670297,0.022604858264527315
kligler,natiCSY02_10,natiCSY02_10,val,docres_deshadow,28.263590008708377,0.9724661707878113,0.4037659864997668,0.8320111630576498,0.9579316910627157,0.40641630573947085,0.1329724918345043,0.04163668856984573
kligler,natiCSY02_10,natiCSY02_10,val,docres_classical040_blend_0.70,29.66661706210187,0.9756647348403931,0.4033863061269662,0.8472947349061717,0.9704867309294299,0.4051359925683562,0.14815331535981605,0.04234601781802839
kligler,natiCSY02_10,natiCSY02_10,val,docres_input_blend_0.70,21.530439941141502,0.9645490646362305,0.3786603874360233,0.8569541322961067,0.9649529929786981,0.40378369391774116,0.09322104808371265,0.04500221289297706
kligler,natiCSY02_10,natiCSY02_10,val,docres_classical040_blend_0.80,29.954191398736274,0.9756859540939331,0.40377570417131975,0.8424368113845123,0.9668273235749137,0.4059843928624683,0.1431725721477157,0.04267206739210656
kligler,natiCSY02_10,natiCSY02_10,val,docres_input_blend_0.80,23.55166387647771,0.9690069556236267,0.39045207126071074,0.8434152570866216,0.9627811495894324,0.4051959804679399,0.10657729175368694,0.045596700413692764
kligler,natiCSY02_10,natiCSY02_10,val,docres_classical040_blend_0.85,29.755778012907378,0.9750908613204956,0.4058213737449442,0.8355077892671737,0.9621563727240271,0.40631689722016073,0.14039860396563375,0.042734062214864754
kligler,natiCSY02_10,natiCSY02_10,val,docres_input_blend_0.85,24.692691666538153,0.970554530620575,0.3935827270901072,0.8419461600385181,0.9612043317862669,0.40570673458439527,0.1132519722660313,0.04526285033504636
kligler,natiCSY02_10,natiCSY02_10,val,docres_classical040_blend_0.90,29.38211521860491,0.973939836025238,0.4054245752464157,0.8338363903507511,0.9616208496965369,0.4058232825035864,0.13791099146689773,0.042477590529157665
kligler,natiCSY02_10,natiCSY02_10,val,docres_input_blend_0.90,25.909632524136104,0.9715196490287781,0.39896217652199967,0.8347540814002181,0.9614125907414018,0.40602209954220664,0.11990138056521779,0.044401601543351064
kligler,natiCSY02_10,natiCSY02_10,val,docres_classical040_blend_0.95,28.910716672829775,0.9735665321350098,0.4054503266398731,0.8313784124969354,0.9594787575865762,0.4061009407816595,0.13569449066761355,0.04215469332741438
kligler,natiCSY02_10,natiCSY02_10,val,docres_input_blend_0.95,27.140872210939605,0.9720786213874817,0.4032383022611333,0.8294881037998381,0.9584077115315959,0.40628090448041054,0.12651205382067304,0.04317187907131859
kligler,natiCSY02_10,natiCSY02_10,val,docres_appearance,10.612366588373996,0.8597292304039001,0.48992284878712633,0.7608863570348342,0.9378198262525289,0.40237312130753056,0.44055374241989037,0.053869515754669584
kligler,natiCSY02_10,natiCSY02_10,val,docres_binarization,9.308648248084888,0.7057510614395142,0.7158259042314707,0.31796229559662764,0.3858740925859812,0.420422623322267,0.4570260835789057,0.0981815620832554
kligler,natiCSY02_10,natiCSY02_10,val,binary_input_blend_0.75,12.985197974054296,0.7943581342697144,0.6605244631010793,0.38214904678402106,0.44609068189932166,0.420422623322267,0.3426795287444708,0.054152556923147875
kligler,natiCSY02_10,natiCSY02_10,val,binary_docres_blend_0.75,12.020277575498772,0.7918550372123718,0.6562222315450638,0.3976792711996112,0.4649529929786981,0.420422623322267,0.37605026965821114,0.05862983930814806
kligler,natiCSY02_10,natiCSY02_10,val,binary_input_blend_0.90,10.622297206249097,0.7413579225540161,0.6844675624783985,0.3632205402854813,0.4276151374509104,0.420422623322267,0.41157783937431647,0.07986134267810852
kligler,natiCSY02_10,natiCSY02_10,val,binary_docres_blend_0.90,10.289717004249223,0.7400153279304504,0.6842430244367125,0.3669392612004218,0.4311852909675116,0.420422623322267,0.42487449170337105,0.08227615329483716
kligler,natiCSY03_02,natiCSY03_02,val,input,17.094752870402985,0.9313583970069885,1.0688600005082095e-11,0.9999999999762476,1.0,0.0,0.0,0.0
kligler,natiCSY03_02,natiCSY03_02,val,classical_shadow_0.25,21.364596559385358,0.9529427289962769,0.08600245973456805,0.9227906347064828,0.9717346381321109,0.011937126129565993,0.08659961018899101,0.007802125245538187
kligler,natiCSY03_02,natiCSY03_02,val,classical_shadow_0.40,20.773722535230654,0.946940004825592,0.296463370785949,0.8779490065175112,0.9634688012161231,0.18064528445971745,0.138556975545723,0.009120581734703944
kligler,natiCSY03_02,natiCSY03_02,val,classical_shadow_0.55,18.033523617693522,0.9323729872703552,0.3428778355741453,0.8471408471230572,0.9581720149165103,0.19321496754486445,0.19046271714744195,0.007818603959466356
kligler,natiCSY03_02,natiCSY03_02,val,classical_shadow_0.70,15.316644800296352,0.9115045666694641,0.3824976245686965,0.8178037792604969,0.9529227334267595,0.20118747613592974,0.24248953474733415,0.003876725335094468
kligler,natiCSY03_02,natiCSY03_02,val,docres_deshadow,32.03738180534966,0.9760586023330688,0.27950440339350247,0.872695966957182,0.9390275765421249,0.1839124347715413,0.06410993069749224,0.021101969122826896
kligler,natiCSY03_02,natiCSY03_02,val,docres_classical040_blend_0.70,31.797911951595204,0.9749473929405212,0.2787318405550023,0.8922266198049489,0.9531127526662074,0.18318823978617793,0.08651891282158786,0.020730024254026945
kligler,natiCSY03_02,natiCSY03_02,val,docres_input_blend_0.70,25.583834348637332,0.9730997681617737,0.2605283340461999,0.8986286635991165,0.9525664473527945,0.18318569428535064,0.04506944974757115,0.02282959746903875
kligler,natiCSY03_02,natiCSY03_02,val,docres_classical040_blend_0.80,33.61877618859018,0.9764516353607178,0.27811310457393135,0.8877913429325685,0.9499774352153155,0.183295150820924,0.07918100257794349,0.021086095069142854
kligler,natiCSY03_02,natiCSY03_02,val,docres_input_blend_0.80,27.670193155759737,0.9749656319618225,0.2668406455370924,0.8888765170718433,0.9480772428208356,0.18242331678757795,0.051613792621541435,0.022943740638712337
kligler,natiCSY03_02,natiCSY03_02,val,docres_classical040_blend_0.85,33.97357532191242,0.9762755632400513,0.27821432599864626,0.8846222064365772,0.9477209567468706,0.18340715285732467,0.07513481920705156,0.021388730591601117
kligler,natiCSY03_02,natiCSY03_02,val,docres_input_blend_0.85,28.81604308285666,0.9754924774169922,0.2717987965790835,0.8831506058661469,0.9451794494192537,0.18365533918798524,0.05477010384146018,0.02275531415713382
kligler,natiCSY03_02,natiCSY03_02,val,docres_classical040_blend_0.90,33.75380288414202,0.9769526124000549,0.278946669510042,0.8799858494543207,0.9453457162537707,0.1835357006491027,0.07168377392957948,0.021218485905919654
kligler,natiCSY03_02,natiCSY03_02,val,docres_input_blend_0.90,29.987666994247345,0.9757918119430542,0.27445230976330326,0.8786395943387587,0.9425429324719128,0.18325569555810106,0.05787937320785514,0.02238780395750257
kligler,natiCSY03_02,natiCSY03_02,val,docres_classical040_blend_0.95,32.9412853491176,0.9758530855178833,0.27934710144806035,0.8760441988756675,0.9415690838697418,0.18371006745577192,0.06741496904221794,0.02148489311575271
kligler,natiCSY03_02,natiCSY03_02,val,docres_input_blend_0.95,31.103626190802245,0.9759295582771301,0.27705513520138597,0.8741354546265797,0.9396213866653998,0.1828891434389716,0.0610116668787917,0.021870465988097568
kligler,natiCSY03_02,natiCSY03_02,val,docres_appearance,12.00299815992248,0.8940643668174744,0.44464927820737443,0.7303630160623815,0.8491959810930857,0.18496627211403843,0.31621065766258144,0.06391060553567955
kligler,natiCSY03_02,natiCSY03_02,val,docres_binarization,9.889385542227156,0.7015039920806885,0.6845153414002962,0.42512685512904647,0.5293460962922496,0.21103220058546518,0.28873205109968136,0.19131704270483668
kligler,natiCSY03_02,natiCSY03_02,val,binary_input_blend_0.75,12.862649353235998,0.7865099310874939,0.5806659361999494,0.5478439847576856,0.6322177620484074,0.21103220058546518,0.21657971036193532,0.13255274101778106
kligler,natiCSY03_02,natiCSY03_02,val,binary_docres_blend_0.75,12.46682443497802,0.784865140914917,0.5878467592175303,0.5504096167191468,0.6351393078549203,0.21103220058546518,0.23274536756283268,0.13566789855091324
kligler,natiCSY03_02,natiCSY03_02,val,binary_input_blend_0.90,10.978794982127717,0.7351171970367432,0.632864368739065,0.5080279618745739,0.5989881475499395,0.21103220058546518,0.2597557866471013,0.16740791832859678
kligler,natiCSY03_02,natiCSY03_02,val,binary_docres_blend_0.90,10.832444784902577,0.7341371774673462,0.6317754792552471,0.51253510029065,0.6026222655043824,0.21103220058546518,0.2662264447588886,0.16897345633429076
kligler,natiCSY03_03,natiCSY03_03,val,input,13.495465190226515,0.8640556931495667,1.094519475053346e-11,0.9999999999756773,1.0,0.0,0.0,0.0
kligler,natiCSY03_03,natiCSY03_03,val,classical_shadow_0.25,18.92673011380603,0.9381214380264282,0.10588258044141181,0.9127973598360728,0.9687454395096561,0.009923634975181367,0.1109756754935652,0.02054581199172852
kligler,natiCSY03_03,natiCSY03_03,val,classical_shadow_0.40,21.522333984587405,0.9446360468864441,0.39241516143616106,0.879865427870689,0.9605243955830131,0.3751940944380807,0.17750994617014432,0.028917709183188974
kligler,natiCSY03_03,natiCSY03_03,val,classical_shadow_0.55,19.463051380959044,0.9349423050880432,0.4350578295171844,0.85060465922294,0.9529114170355597,0.3855377370497645,0.24400462682209195,0.033713459064451
kligler,natiCSY03_03,natiCSY03_03,val,classical_shadow_0.70,15.907785225133573,0.9151329398155212,0.45088838199059256,0.8217592104257416,0.9477793452351997,0.4000203640066183,0.3107435907034317,0.03446671113696047
kligler,natiCSY03_03,natiCSY03_03,val,docres_deshadow,28.756463311382703,0.9682160019874573,0.3924006036327134,0.8356170409124064,0.924089118061974,0.38376861397479956,0.13857276264203022,0.021665278310807005
kligler,natiCSY03_03,natiCSY03_03,val,docres_classical040_blend_0.70,30.10513600013571,0.9716271162033081,0.3889168591891134,0.8634966592235301,0.9430121126623534,0.3822884052437317,0.1502531775087533,0.02898180806033439
kligler,natiCSY03_03,natiCSY03_03,val,docres_input_blend_0.70,22.05012210218133,0.960887610912323,0.3668559320378558,0.8632461435085346,0.9391691394658753,0.38405116456662847,0.09701840496921692,0.027515557715016053
kligler,natiCSY03_03,natiCSY03_03,val,docres_classical040_blend_0.80,30.459489419473677,0.9717348217964172,0.39073586155135615,0.8533380602944021,0.9367125553339495,0.3834300623647703,0.14645833988425458,0.02692442121689207
kligler,natiCSY03_03,natiCSY03_03,val,docres_input_blend_0.80,24.175306774209595,0.9651929140090942,0.3768487658971592,0.8523297650057227,0.9334290022863259,0.3842408043782614,0.11102080572587955,0.0266480630989709
kligler,natiCSY03_03,natiCSY03_03,val,docres_classical040_blend_0.85,30.287962507646927,0.9709154963493347,0.3916215344302211,0.8480783256161054,0.9333317118256554,0.383984981545119,0.14422917992448356,0.02594184831279179
kligler,natiCSY03_03,natiCSY03_03,val,docres_input_blend_0.85,25.364605061657414,0.9666038155555725,0.3812111177880066,0.8477104481393742,0.93026706231454,0.3834516991218022,0.11803198846039628,0.025780040110944143
kligler,natiCSY03_03,natiCSY03_03,val,docres_classical040_blend_0.90,29.91305050427188,0.9705324769020081,0.391427446900578,0.8450806825269843,0.931142676460573,0.3844380806923762,0.14248678460820505,0.02453173365739825
kligler,natiCSY03_03,natiCSY03_03,val,docres_input_blend_0.90,26.59990416570317,0.9674925804138184,0.3853135855398259,0.8432616431811131,0.9279077686432845,0.3841211658393789,0.12494081211458752,0.024675000209152875
kligler,natiCSY03_03,natiCSY03_03,val,docres_classical040_blend_0.95,29.344670084545996,0.9689838886260986,0.39205708487822855,0.8400564299069776,0.9269348640365812,0.3833066055746468,0.14016550247437654,0.023360462244363115
kligler,natiCSY03_03,natiCSY03_03,val,docres_input_blend_0.95,27.776704352396386,0.9679402709007263,0.3897656645714508,0.8376247219039751,0.924964732208007,0.384749904543719,0.13180561856917897,0.02329090333428003
kligler,natiCSY03_03,natiCSY03_03,val,docres_appearance,11.982203235450651,0.8958446383476257,0.5087641792952089,0.7236463699599932,0.8507077881013767,0.38209749268168514,0.3971457349135403,0.05734174296200975
kligler,natiCSY03_03,natiCSY03_03,val,docres_binarization,9.83678726722203,0.7007601261138916,0.7242978762731523,0.40819833561027596,0.5142044072578683,0.4125989563446608,0.3724601217348337,0.1799785454962944
kligler,natiCSY03_03,natiCSY03_03,val,binary_input_blend_0.75,13.246258064022637,0.7802754044532776,0.6366970727154055,0.523211393918465,0.6129542248382546,0.4125989563446608,0.2792801074101526,0.1202369999645247
kligler,natiCSY03_03,natiCSY03_03,val,binary_docres_blend_0.75,12.391480064002812,0.780295729637146,0.6386793459611206,0.5275216018501262,0.6177214574111008,0.4125989563446608,0.31408442577743845,0.12677344465612905
kligler,natiCSY03_03,natiCSY03_03,val,binary_input_blend_0.90,11.083883166568087,0.7324796319007874,0.6761088106802021,0.48270475339346525,0.578707982682298,0.4125989563446608,0.3352194845610384,0.15554324951210252
kligler,natiCSY03_03,natiCSY03_03,val,binary_docres_blend_0.90,10.773111318189532,0.7316367030143738,0.674124074520013,0.49118012928011134,0.5858345089263998,0.4125989563446608,0.34900887681023784,0.1585918878267719
kligler,natiCSY03_05,natiCSY03_05,val,input,14.017902591566799,0.8772090077400208,1.0748052448050772e-11,0.9999999999761154,1.0,0.0,0.0,0.0
kligler,natiCSY03_05,natiCSY03_05,val,classical_shadow_0.25,19.551304387133065,0.9442551136016846,0.10370328543012376,0.9200389280979531,0.9709324543804337,0.012612956599210894,0.10929193650223229,0.0189851197901647
kligler,natiCSY03_05,natiCSY03_05,val,classical_shadow_0.40,21.71150561101041,0.9477709531784058,0.3856609602720383,0.8895072770845313,0.9619757332569027,0.3754091892579865,0.17469751713845777,0.026767046841157046
kligler,natiCSY03_05,natiCSY03_05,val,classical_shadow_0.55,19.21622724720754,0.9362296462059021,0.42743088834630444,0.8608377301419008,0.9547387025890895,0.3835573374061347,0.24013460209080456,0.03125671012306326
kligler,natiCSY03_05,natiCSY03_05,val,classical_shadow_0.70,15.714269214711337,0.9152489304542542,0.44497267241772787,0.8317220354381466,0.9513709754466418,0.4008794705358279,0.30557552026792645,0.03207931394148967
kligler,natiCSY03_05,natiCSY03_05,val,docres_deshadow,28.96792819185109,0.9666004180908203,0.381896039494506,0.8492751718817222,0.9263160408904175,0.38758177421407664,0.13338007072499358,0.01786306425213929
kligler,natiCSY03_05,natiCSY03_05,val,docres_classical040_blend_0.70,29.940766599014793,0.9702684879302979,0.38079980699185423,0.8721127754666524,0.9442055985478169,0.3845768104874634,0.14578565884798622,0.02489382068775552
kligler,natiCSY03_05,natiCSY03_05,val,docres_input_blend_0.70,22.48962329869338,0.96016925573349,0.3568003946262827,0.8761705629629163,0.9408139868157065,0.3841631666030291,0.09343060141200424,0.022841512324655595
kligler,natiCSY03_05,natiCSY03_05,val,docres_classical040_blend_0.80,30.359901473303438,0.9701156616210938,0.3809615479578215,0.8654671036522411,0.9397391802808828,0.38455517373043147,0.1418130953539619,0.02282751076624204
kligler,natiCSY03_05,natiCSY03_05,val,docres_input_blend_0.80,24.565435312597145,0.9639392495155334,0.36629635537207844,0.8659960203213355,0.9355354925002388,0.3846837215222095,0.10691776285415523,0.022045765625028794
kligler,natiCSY03_05,natiCSY03_05,val,docres_classical040_blend_0.85,30.276201211145132,0.9695255160331726,0.3800886304975075,0.8640616400470212,0.9374701442629215,0.38530355097365404,0.13940459238296313,0.021924219275802986
kligler,natiCSY03_05,natiCSY03_05,val,docres_input_blend_0.85,25.715571984924136,0.9651526212692261,0.3712303965848762,0.8600154337810602,0.9316423043852107,0.3856370115820288,0.11364258173678025,0.021300515152735334
kligler,natiCSY03_05,natiCSY03_05,val,docres_classical040_blend_0.90,29.994877171649087,0.9689589142799377,0.3811384425147086,0.8582753244283301,0.9335291869685679,0.386068473972254,0.13768322989116732,0.020481744251650263
kligler,natiCSY03_05,natiCSY03_05,val,docres_input_blend_0.90,26.905013048909186,0.9659275412559509,0.37389136456460126,0.8587724900161031,0.9314034584885832,0.3853595519918544,0.12025417574437178,0.02039552462349829
kligler,natiCSY03_05,natiCSY03_05,val,docres_classical040_blend_0.95,29.474328435282402,0.9675540924072266,0.3823399175332855,0.8518884063505748,0.9277013470908569,0.3868524882270587,0.13483767441047945,0.019591051044753942
kligler,natiCSY03_05,natiCSY03_05,val,docres_input_blend_0.95,28.010055651449427,0.9663206934928894,0.3786292329501401,0.852507957395401,0.9275819241425433,0.3864019345806287,0.1266620148886843,0.019321679704328056
kligler,natiCSY03_05,natiCSY03_05,val,docres_appearance,12.00305197683731,0.8933176398277283,0.5146872901959759,0.7254361799668312,0.8490971625107481,0.3829705994654448,0.3832825331227056,0.06855595196841659
kligler,natiCSY03_05,natiCSY03_05,val,docres_binarization,9.773267196290611,0.6999521255493164,0.7357732716609986,0.37593641859573457,0.47224610681188495,0.42269695812651137,0.37103934795249394,0.17490776671513197
kligler,natiCSY03_05,natiCSY03_05,val,binary_input_blend_0.75,13.090554834366404,0.7789960503578186,0.6519347699984093,0.48634972453608755,0.5693130792012994,0.42269695812651137,0.27812195943669565,0.11798691006608111
kligler,natiCSY03_05,natiCSY03_05,val,binary_docres_blend_0.75,12.29101763557847,0.7801437377929688,0.6529709025240734,0.49161303502928566,0.5747109964650807,0.42269695812651137,0.3118267562084016,0.1236612804787532
kligler,natiCSY03_05,natiCSY03_05,val,binary_input_blend_0.90,10.98610328482589,0.7315300703048706,0.6888385634069513,0.44926175300295174,0.5370688831565874,0.42269695812651137,0.3340214071628396,0.1516772537637993
kligler,natiCSY03_05,natiCSY03_05,val,binary_docres_blend_0.90,10.699073060379842,0.7309134602546692,0.6863953250158241,0.4580830503956027,0.5446164134900162,0.42269695812651137,0.34716002964759785,0.1542211628230756
kligler,natiCSY03_06,natiCSY03_06,val,input,14.536589915615114,0.8883176445960999,1.0715578424580486e-11,0.9999999999761876,1.0,0.0,0.0,0.0
kligler,natiCSY03_06,natiCSY03_06,val,classical_shadow_0.25,19.624777322352628,0.9426875114440918,0.09806448119813313,0.926083011999862,0.9722824145731634,0.013062237495227186,0.10266475005427908,0.017789498468553662
kligler,natiCSY03_06,natiCSY03_06,val,classical_shadow_0.40,21.01024895191026,0.9433080554008484,0.38046827993185595,0.8886154927525679,0.9631622812239552,0.2776046837215222,0.16419221026835068,0.024447279271951942
kligler,natiCSY03_06,natiCSY03_06,val,classical_shadow_0.55,18.65961255658472,0.9308726191520691,0.41978962555055904,0.8600316699293838,0.9570425050601262,0.28735649739086166,0.2254758514325929,0.027689227409574357
kligler,natiCSY03_06,natiCSY03_06,val,classical_shadow_0.70,15.517799990876945,0.9102219343185425,0.4428423922572058,0.8296428497140381,0.9519704726753185,0.30366170294005346,0.2870815383809117,0.026969457714204875
kligler,natiCSY03_06,natiCSY03_06,val,docres_deshadow,28.141128511081654,0.9652217626571655,0.3690160079881581,0.8605171883729087,0.9334444576735326,0.2845869924907726,0.10399823811413329,0.024415745850522797
kligler,natiCSY03_06,natiCSY03_06,val,docres_classical040_blend_0.70,29.499888833048352,0.9681401252746582,0.36793384693688463,0.8850528836363322,0.9504702940826288,0.28312714776632303,0.12204593381198735,0.02898211841406518
kligler,natiCSY03_06,natiCSY03_06,val,docres_input_blend_0.70,22.419062924627873,0.9590784311294556,0.3465783874029969,0.8875770020335778,0.946946065007739,0.28389079801450934,0.07297611970841533,0.027995984057901404
kligler,natiCSY03_06,natiCSY03_06,val,docres_classical040_blend_0.80,29.834898854657524,0.9685350060462952,0.3676793119988379,0.8788106887272508,0.9452315751875223,0.28358406516482115,0.11601797822348994,0.02789488439450797
kligler,natiCSY03_06,natiCSY03_06,val,docres_input_blend_0.80,24.246493751789625,0.96250319480896,0.3550454963210706,0.877770881342486,0.9429217764019526,0.2840308005600102,0.08343588207842637,0.027780066823031264
kligler,natiCSY03_06,natiCSY03_06,val,docres_classical040_blend_0.85,29.66782319468529,0.9671770930290222,0.3678825692586873,0.8747348886339091,0.9428265269674961,0.283816978490518,0.11302084066412613,0.027174888130493225
kligler,natiCSY03_06,natiCSY03_06,val,docres_input_blend_0.85,25.24158699956653,0.9636318683624268,0.3591494388817738,0.8726432818143659,0.9401357304441005,0.28415425735013367,0.08864795473999709,0.027299556337066058
kligler,natiCSY03_06,natiCSY03_06,val,docres_classical040_blend_0.90,29.281269727240073,0.9674035906791687,0.3674014586051118,0.8720144805776342,0.9406834146922253,0.2840397098129057,0.10995830868939152,0.026374418982150927
kligler,natiCSY03_06,natiCSY03_06,val,docres_input_blend_0.90,26.261716200779915,0.9644028544425964,0.3623108400284036,0.8692552205008773,0.9377068698654601,0.28421916762122945,0.09379224221189053,0.026597987281736863
kligler,natiCSY03_06,natiCSY03_06,val,docres_classical040_blend_0.95,28.75705977930583,0.965415894985199,0.3688611187255052,0.864863675354513,0.9358733182521729,0.2842777141402571,0.10689304654024008,0.025487590031566698
kligler,natiCSY03_06,natiCSY03_06,val,docres_input_blend_0.95,27.250042684129212,0.9648518562316895,0.36647026279191997,0.8632762642299354,0.934135016073342,0.2843706249204531,0.09896225421567383,0.02559946668186897
kligler,natiCSY03_06,natiCSY03_06,val,docres_appearance,11.984826086623093,0.8899948000907898,0.5120750136427572,0.7274469820406312,0.8494820812001429,0.28464172075855926,0.362920872358107,0.06571025926840209
kligler,natiCSY03_06,natiCSY03_06,val,docres_binarization,9.771279479136435,0.7005348205566406,0.7299659743197995,0.3866664129037251,0.48379568996309086,0.3210449280896016,0.3500167104642545,0.17327643354412628
kligler,natiCSY03_06,natiCSY03_06,val,binary_input_blend_0.75,12.95632480532552,0.7802026271820068,0.6434468905982634,0.5032480173670926,0.5847839028455769,0.3210449280896016,0.2623023855335694,0.11651416402242529
kligler,natiCSY03_06,natiCSY03_06,val,binary_docres_blend_0.75,12.371315245522156,0.7808600068092346,0.6443750059724042,0.5068372388521878,0.5886891296582927,0.3210449280896016,0.2885530774356325,0.12075293909314776
kligler,natiCSY03_06,natiCSY03_06,val,binary_input_blend_0.90,10.93781438323247,0.732573926448822,0.68170237518897,0.4630201234574076,0.550089296344803,0.3210449280896016,0.31507230470144026,0.15010238457467243
kligler,natiCSY03_06,natiCSY03_06,val,binary_docres_blend_0.90,10.718039238680394,0.7321032285690308,0.6799937505797832,0.4696588507503339,0.5556613882605071,0.3210449280896016,0.3255453086669312,0.1522337223623891
kligler,natiCSY04_06,natiCSY04_06,val,input,16.778481395905224,0.9181150197982788,1.3595974346358731e-11,0.9999999999697867,1.0,0.0,0.0,0.0
kligler,natiCSY04_06,natiCSY04_06,val,classical_shadow_0.25,21.732248398570867,0.9413137435913086,0.14566972830797967,0.8397489759258547,0.9662517372650915,0.027394281801061463,0.08981906133451492,0.017058101899578123
kligler,natiCSY04_06,natiCSY04_06,val,classical_shadow_0.40,21.612879643539223,0.93524569272995,0.2191403638598417,0.7720198433740572,0.9591818236751465,0.044350282485875706,0.14372550362380862,0.024514682404613793
kligler,natiCSY04_06,natiCSY04_06,val,classical_shadow_0.55,18.647861283045245,0.920382559299469,0.4118462974569948,0.724730195161315,0.9535923620762584,0.19123951378188667,0.1976299183258306,0.029472340278946088
kligler,natiCSY04_06,natiCSY04_06,val,classical_shadow_0.70,15.69091756555337,0.899429976940155,0.47653202903264524,0.6888141849430094,0.947187141216992,0.21749871597329223,0.2514938014240108,0.0316661604728454
kligler,natiCSY04_06,natiCSY04_06,val,docres_deshadow,26.681385561320422,0.9606592655181885,0.32540512880562095,0.7987635729360185,0.9134690917880235,0.188296524567711,0.060621831475271164,0.03717246578168301
kligler,natiCSY04_06,natiCSY04_06,val,docres_classical040_blend_0.70,29.174643917251792,0.9612326622009277,0.318325635128469,0.8215698686284335,0.9411142667230649,0.18194144838212634,0.08552289931552137,0.03646911317154869
kligler,natiCSY04_06,natiCSY04_06,val,docres_input_blend_0.70,23.038517690942818,0.9581099152565002,0.2885198320285992,0.8307414494560886,0.9312647289866457,0.17553843519945214,0.04235973560799079,0.03311859140198437
kligler,natiCSY04_06,natiCSY04_06,val,docres_classical040_blend_0.80,28.86236952877657,0.9625537395477295,0.32079575644390684,0.8153480385466821,0.932533687836123,0.18462249614791987,0.07723297447724159,0.03697781308516222
kligler,natiCSY04_06,natiCSY04_06,val,docres_input_blend_0.80,24.23179483120105,0.9597738981246948,0.3022559761389199,0.8191273193727842,0.9256450540818176,0.18033555897962678,0.04843168810068106,0.03525839272795594
kligler,natiCSY04_06,natiCSY04_06,val,docres_classical040_blend_0.85,28.472210905733427,0.9610791206359863,0.321140949085164,0.813251579120616,0.9296936370777691,0.18557952405410033,0.07306204618467828,0.037166361935782474
kligler,natiCSY04_06,natiCSY04_06,val,docres_input_blend_0.85,24.84577482804461,0.9602338075637817,0.31048346375002717,0.8111796945455441,0.9211734848027071,0.18330422872795754,0.05148797378907052,0.03602484675322704
kligler,natiCSY04_06,natiCSY04_06,val,docres_classical040_blend_0.90,27.90960592391286,0.9621776938438416,0.32306070372214923,0.8073123051511779,0.9233186295244425,0.18644239000171203,0.06892876253394699,0.03722891004148077
kligler,natiCSY04_06,natiCSY04_06,val,docres_input_blend_0.90,25.47528146406257,0.960502564907074,0.3156711042995264,0.8064002124337697,0.9174270348661551,0.18478000342407122,0.05453282576512883,0.036596776941000025
kligler,natiCSY04_06,natiCSY04_06,val,docres_classical040_blend_0.95,27.365196324200305,0.960216760635376,0.3253998345352567,0.8008602036835489,0.917004048582996,0.1875261085430577,0.06477087256748267,0.037254114371338194
kligler,natiCSY04_06,natiCSY04_06,val,docres_input_blend_0.95,26.104268086618717,0.9606974124908447,0.32086047982240234,0.8021340817411,0.9153121034503595,0.18655709638760487,0.05763280528784016,0.03701766350526067
kligler,natiCSY04_06,natiCSY04_06,val,docres_appearance,12.592448207187164,0.8955166339874268,0.4783539781917502,0.622772521951804,0.8373315608193849,0.18397877075843178,0.31896259370038027,0.041038070519383796
kligler,natiCSY04_06,natiCSY04_06,val,docres_binarization,8.712668607235434,0.6771946549415588,0.7966103855891947,0.019875150462730588,0.021451447217354522,0.34365519602807737,0.4258723089989291,0.009257005495705854
kligler,natiCSY04_06,natiCSY04_06,val,binary_input_blend_0.75,11.821576240328513,0.7826142311096191,0.803896283770972,0.02745860087790192,0.02945797329143755,0.34365519602807737,0.31944346086320163,0.027087756943379778
kligler,natiCSY04_06,natiCSY04_06,val,binary_docres_blend_0.75,11.473301921925502,0.7877312898635864,0.8060101884216518,0.028163460725260835,0.030213305939935948,0.34365519602807737,0.3346564548777908,0.031139576246698737
kligler,natiCSY04_06,natiCSY04_06,val,binary_input_blend_0.90,9.840335778871761,0.7200486063957214,0.8001548550131597,0.023342040953250133,0.025107257236086773,0.34365519602807737,0.38324307213041015,0.01776462240353723
kligler,natiCSY04_06,natiCSY04_06,val,binary_docres_blend_0.90,9.716887423370942,0.7222256660461426,0.800544890469914,0.023887811594753453,0.025681310048945555,0.34365519602807737,0.38928654440718247,0.01882400947925509
kligler,natiCSY04_14,natiCSY04_14,val,input,16.401421341121708,0.9017544984817505,1.3464179771105478e-11,0.9999999999700796,1.0,0.0,0.0,0.0
kligler,natiCSY04_14,natiCSY04_14,val,classical_shadow_0.25,21.150744371283242,0.9257853031158447,0.148288211057837,0.8358321228253831,0.9641254263658668,0.026904639616504022,0.09052031112051061,0.018833170440918524
kligler,natiCSY04_14,natiCSY04_14,val,classical_shadow_0.40,21.24479329493348,0.9200295209884644,0.21552700100568364,0.7773560113687774,0.9558673927353241,0.041040917651087146,0.14480786596439643,0.027288570141312963
kligler,natiCSY04_14,natiCSY04_14,val,classical_shadow_0.55,18.51638584726581,0.9054238200187683,0.4229162190389759,0.7312127419446403,0.950541559451858,0.20247217942133197,0.1991228200919129,0.03306774242661143
kligler,natiCSY04_14,natiCSY04_14,val,classical_shadow_0.70,15.627995714933519,0.8851626515388489,0.49194797031513504,0.6900002184638745,0.9449464424630483,0.23097928436911488,0.253443185594731,0.035781307091272876
kligler,natiCSY04_14,natiCSY04_14,val,docres_deshadow,26.920103912054294,0.9466058015823364,0.3461646113301685,0.7934785464464784,0.90356651307522,0.2023180962164013,0.06596076417213013,0.040879258909717324
kligler,natiCSY04_14,natiCSY04_14,val,docres_classical040_blend_0.70,28.821687423325777,0.9466080069541931,0.3357601257839161,0.8226316621639878,0.9337861288971336,0.19586200992980654,0.08953321181237436,0.04044846517159048
kligler,natiCSY04_14,natiCSY04_14,val,docres_input_blend_0.70,23.036515802528243,0.9443061947822571,0.30879642717735883,0.8259701171443091,0.9196337741607324,0.18991782229070364,0.04602566039255974,0.03692482240761735
kligler,natiCSY04_14,natiCSY04_14,val,docres_classical040_blend_0.80,28.766366421375725,0.9481219053268433,0.3388943811307604,0.8144253827492444,0.9246903237388546,0.1981612737544941,0.08170953805250913,0.040901190654037696
kligler,natiCSY04_14,natiCSY04_14,val,docres_input_blend_0.80,24.335340859646774,0.946040153503418,0.3233092692212469,0.8132914759813427,0.9146669858177249,0.19471837014209895,0.05263441325854089,0.03919716327889301
kligler,natiCSY04_14,natiCSY04_14,val,docres_classical040_blend_0.85,28.490119617010066,0.9467955827713013,0.3395948512986652,0.812147265129697,0.9213990784513195,0.19933401814757748,0.07774748481827252,0.04104684755357049
kligler,natiCSY04_14,natiCSY04_14,val,docres_input_blend_0.85,24.99035160504096,0.9464181065559387,0.32973479314947546,0.8065344594559948,0.9114355813535995,0.19631227529532613,0.05595500367584125,0.03996837189835083
kligler,natiCSY04_14,natiCSY04_14,val,docres_classical040_blend_0.90,28.02624810768057,0.9479803442955017,0.34210901236379554,0.805405689901692,0.9156543594039854,0.20037322376305428,0.07384179448187426,0.04105271877292166
kligler,natiCSY04_14,natiCSY04_14,val,docres_input_blend_0.90,25.665278037772943,0.9466748833656311,0.33466259216210575,0.8036290535681206,0.9090419484172102,0.1982794042116076,0.059295890107455416,0.04049651002195046
kligler,natiCSY04_14,natiCSY04_14,val,docres_classical040_blend_0.95,27.545763075257106,0.9460063576698303,0.3448343177913082,0.7980923351604674,0.9087726647118665,0.20141242937853107,0.06983864567912428,0.04104663493889627
kligler,natiCSY04_14,natiCSY04_14,val,docres_input_blend_0.95,26.32142548419822,0.9466726779937744,0.3413647695182482,0.796911644554615,0.9048530907785292,0.20039376819037835,0.06265166789194712,0.04086762370111297
kligler,natiCSY04_14,natiCSY04_14,val,docres_appearance,12.555390890181998,0.8861660957336426,0.48669980394516443,0.63098648738679,0.8369038357967805,0.19870912514980313,0.32158376721686793,0.03655766353236133
kligler,natiCSY04_14,natiCSY04_14,val,docres_binarization,8.712734506751694,0.6781013011932373,0.7997708190782207,0.019222259098926258,0.020794686134881217,0.3544581407293272,0.4277001117858546,0.014034726121229127
kligler,natiCSY04_14,natiCSY04_14,val,binary_input_blend_0.75,11.825963970911392,0.7790678143501282,0.8064839749642166,0.027178902272034414,0.029232242235653162,0.3544581407293272,0.32078327307639376,0.031190801644386958
kligler,natiCSY04_14,natiCSY04_14,val,binary_docres_blend_0.75,11.449839009754218,0.7844125628471375,0.8084856299181163,0.02814039580181645,0.030249536233618573,0.3544581407293272,0.3372979042669971,0.035248013381556205
kligler,natiCSY04_14,natiCSY04_14,val,binary_input_blend_0.90,9.842518522987351,0.7194312810897827,0.8030808151752787,0.02292215901143549,0.02471426006821854,0.3544581407293272,0.3849191549929337,0.02232631121737429
kligler,natiCSY04_14,natiCSY04_14,val,binary_docres_blend_0.90,9.707728760693653,0.7217655777931213,0.8033420692556971,0.02362773134842914,0.025462270360840165,0.3544581407293272,0.39157055433027516,0.023290913937483743
kligler,natiCSY04_15,natiCSY04_15,val,input,18.461881649029767,0.9220218062400818,1.358982926191743e-11,0.9999999999698004,1.0,0.0,0.0,0.0
kligler,natiCSY04_15,natiCSY04_15,val,classical_shadow_0.25,22.901332423748176,0.9321220517158508,0.15339070321208143,0.8248389590099242,0.9667502189472412,0.03334531758260572,0.08320350060928332,0.01323586156704712
kligler,natiCSY04_15,natiCSY04_15,val,classical_shadow_0.40,21.44163562676946,0.921844482421875,0.2321148521432704,0.7631338839616997,0.9598345060852234,0.06115219996575929,0.13310657925214264,0.018550447099031562
kligler,natiCSY04_15,natiCSY04_15,val,classical_shadow_0.55,18.28099686388904,0.9040453433990479,0.3639181282601034,0.7159678736565032,0.9530093920816598,0.14994863893168978,0.18299181915532872,0.021597174686180925
kligler,natiCSY04_15,natiCSY04_15,val,classical_shadow_0.70,15.503718425176562,0.8821556568145752,0.4280302771456073,0.6812520378071677,0.9464862742729442,0.17811676082862524,0.23283926671164962,0.022235377742579405
kligler,natiCSY04_15,natiCSY04_15,val,docres_deshadow,27.424895560730608,0.9491471648216248,0.28359959858102085,0.7799989560838249,0.9026062271615377,0.14589625064201336,0.045396604798399416,0.034240393762281454
kligler,natiCSY04_15,natiCSY04_15,val,docres_classical040_blend_0.70,29.44592812386976,0.9486187100410461,0.27218149932033286,0.8124428418172391,0.9389967686407151,0.14015065913370997,0.07163055614301883,0.03162982757862159
kligler,natiCSY04_15,natiCSY04_15,val,docres_input_blend_0.70,24.36572760435424,0.9484446048736572,0.2463993683579935,0.8172203824159486,0.9241083562347114,0.1341688067111796,0.03161899486725019,0.02888689297848453
kligler,natiCSY04_15,natiCSY04_15,val,docres_classical040_blend_0.80,29.413465687754794,0.9500588774681091,0.27453996966825,0.8046166313542829,0.9295140881224897,0.14184728642355762,0.06303891691927585,0.03259100097734882
kligler,natiCSY04_15,natiCSY04_15,val,docres_input_blend_0.80,25.417396203748023,0.9493935108184814,0.261193685110528,0.8010418594600036,0.9148370730528795,0.13845916795069338,0.03615616450312364,0.03123481352597789
kligler,natiCSY04_15,natiCSY04_15,val,docres_classical040_blend_0.85,29.10564840889648,0.9490979909896851,0.27698778275775765,0.7996911883803174,0.9228097725968653,0.14354391371340525,0.05836603992735597,0.033264146407588034
kligler,natiCSY04_15,natiCSY04_15,val,docres_input_blend_0.85,25.932176288071638,0.9494950771331787,0.26812920656967615,0.7951309382604256,0.9123607042551264,0.14123608971066598,0.038474267433390066,0.03218722017140946
kligler,natiCSY04_15,natiCSY04_15,val,docres_classical040_blend_0.90,28.629103110121818,0.9503635764122009,0.2792362012287047,0.7930485193295804,0.917132244133724,0.14431261770244821,0.05428646719773347,0.03346805057579046
kligler,natiCSY04_15,natiCSY04_15,val,docres_input_blend_0.90,26.459157616440805,0.9495240449905396,0.2734573477688281,0.7885694801240999,0.9079515598103464,0.14219996575928778,0.040782158574780715,0.03300130772578825
kligler,natiCSY04_15,natiCSY04_15,val,docres_classical040_blend_0.95,28.070946599338388,0.9482516050338745,0.28203653947809476,0.7856471816078902,0.9091897442092229,0.14529703817839412,0.04949321060387866,0.03413908130283283
kligler,natiCSY04_15,natiCSY04_15,val,docres_input_blend_0.95,26.9763862613119,0.9493593573570251,0.2799245018361677,0.7830667084697024,0.9046900009059886,0.1447748673172402,0.04321111413235053,0.03374201279558886
kligler,natiCSY04_15,natiCSY04_15,val,docres_appearance,12.585915215730124,0.8804551959037781,0.44930008659611553,0.605673571115839,0.8291909521940024,0.1409878445471666,0.2919022528374473,0.05144224841846087
kligler,natiCSY04_15,natiCSY04_15,val,docres_binarization,8.804389782345499,0.673399806022644,0.8068473671138243,0.027446721867043663,0.03053181529912723,0.2898784454716658,0.38822453179183,0.03199731992332329
kligler,natiCSY04_15,natiCSY04_15,val,binary_input_blend_0.75,11.733972851158292,0.7747915387153625,0.7872076095300972,0.0377218934900909,0.04158487603056202,0.2898784454716658,0.29118650781661753,0.006970769334396702
kligler,natiCSY04_15,natiCSY04_15,val,binary_docres_blend_0.75,11.499933734085033,0.7786087989807129,0.7841590902641059,0.03880089877681808,0.042762661190469,0.2898784454716658,0.3026304990751651,0.0026991578561233564
kligler,natiCSY04_15,natiCSY04_15,val,binary_input_blend_0.90,9.871204944533154,0.7146635055541992,0.7978930423677286,0.032721119994740575,0.036209343762268593,0.2898784454716658,0.34936011494137126,0.02102924394226964
kligler,natiCSY04_15,natiCSY04_15,val,binary_docres_blend_0.90,9.786123487927703,0.7162887454032898,0.7967717032520605,0.033454406422332404,0.036994533868873254,0.2898784454716658,0.3539855047651658,0.01971031023685037
kligler,natiCSY06_02,natiCSY06_02,val,input,17.575625845416752,0.9112168550491333,3.5394087660733934e-11,0.9999999999213465,1.0,0.0,0.0,0.0
kligler,natiCSY06_02,natiCSY06_02,val,classical_shadow_0.25,19.84889758896866,0.912106454372406,0.1883360362131242,0.7577038450533335,0.8741544753814693,0.011979989468141126,0.10851923440957921,0.03985847209191914
kligler,natiCSY06_02,natiCSY06_02,val,classical_shadow_0.40,16.803829247381678,0.8790231347084045,0.3033621923686206,0.606640469240467,0.8378165801478685,0.019852553975776725,0.1737153920019825,0.06168615458376836
kligler,natiCSY06_02,natiCSY06_02,val,classical_shadow_0.55,13.71607374214058,0.8396863341331482,0.4077507917925101,0.5046578549234425,0.813827277017461,0.040802176584167106,0.23893158766051625,0.08078669143280931
kligler,natiCSY06_02,natiCSY06_02,val,classical_shadow_0.70,11.236755032909151,0.7994843125343323,0.5862260956447964,0.4354873661667105,0.7903098946043732,0.17481832543443918,0.3041768182084138,0.09562847497562826
kligler,natiCSY06_02,natiCSY06_02,val,docres_deshadow,23.99885793626611,0.9279639720916748,0.36607708270303707,0.7249967737304815,0.8837501966336322,0.17687028260487977,0.09719117388925033,0.04429813120195648
kligler,natiCSY06_02,natiCSY06_02,val,docres_classical040_blend_0.70,22.353844809965175,0.9233658909797668,0.3463220999504012,0.747903044663635,0.8906717004876514,0.15249078462348606,0.1202849659435479,0.05378949841355286
kligler,natiCSY06_02,natiCSY06_02,val,docres_input_blend_0.70,24.3545413984846,0.9373430013656616,0.2895832999630439,0.7797327244120789,0.9132452414661003,0.14076707038792347,0.06803118944611374,0.037472466303517325
kligler,natiCSY06_02,natiCSY06_02,val,docres_classical040_blend_0.80,23.10177644663147,0.9260620474815369,0.3524989799265925,0.7428006589296342,0.8865817209375492,0.1611304195190451,0.11260412256880986,0.05097867983059808
kligler,natiCSY06_02,natiCSY06_02,val,docres_input_blend_0.80,24.743688102401737,0.9350874423980713,0.314281011312342,0.7608885309200129,0.8917728488280635,0.15131823766894856,0.07791635088298966,0.04032678700700557
kligler,natiCSY06_02,natiCSY06_02,val,docres_classical040_blend_0.85,23.41674627970822,0.9267006516456604,0.3529155439921785,0.7443461159787383,0.8931099575271354,0.16469369843777426,0.10866924800462578,0.049516497571643746
kligler,natiCSY06_02,natiCSY06_02,val,docres_input_blend_0.85,24.749824453923047,0.9335741400718689,0.32616631388182005,0.7533549282241452,0.8963347490954853,0.1571370896963314,0.08284398737553648,0.041502244893565694
kligler,natiCSY06_02,natiCSY06_02,val,docres_classical040_blend_0.90,23.675413366025037,0.9274532794952393,0.35381738402009777,0.7447868851970632,0.8933459178857952,0.16828506231349832,0.1046345135210483,0.048054357728097574
kligler,natiCSY06_02,natiCSY06_02,val,docres_input_blend_0.90,24.6183642956704,0.9318273663520813,0.3387969124361279,0.7453497510646221,0.8950762938493,0.1635860979462875,0.08770145966057133,0.042562697674486435
kligler,natiCSY06_02,natiCSY06_02,val,docres_classical040_blend_0.95,23.867873666428913,0.9278667569160461,0.36002518879637396,0.7369927158729843,0.891300928110744,0.1735474811304195,0.10082003255927616,0.04632736130847823
kligler,natiCSY06_02,natiCSY06_02,val,docres_input_blend_0.95,24.36035943285132,0.9299569725990295,0.3517318553868661,0.7367699836387099,0.8880761365423943,0.17009303142004564,0.09257676727001143,0.04359101616039224
kligler,natiCSY06_02,natiCSY06_02,val,docres_appearance,14.674290954876462,0.8852040767669678,0.5225387109340367,0.4892165608181132,0.7332861412616014,0.15197823415832895,0.22554128591931777,0.08415235796021928
kligler,natiCSY06_02,natiCSY06_02,val,docres_binarization,8.024953105447125,0.5957550406455994,0.8799105445490154,0.11539729640076316,0.1927009595721252,0.3190398455327365,0.2729318974210714,0.21973221321559794
kligler,natiCSY06_02,natiCSY06_02,val,binary_input_blend_0.75,10.668570393911521,0.7002260088920593,0.8014890878641904,0.1576578779945381,0.25350007865345286,0.3190398455327365,0.20469424912320555,0.15092905552075034
kligler,natiCSY06_02,natiCSY06_02,val,binary_docres_blend_0.75,10.489045516933643,0.7252687215805054,0.8065990387053196,0.15685028593006256,0.2523989303130407,0.3190398455327365,0.22909549917913458,0.14257244617032286
kligler,natiCSY06_02,natiCSY06_02,val,binary_input_blend_0.90,9.001830264466742,0.6375989317893982,0.8471413218676987,0.14685653394619508,0.23847726915211578,0.3190398455327365,0.24550194632882114,0.19170997268659692
kligler,natiCSY06_02,natiCSY06_02,val,binary_docres_blend_0.90,8.932479688784333,0.6495532989501953,0.8474746226957107,0.1458645888716128,0.2370615070001573,0.3190398455327365,0.2553648807249774,0.18852281281322752
kligler,natiCSY06_04,natiCSY06_04,val,input,14.067808976523642,0.8606250286102295,3.80485642992312e-11,0.9999999999154476,1.0,0.0,0.0,0.0
kligler,natiCSY06_04,natiCSY06_04,val,classical_shadow_0.25,18.02389717527889,0.9007228016853333,0.21683205960703894,0.7132433920213902,0.8761308869535808,0.013723012111637704,0.12204912114046954,0.04208154241473171
kligler,natiCSY06_04,natiCSY06_04,val,classical_shadow_0.40,17.066663766883956,0.8720733523368835,0.33689533448820685,0.559160412991076,0.8379132493447197,0.021588555380024573,0.1952914192884456,0.0646873287313137
kligler,natiCSY06_04,natiCSY06_04,val,classical_shadow_0.55,14.320036103571885,0.8324173092842102,0.43225422274298664,0.4436700973626404,0.8128012175530566,0.03159733192908548,0.2685717284983153,0.0838473910451489
kligler,natiCSY06_04,natiCSY06_04,val,classical_shadow_0.70,11.688079575572266,0.7894886136054993,0.6843225262609114,0.38707828363957264,0.7993574025534793,0.34287870809197823,0.34174782049031655,0.09751292316453179
kligler,natiCSY06_04,natiCSY06_04,val,docres_deshadow,24.496801688051193,0.923534631729126,0.482731859562899,0.6857455575144382,0.9005665003804854,0.2679375109706863,0.176025875331702,0.03484501718619229
kligler,natiCSY06_04,natiCSY06_04,val,docres_classical040_blend_0.70,22.95582554751015,0.9199227094650269,0.49315252616421074,0.6882862915919244,0.8927876891857613,0.2496787783043707,0.181748612100624,0.050838557059927465
kligler,natiCSY06_04,natiCSY06_04,val,docres_input_blend_0.70,24.146664244417053,0.9349423050880432,0.4291704395966887,0.7355655864221811,0.9231419633043038,0.2395541513077058,0.12318956313436381,0.035574961542031464
kligler,natiCSY06_04,natiCSY06_04,val,docres_classical040_blend_0.80,23.72299074003007,0.9225780963897705,0.4857111617999713,0.6974449453899598,0.9024266508835714,0.25527646129541864,0.17986782861292666,0.046023759633804284
kligler,natiCSY06_04,natiCSY06_04,val,docres_input_blend_0.80,25.59140910382796,0.9328901171684265,0.4523153343650857,0.7163951793989938,0.914771286040416,0.24647709320695102,0.14079594007165797,0.0364961597650311
kligler,natiCSY06_04,natiCSY06_04,val,docres_classical040_blend_0.85,24.03127605956406,0.9232770800590515,0.4852388992521748,0.6941712796682402,0.901242918745244,0.257895383535194,0.17891698072945167,0.043415304685170304
kligler,natiCSY06_04,natiCSY06_04,val,docres_input_blend_0.85,25.872982400974575,0.9310720562934875,0.4626109963314122,0.7092203255315876,0.9098672528959161,0.25164648060382655,0.149588087297408,0.03654151316943913
kligler,natiCSY06_04,natiCSY06_04,val,docres_classical040_blend_0.90,24.27165574347164,0.9235812425613403,0.48313331793418246,0.6943308006562549,0.9040331444998732,0.261525364226786,0.1779362237434908,0.04067948122016788
kligler,natiCSY06_04,natiCSY06_04,val,docres_input_blend_0.90,25.750136618011968,0.9288358092308044,0.471020598545594,0.6979730169655235,0.9054705335249852,0.25690012287168684,0.1584310903227361,0.036226700084975284
kligler,natiCSY06_04,natiCSY06_04,val,docres_classical040_blend_0.95,24.430740667678762,0.9238145351409912,0.48169227893971756,0.6929603004537944,0.9047095628646318,0.26441811479726174,0.17704670844992376,0.037842884606592554
kligler,natiCSY06_04,natiCSY06_04,val,docres_input_blend_0.95,25.25369191864413,0.9262987971305847,0.47570609129496727,0.6948656210909829,0.9028494123615456,0.2626294540986484,0.1671019353151125,0.035924744433107655
kligler,natiCSY06_04,natiCSY06_04,val,docres_appearance,14.985972975891428,0.8794482350349426,0.6321591721155407,0.4629432435063921,0.7351822101970068,0.2373477268737932,0.2743948208035189,0.08855984136603991
kligler,natiCSY06_04,natiCSY06_04,val,docres_binarization,7.5586964175139,0.6141811609268188,0.8836360308793135,0.06593281887959981,0.09824976748118712,0.44331051430577495,0.3734009162028863,0.18884299895855575
kligler,natiCSY06_04,natiCSY06_04,val,binary_input_blend_0.75,10.264119380128097,0.7089002132415771,0.838498633300558,0.08325645755977534,0.12209351483892787,0.44331051430577495,0.28009502765473404,0.12660673200409478
kligler,natiCSY06_04,natiCSY06_04,val,binary_docres_blend_0.75,9.926577548897223,0.7423298358917236,0.8332977424486526,0.08351115980832163,0.12243172402130718,0.44331051430577495,0.32407445267030804,0.1181296072706622
kligler,natiCSY06_04,natiCSY06_04,val,binary_input_blend_0.90,8.565732986383438,0.6522733569145203,0.8640635668184894,0.07555809959498809,0.11160903018516953,0.44331051430577495,0.33612548055908337,0.16344118606039024
kligler,natiCSY06_04,natiCSY06_04,val,binary_docres_blend_0.90,8.431696841648943,0.6673147082328796,0.8602073366587871,0.07976094701300075,0.11735858628561766,0.44331051430577495,0.35370829504348694,0.16016627135772896
kligler,natiCSY06_11,natiCSY06_11,val,input,21.86962450530239,0.9463883638381958,2.9976021664879227e-11,0.9999999999333866,1.0,0.0,0.0,0.0
kligler,natiCSY06_11,natiCSY06_11,val,classical_shadow_0.25,20.130189682442527,0.9186164140701294,0.17716848448180078,0.7738187914980647,0.8607780442312817,0.015924170616113745,0.09606436824334791,0.035061704570794945
kligler,natiCSY06_11,natiCSY06_11,val,classical_shadow_0.40,16.24181633813195,0.8799001574516296,0.29023790792276627,0.6239152371027288,0.8237410071942446,0.027179217131823766,0.1537818597335371,0.053846339322926005
kligler,natiCSY06_11,natiCSY06_11,val,classical_shadow_0.55,13.28714203690198,0.8385283946990967,0.4001138333046627,0.5012061449701127,0.788902211564082,0.04908899420747762,0.21150359150154704,0.06994361288852834
kligler,natiCSY06_11,natiCSY06_11,val,classical_shadow_0.70,11.014693383653121,0.7990309000015259,0.5220709441115378,0.44688377098516346,0.7742472688515853,0.12399508513252588,0.26922826255304644,0.08195592653722568
kligler,natiCSY06_11,natiCSY06_11,val,docres_deshadow,26.003244631967096,0.941313624382019,0.20106848934737567,0.8052395933685116,0.8865574207300826,0.07789889415481832,0.053986962522414576,0.02322104533236957
kligler,natiCSY06_11,natiCSY06_11,val,docres_classical040_blend_0.70,22.968030666496546,0.9335358738899231,0.2154024729532889,0.8040729482793877,0.8810951239008793,0.07273301737756714,0.08407025369389459,0.03479030137314725
kligler,natiCSY06_11,natiCSY06_11,val,docres_input_blend_0.70,26.968733067635668,0.9489433169364929,0.1660631406298649,0.8377747758296835,0.9088729016786571,0.06642443391258557,0.0377207474178016,0.019248428122527125
kligler,natiCSY06_11,natiCSY06_11,val,docres_classical040_blend_0.80,24.160976849729426,0.9374799132347107,0.20721240620234158,0.811721611672056,0.885691446842526,0.07417061611374408,0.07393106106757259,0.031240151523322778
kligler,natiCSY06_11,natiCSY06_11,val,docres_input_blend_0.80,26.96865046124387,0.9467800855636597,0.17749687570998393,0.8263148271786023,0.903210764721556,0.06957697033526418,0.04333459302625741,0.020712900657646322
kligler,natiCSY06_11,natiCSY06_11,val,docres_classical040_blend_0.85,24.72397531915648,0.9389953017234802,0.20143441130463025,0.8187587721475097,0.8937516653343991,0.07468843250833772,0.06880258271467272,0.02944398862800466
kligler,natiCSY06_11,natiCSY06_11,val,docres_input_blend_0.85,26.83916383828846,0.9455217719078064,0.18260814626904584,0.8221910454543009,0.8978816946442846,0.0713252589081973,0.046129039363682976,0.021362070116351235
kligler,natiCSY06_11,natiCSY06_11,val,docres_classical040_blend_0.90,25.23987420215232,0.9401208162307739,0.19790763491090452,0.8215968185486939,0.8945510258459899,0.07561699139898193,0.06375219155592729,0.027513892060773256
kligler,natiCSY06_11,natiCSY06_11,val,docres_input_blend_0.90,26.62668208730645,0.9441494345664978,0.18732243798079024,0.8194571515206186,0.8949507061017853,0.07334737581183079,0.04883026154116202,0.021997792894621664
kligler,natiCSY06_11,natiCSY06_11,val,docres_classical040_blend_0.95,25.67054882139982,0.9408676624298096,0.20078229148648774,0.810577507549509,0.88822275512923,0.0767403896787783,0.05884570138394128,0.025439166085686627
kligler,natiCSY06_11,natiCSY06_11,val,docres_input_blend_0.95,26.346769006419365,0.9427803158760071,0.19447049575647674,0.8104809326687831,0.8890887290167866,0.07492890995260663,0.05162399198752699,0.0226806811830195
kligler,natiCSY06_11,natiCSY06_11,val,docres_appearance,14.476857354171852,0.891823410987854,0.4130677313384542,0.5258578788506922,0.7206901145750066,0.0684623486045287,0.18656818346085147,0.09435692472066064
kligler,natiCSY06_11,natiCSY06_11,val,docres_binarization,7.814344355077446,0.6124207973480225,0.8756107151559567,0.10474485227843523,0.16366906474820145,0.26756714060031594,0.2634164592991839,0.20457649780208753
kligler,natiCSY06_11,natiCSY06_11,val,binary_input_blend_0.75,10.40948159404433,0.7193747162818909,0.7998428360003115,0.1401725200184767,0.21216360245137222,0.26756714060031594,0.19754105187800944,0.13984008209570367
kligler,natiCSY06_11,natiCSY06_11,val,binary_docres_blend_0.75,10.271126600984042,0.7317493557929993,0.8025105172938312,0.13971493928648096,0.21156408206767918,0.26756714060031594,0.21124699274127767,0.13480573812706087
kligler,natiCSY06_11,natiCSY06_11,val,binary_input_blend_0.90,8.766672298825338,0.6555365324020386,0.8424709002535256,0.13164214294495732,0.20083932853717026,0.26756714060031594,0.2369886111369245,0.17819070020664404
kligler,natiCSY06_11,natiCSY06_11,val,binary_docres_blend_0.90,8.71704882403497,0.6617409586906433,0.843980731227553,0.13075345752232653,0.19964028776978418,0.26756714060031594,0.24262986022915398,0.17627973836823058
kligler,natiCSY06_12,natiCSY06_12,val,input,15.13237955531114,0.8810766339302063,3.935631820439767e-11,0.9999999999125415,1.0,0.0,0.0,0.0
kligler,natiCSY06_12,natiCSY06_12,val,classical_shadow_0.25,19.121105586968802,0.9118291139602661,0.20974159518082078,0.7159173577247259,0.8606786776281267,0.008234158328945059,0.12146675752976278,0.0418059080268287
kligler,natiCSY06_12,natiCSY06_12,val,classical_shadow_0.40,17.264565000096546,0.8851054906845093,0.3135148338779736,0.5942602040437334,0.8149379044953647,0.014167105494119711,0.19438536966480466,0.0650177872293533
kligler,natiCSY06_12,natiCSY06_12,val,classical_shadow_0.55,14.14490902809505,0.8476318120956421,0.5825104434907544,0.4867665216896566,0.7929858317299283,0.2001334035457258,0.2673098879010969,0.08570329117562353
kligler,natiCSY06_12,natiCSY06_12,val,classical_shadow_0.70,11.460680140544309,0.8075094819068909,0.6739744746037136,0.4161481966404945,0.778030435543117,0.2751728980164999,0.34023746932510057,0.10206860515322697
kligler,natiCSY06_12,natiCSY06_12,val,docres_deshadow,23.635968273114813,0.9287118315696716,0.4881562276007696,0.6622328404040658,0.8969739373797446,0.2916587677725119,0.14977336541075967,0.04375276603049227
kligler,natiCSY06_12,natiCSY06_12,val,docres_classical040_blend_0.70,22.13844081310085,0.9248327016830444,0.4886845882521503,0.6883649065774308,0.8961868112646493,0.26892048446550815,0.16322087648469952,0.05526740936352387
kligler,natiCSY06_12,natiCSY06_12,val,docres_input_blend_0.70,23.428628764925325,0.937235951423645,0.4452482585905452,0.7104780036234121,0.9138534196256778,0.2497507460066702,0.1048693602067824,0.03877478355282909
kligler,natiCSY06_12,natiCSY06_12,val,docres_classical040_blend_0.80,22.77822796196442,0.9268845319747925,0.4867590694127014,0.6841302473185138,0.9022214448137135,0.274777953308759,0.1586979524827308,0.05189749952156717
kligler,natiCSY06_12,natiCSY06_12,val,docres_input_blend_0.80,24.274943423132065,0.9357824325561523,0.46254760191372035,0.6892912017710408,0.9023963617281792,0.2636650868878357,0.11987904882858884,0.04129503863208854
kligler,natiCSY06_12,natiCSY06_12,val,docres_classical040_blend_0.85,23.056203556036028,0.9277722835540771,0.48528206745670704,0.68299003317721,0.8989854818960994,0.2790205371248025,0.1563287729696056,0.05016012199768212
kligler,natiCSY06_12,natiCSY06_12,val,docres_input_blend_0.85,24.426868928050688,0.9344747066497803,0.4680714414118303,0.6849559864527794,0.9051075739023964,0.2725399332982271,0.12738947571305162,0.042243075050600716
kligler,natiCSY06_12,natiCSY06_12,val,docres_classical040_blend_0.90,23.296377691440018,0.928449273109436,0.48543351445342975,0.6780333068544784,0.8973237712086759,0.28336843952957697,0.1540358909229832,0.04822357694791951
kligler,natiCSY06_12,natiCSY06_12,val,docres_input_blend_0.90,24.357074674778822,0.9327389597892761,0.47493205995729415,0.6773175541961001,0.900997026412454,0.27764086361242757,0.13486399102382743,0.042965604893347
kligler,natiCSY06_12,natiCSY06_12,val,docres_classical040_blend_0.95,23.48762615165453,0.9286542534828186,0.4907811984343815,0.6612861569820967,0.8957495189784852,0.28746884325083377,0.15185023421339744,0.0460331256516101
kligler,natiCSY06_12,natiCSY06_12,val,docres_input_blend_0.95,24.082686039890536,0.9308988451957703,0.48313514995492157,0.6664719246565094,0.8979359804093056,0.2826979111813235,0.14226700671492043,0.04356785560730432
kligler,natiCSY06_12,natiCSY06_12,val,docres_appearance,14.893840035560553,0.8894296288490295,0.6499995847526981,0.45861237608043864,0.7486443939128914,0.2659417237142356,0.2498297142975147,0.09407211378314936
kligler,natiCSY06_12,natiCSY06_12,val,docres_binarization,8.460015323356497,0.5675462484359741,0.8881525794586128,0.13808888040539344,0.25327969214623053,0.3975162366157627,0.26312054848268956,0.2504876260683997
kligler,natiCSY06_12,natiCSY06_12,val,binary_input_blend_0.75,11.168321348456223,0.6751912832260132,0.8027584595942687,0.17924901184885134,0.3172992828406507,0.3975162366157627,0.19737382936323553,0.17411830530159608
kligler,natiCSY06_12,natiCSY06_12,val,binary_docres_blend_0.75,10.891313945767536,0.7121551036834717,0.8151418563309516,0.1784197530776089,0.31598740598215846,0.3975162366157627,0.23498139715777486,0.16906364392127615
kligler,natiCSY06_12,natiCSY06_12,val,binary_input_blend_0.90,9.467876253198973,0.610639750957489,0.8508246950032534,0.16806969458848522,0.3003323421374847,0.3975162366157627,0.23676925936251278,0.21958058970511105
kligler,natiCSY06_12,natiCSY06_12,val,binary_docres_blend_0.90,9.355569066861424,0.6276525855064392,0.8542398048063389,0.16981871630721124,0.3031310127689348,0.3975162366157627,0.2519727617218556,0.21776371190764
kligler,natiCSY06_14,natiCSY06_14,val,input,18.644280083996193,0.9265600442886353,3.126084391347206e-11,0.9999999999305315,1.0,0.0,0.0,0.0
kligler,natiCSY06_14,natiCSY06_14,val,classical_shadow_0.25,19.77843645201481,0.9148162603378296,0.18400889447235522,0.7657336203773771,0.8646752344564085,0.014691943127962086,0.10313366856308959,0.03773935514829498
kligler,natiCSY06_14,natiCSY06_14,val,classical_shadow_0.40,16.51456672291924,0.8785780072212219,0.3014380718405461,0.6091965846821727,0.8227856894755123,0.024693698437774268,0.1650824548179812,0.058083090970928467
kligler,natiCSY06_14,natiCSY06_14,val,classical_shadow_0.55,13.529508853470915,0.8378518223762512,0.39859924279737924,0.4978945083352336,0.7967349774227163,0.03645251886958048,0.22711603974572098,0.07558806130060906
kligler,natiCSY06_14,natiCSY06_14,val,classical_shadow_0.70,11.154186029280758,0.7978110909461975,0.5624604627081617,0.4396375098329536,0.775130253560264,0.15710022819027558,0.28905534732762683,0.08866185657119216
kligler,natiCSY06_14,natiCSY06_14,val,docres_deshadow,26.454497172451692,0.9370557069778442,0.26222642673554836,0.801677174462773,0.9098298020145884,0.12420396700017552,0.08141503440063057,0.027018624138947376
kligler,natiCSY06_14,natiCSY06_14,val,docres_classical040_blend_0.70,23.354040882692026,0.9302507042884827,0.27984712051708444,0.7847162641999806,0.8895449808961445,0.1163629980691592,0.10655686687523874,0.03997282431303501
kligler,natiCSY06_14,natiCSY06_14,val,docres_input_blend_0.70,26.125486582936063,0.9442673921585083,0.21415577278533296,0.8476468349075449,0.9283779089961792,0.10839213621204143,0.05693092683799863,0.024053902577478806
kligler,natiCSY06_14,natiCSY06_14,val,docres_classical040_blend_0.80,24.578179782395043,0.9339683055877686,0.2716000982451734,0.796322489342825,0.8995484543244182,0.11909250482710199,0.0980599971777371,0.03604785791874643
kligler,natiCSY06_14,natiCSY06_14,val,docres_input_blend_0.80,26.835031387851274,0.9426187872886658,0.23248634510883498,0.8293323330314246,0.9215699895797151,0.11431104089871863,0.06503250764936476,0.02560308502418587
kligler,natiCSY06_14,natiCSY06_14,val,docres_classical040_blend_0.85,25.15562362689613,0.9352946877479553,0.2669116897695955,0.80258839551659,0.9003820771101076,0.12017904160084254,0.09387204824004375,0.03391434475866827
kligler,natiCSY06_14,natiCSY06_14,val,docres_input_blend_0.85,26.986883482984553,0.9414306879043579,0.23868629008129663,0.8252118643553582,0.9199722125738103,0.11668948569422503,0.06920418383256409,0.026100783023261943
kligler,natiCSY06_14,natiCSY06_14,val,docres_classical040_blend_0.90,25.683837599392092,0.936159610748291,0.2608081264042101,0.8117647058320888,0.910732893365752,0.12121291908021765,0.08969567057997498,0.031685094527404034
kligler,natiCSY06_14,natiCSY06_14,val,docres_input_blend_0.90,26.973975832669325,0.940107524394989,0.24686204016396462,0.8166274314944475,0.9157346300798889,0.11912585571353344,0.07333921190031215,0.026471406438012823
kligler,natiCSY06_14,natiCSY06_14,val,docres_classical040_blend_0.95,26.126793950200184,0.9367345571517944,0.2621016868032251,0.8052187826447647,0.9089267106634248,0.12259610321221695,0.0856230282880222,0.029341374109905536
kligler,natiCSY06_14,natiCSY06_14,val,docres_input_blend_0.95,26.792985925189,0.9385918974876404,0.2527802669787188,0.8119916193731826,0.9153872872525183,0.12108127084430402,0.07769933952166082,0.026692481739471047
kligler,natiCSY06_14,natiCSY06_14,val,docres_appearance,14.42772263189081,0.8881950974464417,0.47072803609089725,0.5105250184613989,0.7194164640500174,0.11323152536422679,0.21945885519382408,0.08241537826128391
kligler,natiCSY06_14,natiCSY06_14,val,docres_binarization,7.561044475668794,0.6244892477989197,0.8691864337191045,0.08379520901438256,0.12393192080583536,0.34333157802352116,0.31510591401735344,0.1781571296259612
kligler,natiCSY06_14,natiCSY06_14,val,binary_input_blend_0.75,10.206218168587222,0.7260465025901794,0.8170940925259356,0.10694057789637416,0.15477596387634596,0.34333157802352116,0.23631127494002693,0.11782140433882181
kligler,natiCSY06_14,natiCSY06_14,val,binary_docres_blend_0.75,9.986732756891431,0.7391613721847534,0.8198264222793059,0.10630846725323538,0.15394234109065646,0.34333157802352116,0.2568470230289764,0.1127753875721031
kligler,natiCSY06_14,natiCSY06_14,val,binary_input_blend_0.90,8.534207791426851,0.665522038936615,0.8466944842693553,0.10073006632148064,0.14664814171587356,0.34333157802352116,0.2835407696517258,0.1533716901900359
kligler,natiCSY06_14,natiCSY06_14,val,binary_docres_blend_0.90,8.4529922041819,0.6716099977493286,0.8453785751338091,0.10127005347110055,0.1473428273706148,0.34333157802352116,0.29186486867873357,0.15158349865967397
kligler,natiCSY07_08,natiCSY07_08,val,input,13.541415637608642,0.8926418423652649,2.5285173954614493e-11,0.9999999999438107,1.0,0.0,0.0,0.0
kligler,natiCSY07_08,natiCSY07_08,val,classical_shadow_0.25,18.293461183635408,0.9394223690032959,0.10895401562359378,0.8899424840204185,0.9650502893746137,0.007620561738208797,0.09571301405211444,0.02253727678954591
kligler,natiCSY07_08,natiCSY07_08,val,classical_shadow_0.40,21.354553900908932,0.9460606575012207,0.39910521718035585,0.8487566651293788,0.9570152272854976,0.4174280162515457,0.1530922756666702,0.0330146770365136
kligler,natiCSY07_08,natiCSY07_08,val,classical_shadow_0.55,21.23674345344465,0.9418956637382507,0.442659138518383,0.812730848524357,0.9520143844468169,0.42730259671436144,0.21067523578942265,0.040196543397624365
kligler,natiCSY07_08,natiCSY07_08,val,classical_shadow_0.70,18.168157014197025,0.931177020072937,0.4725206943319964,0.7868423511453676,0.9462268921728381,0.4345504327857269,0.26790184648316134,0.04433292057901965
kligler,natiCSY07_08,natiCSY07_08,val,docres_deshadow,28.65749203678005,0.9692125916481018,0.41249342589135735,0.8076352486990587,0.9176827555205933,0.42164988517929697,0.13040254094925383,0.039613785710386984
kligler,natiCSY07_08,natiCSY07_08,val,docres_classical040_blend_0.70,28.013527418029117,0.9675873517990112,0.40841816480679527,0.826689860793902,0.9345957183795022,0.4215191662250486,0.13724787763542093,0.042549085183137984
kligler,natiCSY07_08,natiCSY07_08,val,docres_input_blend_0.70,21.53023073003336,0.9617053270339966,0.3816830368019414,0.8412754560189359,0.9354385570601786,0.4199028440204911,0.09165066796900706,0.03932787470476614
kligler,natiCSY07_08,natiCSY07_08,val,docres_classical040_blend_0.80,28.665018682619827,0.9691894054412842,0.40998046887792644,0.8205051858061384,0.9290329830870372,0.42170111287758344,0.13512996041023728,0.04192636387765636
kligler,natiCSY07_08,natiCSY07_08,val,docres_input_blend_0.80,23.50683133370168,0.9654533267021179,0.3936918169290461,0.8277439790422976,0.9250435466651683,0.4219678502031443,0.1044353973350513,0.04067074760676572
kligler,natiCSY07_08,natiCSY07_08,val,docres_classical040_blend_0.85,28.850130749660686,0.968551516532898,0.4114160220955808,0.8157256667417623,0.9262797100634939,0.42233704292527824,0.13396242609391407,0.041512669486346944
kligler,natiCSY07_08,natiCSY07_08,val,docres_input_blend_0.85,24.649935183308806,0.9667436480522156,0.3999363625082016,0.8199302441046372,0.9246502219475192,0.42146263910969795,0.11095337552084966,0.040872703578247356
kligler,natiCSY07_08,natiCSY07_08,val,docres_classical040_blend_0.90,28.88508091098551,0.96868497133255,0.4130047460716255,0.8103465297260171,0.9224026521323818,0.4217682388270624,0.13235979924561245,0.04119460791681367
kligler,natiCSY07_08,natiCSY07_08,val,docres_input_blend_0.90,25.899998953982397,0.967721700668335,0.40462600486771155,0.8151147768649948,0.921784570433219,0.4220367426249779,0.11740972113982502,0.04077294333504863
kligler,natiCSY07_08,natiCSY07_08,val,docres_classical040_blend_0.95,28.759260833287005,0.9695141911506653,0.4126913123254283,0.8091308858733568,0.9201550823172445,0.42240946829182124,0.13115435158341732,0.040564117225119725
kligler,natiCSY07_08,natiCSY07_08,val,docres_input_blend_0.95,27.215897915931727,0.9686458706855774,0.40914534742427355,0.8101510274419336,0.9193122436365679,0.4224024024024024,0.12364653234549434,0.04042449472490989
kligler,natiCSY07_08,natiCSY07_08,val,docres_appearance,13.434218922866418,0.919090986251831,0.5519787600219433,0.5972179151819776,0.7574872169466764,0.41728493199081435,0.35678699460706387,0.03454470308972213
kligler,natiCSY07_08,natiCSY07_08,val,docres_binarization,11.586584603279896,0.8055713772773743,0.7013810184927375,0.37827379738592015,0.5218295218295218,0.43157569334039925,0.3421837546889451,0.1193403788606694
kligler,natiCSY07_08,natiCSY07_08,val,binary_input_blend_0.75,15.172060780455109,0.8528311848640442,0.6195100040960575,0.4998890909675751,0.6331404169242008,0.43157569334039925,0.2565294013736921,0.07410015838577712
kligler,natiCSY07_08,natiCSY07_08,val,binary_docres_blend_0.75,14.27984969222389,0.8515163064002991,0.6192878385026236,0.5038483783198893,0.6363432039107715,0.4315739268680445,0.2893181278163978,0.07669934791095627
kligler,natiCSY07_08,natiCSY07_08,val,binary_input_blend_0.90,12.914864850117446,0.8247553706169128,0.6490321860067325,0.46954292663931424,0.6072371748047424,0.43157569334039925,0.3078021481689302,0.10054417165737332
kligler,natiCSY07_08,natiCSY07_08,val,binary_docres_blend_0.90,12.579341790664774,0.8235058188438416,0.6466201483594433,0.4769183735652304,0.6135865595325055,0.43157569334039925,0.3206898178455273,0.10205569410632838
kligler,natiCSY07_13,natiCSY07_13,val,input,11.871266260606838,0.8556099534034729,2.551019395724552e-11,0.9999999999433107,1.0,0.0,0.0,0.0
kligler,natiCSY07_13,natiCSY07_13,val,classical_shadow_0.25,16.493004667494304,0.9241878390312195,0.12115470198971931,0.8704397351905978,0.9616780045351474,0.007390920332096803,0.10755922011977379,0.02072995740913666
kligler,natiCSY07_13,natiCSY07_13,val,classical_shadow_0.40,20.24318859225457,0.9370014071464539,0.4134592139245161,0.828727918640643,0.9520975056689343,0.4967514573396926,0.17215877469164667,0.02920544572691137
kligler,natiCSY07_13,natiCSY07_13,val,classical_shadow_0.55,22.280550288491078,0.9359788298606873,0.45511219683024656,0.7998943779922274,0.9445011337868481,0.5014785373608903,0.23657266262802593,0.03405933645923085
kligler,natiCSY07_13,natiCSY07_13,val,classical_shadow_0.70,19.27137740895174,0.9263973832130432,0.4726023255400813,0.7737250139747,0.9391723356009071,0.5079526585408939,0.3014418432273104,0.034630969714493816
kligler,natiCSY07_13,natiCSY07_13,val,docres_deshadow,24.716225044693076,0.9660034775733948,0.42300607914518157,0.8018783541640887,0.914795918367347,0.4931690514043455,0.16007115073551056,0.033038130374695426
kligler,natiCSY07_13,natiCSY07_13,val,docres_classical040_blend_0.70,24.51677158661751,0.9644443392753601,0.4195774579834886,0.819019168492954,0.9325396825396826,0.494640522875817,0.16377795096134198,0.037708172367968466
kligler,natiCSY07_13,natiCSY07_13,val,docres_input_blend_0.70,19.027664919653905,0.9535703659057617,0.39278555830640766,0.8326820603485063,0.9301587301587302,0.49190425719837483,0.11264592620301962,0.037390191636712734
kligler,natiCSY07_13,natiCSY07_13,val,docres_classical040_blend_0.80,24.783488416912917,0.9650596380233765,0.42049203979441446,0.8145068949661718,0.9274943310657596,0.4945945945945946,0.16248505945391764,0.036710197912707895
kligler,natiCSY07_13,natiCSY07_13,val,docres_input_blend_0.80,20.667490889625498,0.9593623876571655,0.4047208209222586,0.8200130606912135,0.9253968253968254,0.49266384031089916,0.12818505702934765,0.03742112570260931
kligler,natiCSY07_13,natiCSY07_13,val,docres_classical040_blend_0.85,24.83827803449302,0.9661670923233032,0.42030250620145027,0.813435068780499,0.9246598639455782,0.49393570040628865,0.16191867992560036,0.03596802530405774
kligler,natiCSY07_13,natiCSY07_13,val,docres_input_blend_0.85,21.581888091320476,0.9615839719772339,0.40975006086506044,0.8151601744214588,0.9217687074829932,0.49364069952305245,0.13612637551045859,0.036869315250889156
kligler,natiCSY07_13,natiCSY07_13,val,docres_classical040_blend_0.90,24.871719170604095,0.9659446477890015,0.42039376495385494,0.8115942028581307,0.9238095238095239,0.4933245009715598,0.16157322027910268,0.034969780213954464
kligler,natiCSY07_13,natiCSY07_13,val,docres_input_blend_0.90,22.570563881574813,0.963365912437439,0.41447203343901085,0.8105121023799504,0.9187641723356009,0.4931725843490549,0.14407460055210922,0.03595439881524145
kligler,natiCSY07_13,natiCSY07_13,val,docres_classical040_blend_0.95,24.750238113673152,0.9663045406341553,0.42306615449815543,0.8036318407560382,0.915702947845805,0.49393746687864337,0.1602511438774414,0.03433337547899348
kligler,natiCSY07_13,natiCSY07_13,val,docres_input_blend_0.95,23.602475407560494,0.964885413646698,0.41968499558635974,0.804288343823477,0.9164965986394558,0.4938279455926515,0.15202173107363415,0.034676763129117875
kligler,natiCSY07_13,natiCSY07_13,val,docres_appearance,13.418275387819264,0.9215729832649231,0.5509310236188393,0.6077551386496833,0.7676870748299319,0.4888270623564741,0.4116986813803423,0.04070139335199463
kligler,natiCSY07_13,natiCSY07_13,val,docres_binarization,11.578438030517965,0.8059125542640686,0.7116707452999343,0.3706442256476717,0.5143424036281179,0.5014290761349585,0.39413840137715567,0.13076774473564443
kligler,natiCSY07_13,natiCSY07_13,val,binary_input_blend_0.75,15.594046241034203,0.8541139960289001,0.6279325612655249,0.49086301184959036,0.6258503401360545,0.5014290761349585,0.29557078185451885,0.08136819432973422
kligler,natiCSY07_13,natiCSY07_13,val,binary_docres_blend_0.75,14.455824399606342,0.852348268032074,0.6302840709489977,0.4933671652202027,0.6282879818594105,0.5014273096626037,0.3359608189504383,0.08716549216348153
kligler,natiCSY07_13,natiCSY07_13,val,binary_input_blend_0.90,13.046089017726734,0.8257664442062378,0.6592339565885668,0.4601488703930636,0.5992630385487528,0.5014290761349585,0.3551159671782509,0.11050158044240896
kligler,natiCSY07_13,natiCSY07_13,val,binary_docres_blend_0.90,12.609736353183472,0.8239002823829651,0.6588467387024087,0.4648502314005392,0.603514739229025,0.5014290761349585,0.37126135131671467,0.11338223805441897
